/*******************************************************************************
 * Size: 36 px
 * Bpp: 2
 * Opts: --size 36 --bpp 2 --format lvgl --no-compress --font C:\Windows\Fonts\Roboto_Bold.ttf -r 0x20-0xFF,0x152-0x153,0x2000-0x206F -o targets\waveshare_p4\main\assets\aurora_font_36.c --lv-font-name aurora_font_36 --lv-include lvgl.h
 ******************************************************************************/

#ifdef LV_LVGL_H_INCLUDE_SIMPLE
#include "lvgl.h"
#else
#include "lvgl.h"
#endif

#ifndef AURORA_FONT_36
#define AURORA_FONT_36 1
#endif

#if AURORA_FONT_36

/*-----------------
 *    BITMAPS
 *----------------*/

/*Store the image of the glyphs*/
static LV_ATTRIBUTE_LARGE_CONST const uint8_t glyph_bitmap[] = {
    /* U+0020 " " */

    /* U+0021 "!" */
    0xbf, 0xeb, 0xfe, 0xbf, 0xeb, 0xfe, 0xbf, 0xeb,
    0xfe, 0x7f, 0xe7, 0xfd, 0x7f, 0xd7, 0xfd, 0x7f,
    0xd7, 0xfd, 0x7f, 0xd7, 0xfd, 0x3f, 0xc3, 0xfc,
    0x3f, 0xc3, 0xfc, 0x15, 0x40, 0x0, 0x5, 0x3,
    0xfd, 0xbf, 0xef, 0xff, 0x7f, 0xe2, 0xf8,

    /* U+0022 "\"" */
    0xfe, 0xf, 0xdf, 0xe0, 0xfd, 0xfe, 0xf, 0xdf,
    0xe0, 0xfd, 0xfd, 0xf, 0xcf, 0xd0, 0xfc, 0xfd,
    0xf, 0xcf, 0xc0, 0xfc, 0xfc, 0xf, 0xcf, 0xc0,
    0xf8,

    /* U+0023 "#" */
    0x0, 0x3, 0xf4, 0xf, 0xc0, 0x0, 0x3, 0xf4,
    0x1f, 0xc0, 0x0, 0x3, 0xf0, 0x2f, 0x80, 0x0,
    0x7, 0xf0, 0x2f, 0x80, 0x0, 0x7, 0xe0, 0x3f,
    0x40, 0x0, 0xb, 0xe0, 0x3f, 0x0, 0x0, 0xf,
    0xd0, 0x3f, 0x0, 0x2f, 0xff, 0xff, 0xff, 0xff,
    0x2f, 0xff, 0xff, 0xff, 0xff, 0x2f, 0xff, 0xff,
    0xff, 0xff, 0x0, 0x2f, 0x80, 0xfd, 0x0, 0x0,
    0x2f, 0x40, 0xfc, 0x0, 0x0, 0x3f, 0x41, 0xfc,
    0x0, 0x0, 0x3f, 0x1, 0xf8, 0x0, 0x0, 0x7f,
    0x2, 0xf8, 0x0, 0xff, 0xff, 0xff, 0xff, 0xf4,
    0xff, 0xff, 0xff, 0xff, 0xf4, 0xff, 0xff, 0xff,
    0xff, 0xf4, 0x0, 0xfd, 0x7, 0xf0, 0x0, 0x0,
    0xfc, 0xb, 0xe0, 0x0, 0x1, 0xfc, 0xb, 0xe0,
    0x0, 0x1, 0xfc, 0xf, 0xd0, 0x0, 0x2, 0xf8,
    0xf, 0xc0, 0x0, 0x3, 0xf4, 0xf, 0xc0, 0x0,
    0x3, 0xf4, 0x1f, 0xc0, 0x0, 0x3, 0xf0, 0x1f,
    0xc0, 0x0,

    /* U+0024 "$" */
    0x0, 0x0, 0x7d, 0x0, 0x0, 0x0, 0x7, 0xd0,
    0x0, 0x0, 0x0, 0x7d, 0x0, 0x0, 0x0, 0xb,
    0xd0, 0x0, 0x0, 0x1b, 0xff, 0xd0, 0x0, 0xb,
    0xff, 0xff, 0xc0, 0x2, 0xff, 0xff, 0xff, 0x0,
    0x7f, 0xff, 0xff, 0xf8, 0xf, 0xff, 0x42, 0xff,
    0xc0, 0xff, 0xc0, 0xf, 0xfe, 0x1f, 0xfc, 0x0,
    0x7f, 0xf1, 0xff, 0x80, 0x3, 0xff, 0x1f, 0xfc,
    0x0, 0x15, 0x50, 0xff, 0xd0, 0x0, 0x0, 0xf,
    0xff, 0x80, 0x0, 0x0, 0x7f, 0xff, 0x80, 0x0,
    0x2, 0xff, 0xff, 0x80, 0x0, 0x7, 0xff, 0xff,
    0x80, 0x0, 0xb, 0xff, 0xfe, 0x0, 0x0, 0xb,
    0xff, 0xf8, 0x0, 0x0, 0xb, 0xff, 0xc0, 0x0,
    0x0, 0xf, 0xfe, 0x15, 0x40, 0x0, 0x7f, 0xf7,
    0xff, 0x0, 0x3, 0xff, 0x3f, 0xf0, 0x0, 0x3f,
    0xf3, 0xff, 0x40, 0x7, 0xff, 0x2f, 0xfd, 0x1,
    0xff, 0xe0, 0xff, 0xff, 0xff, 0xfc, 0xb, 0xff,
    0xff, 0xff, 0x80, 0x2f, 0xff, 0xff, 0xe0, 0x0,
    0x2f, 0xff, 0xf4, 0x0, 0x0, 0x1f, 0xd0, 0x0,
    0x0, 0x0, 0xfc, 0x0, 0x0, 0x0, 0xf, 0xc0,
    0x0, 0x0, 0x0, 0xfc, 0x0, 0x0,

    /* U+0025 "%" */
    0x1, 0xff, 0x80, 0x0, 0x0, 0x0, 0x3, 0xff,
    0xfd, 0x0, 0x0, 0x0, 0x2, 0xff, 0xff, 0xc0,
    0x0, 0x0, 0x0, 0xfe, 0x7, 0xf8, 0x0, 0xe0,
    0x0, 0x7f, 0x0, 0xbe, 0x0, 0xfd, 0x0, 0x1f,
    0xc0, 0x2f, 0xc0, 0x7f, 0x0, 0x7, 0xf0, 0xb,
    0xe0, 0x3f, 0x0, 0x0, 0xfe, 0x7, 0xf8, 0x2f,
    0x40, 0x0, 0x2f, 0xff, 0xfc, 0x1f, 0xc0, 0x0,
    0x3, 0xff, 0xfd, 0xf, 0xc0, 0x0, 0x0, 0x1f,
    0xf8, 0xb, 0xe0, 0x0, 0x0, 0x0, 0x0, 0x7,
    0xf0, 0x0, 0x0, 0x0, 0x0, 0x3, 0xf4, 0x0,
    0x0, 0x0, 0x0, 0x2, 0xf8, 0x0, 0x0, 0x0,
    0x0, 0x0, 0xfc, 0x1b, 0xf9, 0x0, 0x0, 0x0,
    0xfd, 0x2f, 0xff, 0xe0, 0x0, 0x0, 0xbf, 0x1f,
    0xff, 0xfd, 0x0, 0x0, 0x3f, 0xf, 0xf4, 0x7f,
    0x80, 0x0, 0x3f, 0x83, 0xf4, 0xb, 0xf0, 0x0,
    0x1f, 0xc0, 0xfd, 0x1, 0xfc, 0x0, 0xf, 0xd0,
    0x3f, 0x40, 0x7f, 0x0, 0xb, 0xe0, 0xf, 0xd0,
    0x1f, 0xc0, 0x2, 0xf0, 0x3, 0xfd, 0x1f, 0xe0,
    0x0, 0x14, 0x0, 0x7f, 0xff, 0xf4, 0x0, 0x0,
    0x0, 0xb, 0xff, 0xf8, 0x0, 0x0, 0x0, 0x0,
    0x6f, 0xe4, 0x0,

    /* U+0026 "&" */
    0x0, 0x7, 0xfe, 0x40, 0x0, 0x0, 0x1, 0xff,
    0xff, 0xc0, 0x0, 0x0, 0xf, 0xff, 0xff, 0xc0,
    0x0, 0x0, 0xff, 0xff, 0xff, 0x40, 0x0, 0x3,
    0xff, 0x5b, 0xff, 0x0, 0x0, 0x1f, 0xf4, 0xb,
    0xfc, 0x0, 0x0, 0xbf, 0xc0, 0x1f, 0xf0, 0x0,
    0x1, 0xff, 0x0, 0xbf, 0x80, 0x0, 0x3, 0xfe,
    0x7, 0xfc, 0x0, 0x0, 0xf, 0xfd, 0xff, 0xe0,
    0x0, 0x0, 0xf, 0xff, 0xfe, 0x0, 0x0, 0x0,
    0x2f, 0xff, 0xd0, 0x0, 0x0, 0x0, 0xbf, 0xfc,
    0x0, 0x0, 0x0, 0xf, 0xff, 0xfc, 0x2, 0xfe,
    0x0, 0xff, 0xff, 0xf8, 0xf, 0xf8, 0xb, 0xfe,
    0x7f, 0xf8, 0x3f, 0xd0, 0x7f, 0xf0, 0x7f, 0xf5,
    0xff, 0x42, 0xff, 0x40, 0xbf, 0xff, 0xfc, 0xb,
    0xfd, 0x0, 0xbf, 0xff, 0xe0, 0x2f, 0xf8, 0x0,
    0xff, 0xff, 0x40, 0xbf, 0xf0, 0x0, 0xff, 0xf8,
    0x0, 0xff, 0xf5, 0x5f, 0xff, 0xe0, 0x2, 0xff,
    0xff, 0xff, 0xff, 0xd0, 0x3, 0xff, 0xff, 0xff,
    0xff, 0xd0, 0x2, 0xff, 0xff, 0xfa, 0xff, 0xc0,
    0x0, 0xbf, 0xf9, 0x3, 0xff, 0xc0,

    /* U+0027 "'" */
    0xff, 0xff, 0xff, 0xff, 0xfe, 0xfe, 0xfe, 0xfd,
    0xfd, 0xfd,

    /* U+0028 "(" */
    0x0, 0x0, 0x0, 0x0, 0x1c, 0x0, 0xb, 0xe0,
    0x2, 0xff, 0x0, 0x7f, 0xc0, 0xf, 0xf0, 0x2,
    0xfd, 0x0, 0x7f, 0xc0, 0xb, 0xf4, 0x0, 0xff,
    0x0, 0x1f, 0xe0, 0x3, 0xfd, 0x0, 0x3f, 0xc0,
    0x7, 0xfc, 0x0, 0x7f, 0xc0, 0xb, 0xf8, 0x0,
    0xbf, 0x80, 0xf, 0xf8, 0x0, 0xff, 0x80, 0xf,
    0xf4, 0x0, 0xff, 0x80, 0xf, 0xf8, 0x0, 0xbf,
    0x80, 0xb, 0xf8, 0x0, 0x7f, 0xc0, 0x3, 0xfc,
    0x0, 0x3f, 0xc0, 0x3, 0xfd, 0x0, 0x1f, 0xe0,
    0x0, 0xff, 0x0, 0xb, 0xf4, 0x0, 0x3f, 0xc0,
    0x2, 0xfd, 0x0, 0xf, 0xf0, 0x0, 0x7f, 0xc0,
    0x2, 0xff, 0x0, 0xb, 0xe0, 0x0, 0x1c, 0x0,
    0x0, 0x0,

    /* U+0029 ")" */
    0x0, 0x0, 0x0, 0xb0, 0x0, 0x3, 0xf4, 0x0,
    0xf, 0xf4, 0x0, 0x1f, 0xf0, 0x0, 0x1f, 0xf0,
    0x0, 0x3f, 0xd0, 0x0, 0x3f, 0xc0, 0x0, 0xff,
    0x40, 0x1, 0xff, 0x0, 0x3, 0xfc, 0x0, 0xf,
    0xf8, 0x0, 0x2f, 0xf0, 0x0, 0x7f, 0xc0, 0x0,
    0xff, 0x40, 0x3, 0xfd, 0x0, 0xf, 0xf8, 0x0,
    0x3f, 0xe0, 0x0, 0xff, 0x80, 0x3, 0xfe, 0x0,
    0xf, 0xf8, 0x0, 0x3f, 0xe0, 0x0, 0xff, 0x80,
    0x3, 0xfd, 0x0, 0xf, 0xf4, 0x0, 0x7f, 0xc0,
    0x2, 0xff, 0x0, 0xf, 0xf8, 0x0, 0x3f, 0xc0,
    0x1, 0xff, 0x0, 0xf, 0xf4, 0x0, 0x3f, 0xc0,
    0x3, 0xfd, 0x0, 0x1f, 0xf0, 0x1, 0xff, 0x0,
    0xf, 0xf4, 0x0, 0x3f, 0x40, 0x0, 0xb0, 0x0,
    0x0, 0x0, 0x0, 0x0,

    /* U+002A "*" */
    0x0, 0x7, 0xf0, 0x0, 0x0, 0x1, 0xfc, 0x0,
    0x0, 0x0, 0x3f, 0x0, 0x0, 0x0, 0xf, 0xc0,
    0x0, 0x28, 0x3, 0xf0, 0x8, 0xf, 0xe4, 0xfc,
    0x6f, 0x47, 0xff, 0xff, 0xff, 0xf0, 0xbf, 0xff,
    0xff, 0xf8, 0x0, 0xbf, 0xff, 0x90, 0x0, 0x7,
    0xff, 0x0, 0x0, 0x3, 0xff, 0xd0, 0x0, 0x3,
    0xf9, 0xfd, 0x0, 0x2, 0xfc, 0x3f, 0xc0, 0x1,
    0xfd, 0x3, 0xfc, 0x0, 0x3f, 0x0, 0xbd, 0x0,
    0x2, 0x0, 0xc, 0x0, 0x0, 0x0, 0x0, 0x0,
    0x0,

    /* U+002B "+" */
    0x0, 0x0, 0x0, 0x0, 0x0, 0x0, 0xbf, 0xc0,
    0x0, 0x0, 0xb, 0xfc, 0x0, 0x0, 0x0, 0xbf,
    0xc0, 0x0, 0x0, 0xb, 0xfc, 0x0, 0x0, 0x0,
    0xbf, 0xc0, 0x0, 0x0, 0xb, 0xfc, 0x0, 0x0,
    0x0, 0xbf, 0xc0, 0x0, 0xff, 0xff, 0xff, 0xff,
    0xef, 0xff, 0xff, 0xff, 0xfe, 0xff, 0xff, 0xff,
    0xff, 0xef, 0xff, 0xff, 0xff, 0xfe, 0xaa, 0xaf,
    0xff, 0xaa, 0x90, 0x0, 0xbf, 0xc0, 0x0, 0x0,
    0xb, 0xfc, 0x0, 0x0, 0x0, 0xbf, 0xc0, 0x0,
    0x0, 0xb, 0xfc, 0x0, 0x0, 0x0, 0xbf, 0xc0,
    0x0, 0x0, 0xb, 0xfc, 0x0, 0x0, 0x0, 0xbf,
    0xc0, 0x0,

    /* U+002C "," */
    0xb, 0xf8, 0x2f, 0xe0, 0xbf, 0x82, 0xfe, 0xb,
    0xf8, 0x2f, 0xd0, 0xff, 0x7, 0xfc, 0x3f, 0xd0,
    0xfe, 0x0, 0xb0, 0x0, 0x0,

    /* U+002D "-" */
    0x0, 0x0, 0x0, 0xff, 0xff, 0xf3, 0xff, 0xff,
    0xcf, 0xff, 0xff, 0x3f, 0xff, 0xfc,

    /* U+002E "." */
    0x6, 0x3, 0xfd, 0xbf, 0xfb, 0xff, 0x7f, 0xe2,
    0xf8,

    /* U+002F "/" */
    0x0, 0x0, 0xf, 0xf0, 0x0, 0x1, 0xfd, 0x0,
    0x0, 0x2f, 0xc0, 0x0, 0x3, 0xfc, 0x0, 0x0,
    0x7f, 0x40, 0x0, 0xb, 0xf0, 0x0, 0x0, 0xff,
    0x0, 0x0, 0x1f, 0xd0, 0x0, 0x2, 0xfc, 0x0,
    0x0, 0x3f, 0xc0, 0x0, 0x7, 0xf4, 0x0, 0x0,
    0xbf, 0x0, 0x0, 0xf, 0xf0, 0x0, 0x1, 0xfe,
    0x0, 0x0, 0x2f, 0xc0, 0x0, 0x3, 0xfc, 0x0,
    0x0, 0x7f, 0x80, 0x0, 0xb, 0xf0, 0x0, 0x0,
    0xff, 0x0, 0x0, 0x1f, 0xe0, 0x0, 0x2, 0xfc,
    0x0, 0x0, 0x3f, 0xc0, 0x0, 0x7, 0xf8, 0x0,
    0x0, 0xbf, 0x0, 0x0, 0xf, 0xf0, 0x0, 0x0,
    0xfe, 0x0, 0x0, 0x2f, 0xc0, 0x0, 0x3, 0xfc,
    0x0, 0x0, 0x2a, 0x40, 0x0, 0x0,

    /* U+0030 "0" */
    0x0, 0xb, 0xff, 0x40, 0x0, 0xb, 0xff, 0xff,
    0x40, 0x3, 0xff, 0xff, 0xfd, 0x0, 0xbf, 0xff,
    0xff, 0xf0, 0xf, 0xff, 0x57, 0xff, 0xc2, 0xff,
    0x80, 0xf, 0xfc, 0x3f, 0xf0, 0x0, 0xbf, 0xd3,
    0xff, 0x0, 0x7, 0xfe, 0x3f, 0xf0, 0x0, 0x3f,
    0xf7, 0xff, 0x0, 0x3, 0xff, 0x7f, 0xf0, 0x0,
    0x3f, 0xf7, 0xff, 0x0, 0x3, 0xff, 0x7f, 0xf0,
    0x0, 0x3f, 0xf7, 0xff, 0x0, 0x3, 0xff, 0x7f,
    0xf0, 0x0, 0x3f, 0xf7, 0xff, 0x0, 0x3, 0xff,
    0x7f, 0xf0, 0x0, 0x3f, 0xf3, 0xff, 0x0, 0x3,
    0xff, 0x3f, 0xf0, 0x0, 0x7f, 0xe3, 0xff, 0x40,
    0xb, 0xfd, 0x2f, 0xf8, 0x0, 0xff, 0xc0, 0xff,
    0xe4, 0x7f, 0xfc, 0xb, 0xff, 0xff, 0xff, 0x0,
    0x3f, 0xff, 0xff, 0xd0, 0x0, 0xbf, 0xff, 0xf4,
    0x0, 0x0, 0xbf, 0xf4, 0x0,

    /* U+0031 "1" */
    0x0, 0x0, 0x1b, 0x0, 0x0, 0xbf, 0xc0, 0x7,
    0xff, 0xf0, 0x6f, 0xff, 0xfc, 0x3f, 0xff, 0xff,
    0xf, 0xff, 0xff, 0xc3, 0xfe, 0x7f, 0xf0, 0xe0,
    0xf, 0xfc, 0x0, 0x3, 0xff, 0x0, 0x0, 0xff,
    0xc0, 0x0, 0x3f, 0xf0, 0x0, 0xf, 0xfc, 0x0,
    0x3, 0xff, 0x0, 0x0, 0xff, 0xc0, 0x0, 0x3f,
    0xf0, 0x0, 0xf, 0xfc, 0x0, 0x3, 0xff, 0x0,
    0x0, 0xff, 0xc0, 0x0, 0x3f, 0xf0, 0x0, 0xf,
    0xfc, 0x0, 0x3, 0xff, 0x0, 0x0, 0xff, 0xc0,
    0x0, 0x3f, 0xf0, 0x0, 0xf, 0xfc, 0x0, 0x3,
    0xff, 0x0, 0x0, 0xff, 0xc0,

    /* U+0032 "2" */
    0x0, 0x1b, 0xff, 0x80, 0x0, 0x3, 0xff, 0xff,
    0xe0, 0x0, 0x7f, 0xff, 0xff, 0xf0, 0x3, 0xff,
    0xff, 0xff, 0xe0, 0x3f, 0xfe, 0x5b, 0xff, 0xc1,
    0xff, 0xd0, 0x7, 0xff, 0x4b, 0xfe, 0x0, 0xf,
    0xfd, 0x2f, 0xf4, 0x0, 0x2f, 0xf4, 0x55, 0x40,
    0x0, 0xbf, 0xd0, 0x0, 0x0, 0x3, 0xff, 0x0,
    0x0, 0x0, 0x2f, 0xf8, 0x0, 0x0, 0x0, 0xff,
    0xc0, 0x0, 0x0, 0xf, 0xfe, 0x0, 0x0, 0x0,
    0xff, 0xf0, 0x0, 0x0, 0xb, 0xff, 0x0, 0x0,
    0x0, 0xbf, 0xf4, 0x0, 0x0, 0xb, 0xff, 0x40,
    0x0, 0x0, 0xbf, 0xf4, 0x0, 0x0, 0xb, 0xff,
    0x40, 0x0, 0x0, 0xbf, 0xf4, 0x0, 0x0, 0x7,
    0xff, 0x40, 0x0, 0x0, 0x7f, 0xf8, 0x0, 0x0,
    0x3, 0xff, 0xff, 0xff, 0xff, 0x5f, 0xff, 0xff,
    0xff, 0xfd, 0x7f, 0xff, 0xff, 0xff, 0xf5, 0xff,
    0xff, 0xff, 0xff, 0xd0,

    /* U+0033 "3" */
    0x0, 0x1b, 0xfe, 0x80, 0x0, 0x2f, 0xff, 0xff,
    0x80, 0xb, 0xff, 0xff, 0xff, 0x2, 0xff, 0xff,
    0xff, 0xf8, 0x3f, 0xfd, 0x5b, 0xff, 0xc7, 0xff,
    0x0, 0xf, 0xfd, 0x6a, 0x90, 0x0, 0xbf, 0xd0,
    0x0, 0x0, 0xb, 0xfd, 0x0, 0x0, 0x0, 0xff,
    0xc0, 0x0, 0x0, 0x7f, 0xf8, 0x0, 0xf, 0xff,
    0xfe, 0x0, 0x0, 0xff, 0xff, 0x40, 0x0, 0xf,
    0xff, 0xf8, 0x0, 0x0, 0xff, 0xff, 0xf0, 0x0,
    0x0, 0x7, 0xff, 0xc0, 0x0, 0x0, 0xf, 0xfd,
    0x0, 0x0, 0x0, 0x7f, 0xe0, 0x0, 0x0, 0x3,
    0xff, 0xaa, 0x80, 0x0, 0x3f, 0xff, 0xfd, 0x0,
    0x7, 0xff, 0xbf, 0xf0, 0x0, 0xff, 0xe3, 0xff,
    0xe5, 0xbf, 0xfc, 0x2f, 0xff, 0xff, 0xff, 0x80,
    0xff, 0xff, 0xff, 0xe0, 0x2, 0xff, 0xff, 0xf4,
    0x0, 0x2, 0xff, 0xe4, 0x0,

    /* U+0034 "4" */
    0x0, 0x0, 0x2, 0xff, 0xc0, 0x0, 0x0, 0x7,
    0xff, 0xc0, 0x0, 0x0, 0xf, 0xff, 0xc0, 0x0,
    0x0, 0x2f, 0xff, 0xc0, 0x0, 0x0, 0x3f, 0xff,
    0xc0, 0x0, 0x0, 0xff, 0xff, 0xc0, 0x0, 0x1,
    0xff, 0xff, 0xc0, 0x0, 0x3, 0xfe, 0xff, 0xc0,
    0x0, 0xb, 0xf9, 0xff, 0xc0, 0x0, 0x1f, 0xf1,
    0xff, 0xc0, 0x0, 0x3f, 0xd1, 0xff, 0xc0, 0x0,
    0xbf, 0xc1, 0xff, 0xc0, 0x0, 0xff, 0x1, 0xff,
    0xc0, 0x3, 0xfe, 0x1, 0xff, 0xc0, 0x7, 0xfc,
    0x1, 0xff, 0xc0, 0xf, 0xf4, 0x1, 0xff, 0xc0,
    0x2f, 0xff, 0xff, 0xff, 0xfe, 0x3f, 0xff, 0xff,
    0xff, 0xfe, 0x3f, 0xff, 0xff, 0xff, 0xfe, 0x3f,
    0xff, 0xff, 0xff, 0xfe, 0x0, 0x0, 0x1, 0xff,
    0xc0, 0x0, 0x0, 0x1, 0xff, 0xc0, 0x0, 0x0,
    0x1, 0xff, 0xc0, 0x0, 0x0, 0x1, 0xff, 0xc0,
    0x0, 0x0, 0x1, 0xff, 0xc0, 0x0, 0x0, 0x1,
    0xff, 0xc0,

    /* U+0035 "5" */
    0x3, 0xff, 0xff, 0xff, 0xd0, 0xf, 0xff, 0xff,
    0xff, 0x40, 0x7f, 0xff, 0xff, 0xfd, 0x1, 0xff,
    0xff, 0xff, 0xf4, 0xb, 0xfd, 0x55, 0x55, 0x40,
    0x2f, 0xf0, 0x0, 0x0, 0x0, 0xff, 0xc0, 0x0,
    0x0, 0x3, 0xfe, 0x0, 0x0, 0x0, 0xf, 0xf9,
    0xbf, 0x90, 0x0, 0x3f, 0xff, 0xff, 0xf0, 0x1,
    0xff, 0xff, 0xff, 0xf0, 0x7, 0xff, 0xff, 0xff,
    0xf0, 0x1f, 0xf8, 0x7, 0xff, 0xd0, 0x0, 0x40,
    0x3, 0xff, 0x80, 0x0, 0x0, 0x7, 0xff, 0x0,
    0x0, 0x0, 0xf, 0xfc, 0x0, 0x0, 0x0, 0x3f,
    0xf0, 0x0, 0x0, 0x0, 0xff, 0xc3, 0xfe, 0x0,
    0x3, 0xff, 0xf, 0xfc, 0x0, 0x1f, 0xfc, 0x3f,
    0xf8, 0x0, 0xff, 0xe0, 0x7f, 0xfd, 0x5f, 0xff,
    0x0, 0xbf, 0xff, 0xff, 0xf8, 0x0, 0xff, 0xff,
    0xff, 0x80, 0x0, 0xbf, 0xff, 0xf8, 0x0, 0x0,
    0x1f, 0xfe, 0x0, 0x0,

    /* U+0036 "6" */
    0x0, 0x0, 0x1b, 0xf8, 0x0, 0x0, 0xb, 0xff,
    0xe0, 0x0, 0x1, 0xff, 0xff, 0x80, 0x0, 0x1f,
    0xff, 0xfe, 0x0, 0x1, 0xff, 0xfe, 0x50, 0x0,
    0xf, 0xff, 0x40, 0x0, 0x0, 0xbf, 0xe0, 0x0,
    0x0, 0x3, 0xff, 0x0, 0x0, 0x0, 0x1f, 0xf4,
    0xbf, 0xe0, 0x0, 0xbf, 0xdf, 0xff, 0xf4, 0x3,
    0xff, 0xff, 0xff, 0xf4, 0xf, 0xff, 0xff, 0xff,
    0xf0, 0x3f, 0xff, 0x47, 0xff, 0xe0, 0xff, 0xe0,
    0x2, 0xff, 0xc3, 0xff, 0x0, 0x3, 0xff, 0xf,
    0xfc, 0x0, 0xf, 0xfd, 0x3f, 0xf0, 0x0, 0x2f,
    0xf4, 0xff, 0xc0, 0x0, 0xbf, 0xd3, 0xff, 0x0,
    0x3, 0xff, 0x4b, 0xfd, 0x0, 0xf, 0xfc, 0x1f,
    0xfc, 0x0, 0xbf, 0xf0, 0x3f, 0xfd, 0x1f, 0xff,
    0x40, 0x7f, 0xff, 0xff, 0xf8, 0x0, 0x7f, 0xff,
    0xff, 0xc0, 0x0, 0x7f, 0xff, 0xf8, 0x0, 0x0,
    0x1b, 0xfe, 0x0, 0x0,

    /* U+0037 "7" */
    0xff, 0xff, 0xff, 0xff, 0xf3, 0xff, 0xff, 0xff,
    0xff, 0xcf, 0xff, 0xff, 0xff, 0xff, 0x3f, 0xff,
    0xff, 0xff, 0xfc, 0x15, 0x55, 0x55, 0xbf, 0xd0,
    0x0, 0x0, 0x3, 0xff, 0x0, 0x0, 0x0, 0xf,
    0xf8, 0x0, 0x0, 0x0, 0xbf, 0xc0, 0x0, 0x0,
    0x3, 0xff, 0x0, 0x0, 0x0, 0x2f, 0xf4, 0x0,
    0x0, 0x0, 0xff, 0xc0, 0x0, 0x0, 0xb, 0xfd,
    0x0, 0x0, 0x0, 0x3f, 0xf0, 0x0, 0x0, 0x1,
    0xff, 0x80, 0x0, 0x0, 0xf, 0xfc, 0x0, 0x0,
    0x0, 0x7f, 0xf0, 0x0, 0x0, 0x3, 0xff, 0x40,
    0x0, 0x0, 0xf, 0xfc, 0x0, 0x0, 0x0, 0xbf,
    0xd0, 0x0, 0x0, 0x3, 0xff, 0x0, 0x0, 0x0,
    0x2f, 0xf8, 0x0, 0x0, 0x0, 0xff, 0xc0, 0x0,
    0x0, 0xb, 0xff, 0x0, 0x0, 0x0, 0x3f, 0xf4,
    0x0, 0x0, 0x1, 0xff, 0xc0, 0x0, 0x0, 0xf,
    0xfd, 0x0, 0x0, 0x0,

    /* U+0038 "8" */
    0x0, 0x1b, 0xff, 0x80, 0x0, 0xf, 0xff, 0xff,
    0x80, 0x7, 0xff, 0xff, 0xff, 0x0, 0xff, 0xff,
    0xff, 0xf8, 0x1f, 0xff, 0x57, 0xff, 0xc2, 0xff,
    0xc0, 0xf, 0xfd, 0x3f, 0xf4, 0x0, 0xff, 0xd2,
    0xff, 0x40, 0xb, 0xfd, 0x1f, 0xf8, 0x0, 0xff,
    0xc0, 0xff, 0xe0, 0x3f, 0xf8, 0x7, 0xff, 0xff,
    0xff, 0x0, 0x1f, 0xff, 0xff, 0x80, 0x0, 0xff,
    0xff, 0xf8, 0x0, 0x7f, 0xff, 0xff, 0xf0, 0xf,
    0xfe, 0x57, 0xff, 0xc2, 0xff, 0x80, 0xf, 0xfd,
    0x3f, 0xf0, 0x0, 0x7f, 0xe7, 0xff, 0x0, 0x3,
    0xff, 0x7f, 0xf0, 0x0, 0x3f, 0xf3, 0xff, 0x0,
    0x7, 0xff, 0x3f, 0xf8, 0x0, 0xff, 0xe2, 0xff,
    0xe5, 0x7f, 0xfd, 0xf, 0xff, 0xff, 0xff, 0xc0,
    0x7f, 0xff, 0xff, 0xf0, 0x1, 0xff, 0xff, 0xfc,
    0x0, 0x1, 0xbf, 0xf8, 0x0,

    /* U+0039 "9" */
    0x0, 0x1b, 0xfe, 0x40, 0x0, 0xb, 0xff, 0xff,
    0x0, 0x3, 0xff, 0xff, 0xfc, 0x0, 0xff, 0xff,
    0xff, 0xf0, 0x1f, 0xfe, 0x5b, 0xff, 0x43, 0xff,
    0x80, 0x1f, 0xfc, 0x3f, 0xf0, 0x0, 0xff, 0xc7,
    0xfe, 0x0, 0x7, 0xfd, 0x7f, 0xe0, 0x0, 0x7f,
    0xe7, 0xfe, 0x0, 0x7, 0xfe, 0x7f, 0xf0, 0x0,
    0x7f, 0xf3, 0xff, 0x40, 0xb, 0xff, 0x3f, 0xfd,
    0x2, 0xff, 0xf1, 0xff, 0xff, 0xff, 0xfe, 0xb,
    0xff, 0xff, 0xff, 0xe0, 0x2f, 0xff, 0xfb, 0xfe,
    0x0, 0x2f, 0xf4, 0xbf, 0xd0, 0x0, 0x0, 0xf,
    0xfc, 0x0, 0x0, 0x1, 0xff, 0xc0, 0x0, 0x0,
    0x3f, 0xf4, 0x0, 0x0, 0x1f, 0xff, 0x0, 0x5,
    0x6f, 0xff, 0xc0, 0x0, 0xbf, 0xff, 0xf4, 0x0,
    0xb, 0xff, 0xfd, 0x0, 0x0, 0xbf, 0xfe, 0x0,
    0x0, 0xb, 0xf9, 0x0, 0x0,

    /* U+003A ":" */
    0x2f, 0x87, 0xfe, 0xbf, 0xfb, 0xff, 0x3f, 0xd0,
    0xa0, 0x0, 0x0, 0x0, 0x0, 0x0, 0x0, 0x0,
    0x0, 0x0, 0x0, 0x0, 0x0, 0x6, 0x3, 0xfd,
    0xbf, 0xfb, 0xff, 0x7f, 0xe2, 0xf8,

    /* U+003B ";" */
    0xb, 0xd0, 0xbf, 0xd3, 0xff, 0x8f, 0xfe, 0x2f,
    0xf0, 0x19, 0x0, 0x0, 0x0, 0x0, 0x0, 0x0,
    0x0, 0x0, 0x0, 0x0, 0x0, 0x0, 0x0, 0x0,
    0x0, 0x0, 0x1, 0x54, 0xf, 0xf0, 0x3f, 0xc0,
    0xff, 0x3, 0xfc, 0xf, 0xf0, 0x7f, 0xc2, 0xfd,
    0xf, 0xf0, 0xbf, 0x42, 0xf8, 0x0, 0x80, 0x0,

    /* U+003C "<" */
    0x0, 0x0, 0x0, 0x0, 0x0, 0x0, 0x0, 0x1,
    0xc0, 0x0, 0x0, 0x7, 0xf0, 0x0, 0x0, 0x2f,
    0xfc, 0x0, 0x1, 0xbf, 0xff, 0x0, 0x7, 0xff,
    0xff, 0xc0, 0x2f, 0xff, 0xff, 0x90, 0xbf, 0xff,
    0xfd, 0x0, 0x3f, 0xff, 0xe0, 0x0, 0xf, 0xfe,
    0x0, 0x0, 0x3, 0xff, 0xe4, 0x0, 0x0, 0xff,
    0xff, 0xe0, 0x0, 0xb, 0xff, 0xff, 0xe0, 0x0,
    0x1f, 0xff, 0xff, 0xc0, 0x0, 0x7f, 0xff, 0xf0,
    0x0, 0x0, 0xbf, 0xfc, 0x0, 0x0, 0x2, 0xff,
    0x0, 0x0, 0x0, 0x7, 0xc0, 0x0, 0x0, 0x0,
    0x10,

    /* U+003D "=" */
    0xbf, 0xff, 0xff, 0xff, 0x2f, 0xff, 0xff, 0xff,
    0xcb, 0xff, 0xff, 0xff, 0xf2, 0xff, 0xff, 0xff,
    0xfc, 0x15, 0x55, 0x55, 0x55, 0x0, 0x0, 0x0,
    0x0, 0x0, 0x0, 0x0, 0x0, 0x0, 0x55, 0x55,
    0x55, 0x54, 0xbf, 0xff, 0xff, 0xff, 0x2f, 0xff,
    0xff, 0xff, 0xcb, 0xff, 0xff, 0xff, 0xf2, 0xff,
    0xff, 0xff, 0xfc,

    /* U+003E ">" */
    0x90, 0x0, 0x0, 0x0, 0xfe, 0x0, 0x0, 0x0,
    0xff, 0xe0, 0x0, 0x0, 0xff, 0xff, 0x40, 0x0,
    0xff, 0xff, 0xf8, 0x0, 0x2f, 0xff, 0xff, 0x80,
    0x1, 0xbf, 0xff, 0xfc, 0x0, 0x6, 0xff, 0xfd,
    0x0, 0x0, 0x1f, 0xfd, 0x0, 0x0, 0xbf, 0xfd,
    0x0, 0x2f, 0xff, 0xfd, 0x7, 0xff, 0xff, 0xe4,
    0xbf, 0xff, 0xfe, 0x0, 0xff, 0xff, 0xd0, 0x0,
    0xff, 0xfd, 0x0, 0x0, 0xff, 0x80, 0x0, 0x0,
    0xf4, 0x0, 0x0, 0x0, 0x40, 0x0, 0x0, 0x0,

    /* U+003F "?" */
    0x0, 0x1f, 0xfe, 0x40, 0x0, 0x7f, 0xff, 0xfd,
    0x0, 0xbf, 0xff, 0xff, 0xc0, 0x7f, 0xff, 0xff,
    0xfc, 0x2f, 0xfe, 0x5f, 0xff, 0x4f, 0xfd, 0x0,
    0xff, 0xe3, 0xff, 0x0, 0x2f, 0xf8, 0x0, 0x0,
    0xb, 0xfe, 0x0, 0x0, 0x3, 0xff, 0x40, 0x0,
    0x1, 0xff, 0xc0, 0x0, 0x1, 0xff, 0xd0, 0x0,
    0x1, 0xff, 0xe0, 0x0, 0x1, 0xff, 0xe0, 0x0,
    0x0, 0xff, 0xe0, 0x0, 0x0, 0x7f, 0xe0, 0x0,
    0x0, 0x2f, 0xf0, 0x0, 0x0, 0xf, 0xf8, 0x0,
    0x0, 0x2, 0xfe, 0x0, 0x0, 0x0, 0x0, 0x0,
    0x0, 0x0, 0x0, 0x0, 0x0, 0x0, 0x1, 0x90,
    0x0, 0x0, 0x2, 0xfe, 0x0, 0x0, 0x1, 0xff,
    0xc0, 0x0, 0x0, 0x7f, 0xf0, 0x0, 0x0, 0xf,
    0xfc, 0x0, 0x0, 0x1, 0xfc, 0x0, 0x0,

    /* U+0040 "@" */
    0x0, 0x0, 0x1, 0xaf, 0xfe, 0x40, 0x0, 0x0,
    0x0, 0x1, 0xff, 0xff, 0xff, 0x80, 0x0, 0x0,
    0x1, 0xff, 0xff, 0xff, 0xff, 0x40, 0x0, 0x0,
    0x7f, 0xf9, 0x0, 0x2f, 0xfe, 0x0, 0x0, 0x2f,
    0xf4, 0x0, 0x0, 0x1f, 0xf4, 0x0, 0x7, 0xfc,
    0x0, 0x0, 0x0, 0x3f, 0xc0, 0x0, 0xff, 0x0,
    0x0, 0x0, 0x0, 0xff, 0x0, 0x3f, 0xc0, 0x0,
    0x0, 0x0, 0x3, 0xf4, 0x7, 0xf4, 0x0, 0x2f,
    0xfe, 0x0, 0x2f, 0x80, 0xff, 0x0, 0xf, 0xff,
    0xfd, 0x0, 0xfc, 0xf, 0xd0, 0x3, 0xff, 0xff,
    0xe0, 0xf, 0xd1, 0xfc, 0x0, 0xbf, 0x80, 0xfe,
    0x0, 0xbd, 0x3f, 0x80, 0x1f, 0xe0, 0xf, 0xe0,
    0xb, 0xe3, 0xf4, 0x2, 0xfc, 0x0, 0xfd, 0x0,
    0x7e, 0x3f, 0x40, 0x3f, 0x80, 0xf, 0xd0, 0x7,
    0xe7, 0xf0, 0x7, 0xf4, 0x1, 0xfc, 0x0, 0x7e,
    0x7f, 0x0, 0xbf, 0x40, 0x1f, 0xc0, 0x7, 0xe7,
    0xf0, 0xb, 0xf0, 0x1, 0xfc, 0x0, 0xbe, 0x7f,
    0x0, 0xff, 0x0, 0x2f, 0xc0, 0xb, 0xd7, 0xf0,
    0xf, 0xf0, 0x2, 0xfc, 0x0, 0xfc, 0x7f, 0x0,
    0xff, 0x0, 0x3f, 0xc0, 0x1f, 0xc7, 0xf0, 0xb,
    0xf8, 0xb, 0xfc, 0x3, 0xf8, 0x3f, 0x40, 0x7f,
    0xe6, 0xff, 0xd0, 0xbf, 0x3, 0xf8, 0x3, 0xff,
    0xff, 0xff, 0xff, 0xd0, 0x2f, 0xc0, 0xf, 0xff,
    0xc7, 0xff, 0xf4, 0x1, 0xfd, 0x0, 0x2f, 0xd0,
    0x1f, 0xf8, 0x0, 0xf, 0xf0, 0x0, 0x0, 0x0,
    0x0, 0x0, 0x0, 0xbf, 0x80, 0x0, 0x0, 0x0,
    0x0, 0x0, 0x3, 0xfe, 0x0, 0x0, 0x0, 0x0,
    0x0, 0x0, 0xf, 0xfd, 0x0, 0x0, 0x0, 0x0,
    0x0, 0x0, 0x7f, 0xfe, 0x50, 0x5b, 0xc0, 0x0,
    0x0, 0x0, 0xff, 0xff, 0xff, 0xfc, 0x0, 0x0,
    0x0, 0x1, 0xff, 0xff, 0xff, 0xc0, 0x0, 0x0,
    0x0, 0x0, 0xaf, 0xfe, 0x80, 0x0, 0x0,

    /* U+0041 "A" */
    0x0, 0x0, 0x2f, 0xf8, 0x0, 0x0, 0x0, 0x0,
    0xf, 0xff, 0x0, 0x0, 0x0, 0x0, 0x7, 0xff,
    0xd0, 0x0, 0x0, 0x0, 0x2, 0xff, 0xfc, 0x0,
    0x0, 0x0, 0x0, 0xff, 0xff, 0x0, 0x0, 0x0,
    0x0, 0x7f, 0xff, 0xe0, 0x0, 0x0, 0x0, 0x2f,
    0xff, 0xfc, 0x0, 0x0, 0x0, 0xf, 0xfa, 0xff,
    0x40, 0x0, 0x0, 0x7, 0xfd, 0x3f, 0xe0, 0x0,
    0x0, 0x3, 0xff, 0xf, 0xfc, 0x0, 0x0, 0x0,
    0xff, 0x82, 0xff, 0x40, 0x0, 0x0, 0xbf, 0xd0,
    0x3f, 0xf0, 0x0, 0x0, 0x3f, 0xf0, 0xf, 0xfc,
    0x0, 0x0, 0x1f, 0xf8, 0x2, 0xff, 0x80, 0x0,
    0xb, 0xfd, 0x0, 0x3f, 0xf0, 0x0, 0x3, 0xff,
    0x0, 0xf, 0xfc, 0x0, 0x1, 0xff, 0xff, 0xff,
    0xff, 0x80, 0x0, 0xff, 0xff, 0xff, 0xff, 0xf0,
    0x0, 0x3f, 0xff, 0xff, 0xff, 0xfd, 0x0, 0x1f,
    0xff, 0xff, 0xff, 0xff, 0x80, 0xf, 0xfe, 0x55,
    0x55, 0xbf, 0xf0, 0x3, 0xff, 0x0, 0x0, 0xf,
    0xfd, 0x2, 0xff, 0xc0, 0x0, 0x2, 0xff, 0xc0,
    0xff, 0xe0, 0x0, 0x0, 0x7f, 0xf0, 0x7f, 0xf0,
    0x0, 0x0, 0xf, 0xfe, 0x2f, 0xfc, 0x0, 0x0,
    0x2, 0xff, 0xc0,

    /* U+0042 "B" */
    0xbf, 0xff, 0xff, 0x90, 0x0, 0xbf, 0xff, 0xff,
    0xfe, 0x0, 0xbf, 0xff, 0xff, 0xff, 0xc0, 0xbf,
    0xff, 0xff, 0xff, 0xe0, 0xbf, 0xe5, 0x5a, 0xff,
    0xf0, 0xbf, 0xe0, 0x0, 0x7f, 0xf8, 0xbf, 0xe0,
    0x0, 0x2f, 0xf8, 0xbf, 0xe0, 0x0, 0x2f, 0xf8,
    0xbf, 0xe0, 0x0, 0x2f, 0xf8, 0xbf, 0xe0, 0x0,
    0x3f, 0xf4, 0xbf, 0xe0, 0x1, 0xff, 0xf0, 0xbf,
    0xff, 0xff, 0xff, 0xc0, 0xbf, 0xff, 0xff, 0xfe,
    0x0, 0xbf, 0xff, 0xff, 0xff, 0x80, 0xbf, 0xff,
    0xff, 0xff, 0xf0, 0xbf, 0xe0, 0x0, 0x7f, 0xf8,
    0xbf, 0xe0, 0x0, 0x1f, 0xfc, 0xbf, 0xe0, 0x0,
    0xf, 0xfc, 0xbf, 0xe0, 0x0, 0xf, 0xfd, 0xbf,
    0xe0, 0x0, 0xf, 0xfc, 0xbf, 0xe0, 0x0, 0x2f,
    0xfc, 0xbf, 0xe5, 0x56, 0xff, 0xfc, 0xbf, 0xff,
    0xff, 0xff, 0xf4, 0xbf, 0xff, 0xff, 0xff, 0xe0,
    0xbf, 0xff, 0xff, 0xff, 0x40, 0xbf, 0xff, 0xff,
    0xe4, 0x0,

    /* U+0043 "C" */
    0x0, 0x1, 0xbf, 0xf8, 0x0, 0x0, 0x1, 0xff,
    0xff, 0xfc, 0x0, 0x0, 0xbf, 0xff, 0xff, 0xf4,
    0x0, 0x2f, 0xff, 0xff, 0xff, 0xd0, 0x7, 0xff,
    0xe9, 0xbf, 0xff, 0x0, 0xff, 0xf0, 0x0, 0x7f,
    0xf8, 0x1f, 0xfc, 0x0, 0x2, 0xff, 0xc3, 0xff,
    0x80, 0x0, 0xf, 0xfc, 0x3f, 0xf4, 0x0, 0x0,
    0xff, 0xd7, 0xff, 0x0, 0x0, 0x0, 0x0, 0x7f,
    0xf0, 0x0, 0x0, 0x0, 0x7, 0xff, 0x0, 0x0,
    0x0, 0x0, 0x7f, 0xf0, 0x0, 0x0, 0x0, 0x7,
    0xff, 0x0, 0x0, 0x0, 0x0, 0x7f, 0xf0, 0x0,
    0x0, 0x0, 0x7, 0xff, 0x0, 0x0, 0x0, 0x0,
    0x7f, 0xf0, 0x0, 0x0, 0x0, 0x3, 0xff, 0x0,
    0x0, 0xf, 0xfd, 0x3f, 0xf8, 0x0, 0x0, 0xff,
    0xc2, 0xff, 0xc0, 0x0, 0x2f, 0xfc, 0xf, 0xff,
    0x0, 0x7, 0xff, 0x80, 0xbf, 0xfe, 0x5b, 0xff,
    0xf0, 0x3, 0xff, 0xff, 0xff, 0xfd, 0x0, 0xf,
    0xff, 0xff, 0xff, 0x40, 0x0, 0x2f, 0xff, 0xff,
    0xc0, 0x0, 0x0, 0x1b, 0xff, 0x90, 0x0,

    /* U+0044 "D" */
    0xbf, 0xff, 0xfe, 0x0, 0x0, 0xbf, 0xff, 0xff,
    0xf0, 0x0, 0xbf, 0xff, 0xff, 0xfe, 0x0, 0xbf,
    0xff, 0xff, 0xff, 0x80, 0xbf, 0xe5, 0x6f, 0xff,
    0xd0, 0xbf, 0xe0, 0x1, 0xff, 0xf0, 0xbf, 0xe0,
    0x0, 0x3f, 0xf8, 0xbf, 0xe0, 0x0, 0x1f, 0xfc,
    0xbf, 0xe0, 0x0, 0xf, 0xfd, 0xbf, 0xe0, 0x0,
    0xf, 0xfe, 0xbf, 0xe0, 0x0, 0xb, 0xfe, 0xbf,
    0xe0, 0x0, 0xb, 0xff, 0xbf, 0xe0, 0x0, 0xb,
    0xff, 0xbf, 0xe0, 0x0, 0xb, 0xff, 0xbf, 0xe0,
    0x0, 0xb, 0xff, 0xbf, 0xe0, 0x0, 0xb, 0xfe,
    0xbf, 0xe0, 0x0, 0xf, 0xfe, 0xbf, 0xe0, 0x0,
    0xf, 0xfd, 0xbf, 0xe0, 0x0, 0x2f, 0xfc, 0xbf,
    0xe0, 0x0, 0x3f, 0xf8, 0xbf, 0xe0, 0x1, 0xff,
    0xf0, 0xbf, 0xe5, 0x6f, 0xff, 0xd0, 0xbf, 0xff,
    0xff, 0xff, 0x80, 0xbf, 0xff, 0xff, 0xfe, 0x0,
    0xbf, 0xff, 0xff, 0xf4, 0x0, 0xbf, 0xff, 0xfe,
    0x40, 0x0,

    /* U+0045 "E" */
    0xbf, 0xff, 0xff, 0xff, 0xdb, 0xff, 0xff, 0xff,
    0xfd, 0xbf, 0xff, 0xff, 0xff, 0xdb, 0xff, 0xff,
    0xff, 0xfd, 0xbf, 0xe5, 0x55, 0x55, 0x4b, 0xfe,
    0x0, 0x0, 0x0, 0xbf, 0xe0, 0x0, 0x0, 0xb,
    0xfe, 0x0, 0x0, 0x0, 0xbf, 0xe0, 0x0, 0x0,
    0xb, 0xfe, 0x0, 0x0, 0x0, 0xbf, 0xff, 0xff,
    0xfe, 0xb, 0xff, 0xff, 0xff, 0xe0, 0xbf, 0xff,
    0xff, 0xfe, 0xb, 0xff, 0xff, 0xff, 0xe0, 0xbf,
    0xe5, 0x55, 0x54, 0xb, 0xfe, 0x0, 0x0, 0x0,
    0xbf, 0xe0, 0x0, 0x0, 0xb, 0xfe, 0x0, 0x0,
    0x0, 0xbf, 0xe0, 0x0, 0x0, 0xb, 0xfe, 0x0,
    0x0, 0x0, 0xbf, 0xe0, 0x0, 0x0, 0xb, 0xfe,
    0x55, 0x55, 0x54, 0xbf, 0xff, 0xff, 0xff, 0xdb,
    0xff, 0xff, 0xff, 0xfd, 0xbf, 0xff, 0xff, 0xff,
    0xdb, 0xff, 0xff, 0xff, 0xfd,

    /* U+0046 "F" */
    0xbf, 0xff, 0xff, 0xff, 0xef, 0xff, 0xff, 0xff,
    0xfb, 0xff, 0xff, 0xff, 0xfe, 0xff, 0xff, 0xff,
    0xff, 0xbf, 0xe5, 0x55, 0x55, 0x6f, 0xf8, 0x0,
    0x0, 0xb, 0xfe, 0x0, 0x0, 0x2, 0xff, 0x80,
    0x0, 0x0, 0xbf, 0xe0, 0x0, 0x0, 0x2f, 0xf8,
    0x0, 0x0, 0xb, 0xfe, 0x0, 0x0, 0x2, 0xff,
    0xff, 0xff, 0xf8, 0xbf, 0xff, 0xff, 0xfe, 0x2f,
    0xff, 0xff, 0xff, 0x8b, 0xff, 0xff, 0xff, 0xe2,
    0xff, 0x95, 0x55, 0x54, 0xbf, 0xe0, 0x0, 0x0,
    0x2f, 0xf8, 0x0, 0x0, 0xb, 0xfe, 0x0, 0x0,
    0x2, 0xff, 0x80, 0x0, 0x0, 0xbf, 0xe0, 0x0,
    0x0, 0x2f, 0xf8, 0x0, 0x0, 0xb, 0xfe, 0x0,
    0x0, 0x2, 0xff, 0x80, 0x0, 0x0, 0xbf, 0xe0,
    0x0, 0x0, 0x2f, 0xf8, 0x0, 0x0, 0x0,

    /* U+0047 "G" */
    0x0, 0x1, 0xbf, 0xf9, 0x0, 0x0, 0x1, 0xff,
    0xff, 0xfe, 0x0, 0x0, 0xbf, 0xff, 0xff, 0xfc,
    0x0, 0x2f, 0xff, 0xff, 0xff, 0xe0, 0x7, 0xff,
    0xf9, 0xaf, 0xff, 0x40, 0xff, 0xf4, 0x0, 0x3f,
    0xfc, 0x1f, 0xfd, 0x0, 0x0, 0xff, 0xc2, 0xff,
    0xc0, 0x0, 0xf, 0xfd, 0x3f, 0xf4, 0x0, 0x0,
    0x15, 0x43, 0xff, 0x40, 0x0, 0x0, 0x0, 0x7f,
    0xf0, 0x0, 0x0, 0x0, 0x7, 0xff, 0x0, 0x0,
    0x0, 0x0, 0x7f, 0xf0, 0x2, 0xff, 0xff, 0xe7,
    0xff, 0x0, 0x2f, 0xff, 0xfe, 0x7f, 0xf0, 0x2,
    0xff, 0xff, 0xe7, 0xff, 0x0, 0x2f, 0xff, 0xfe,
    0x3f, 0xf4, 0x0, 0x0, 0xbf, 0xe3, 0xff, 0x80,
    0x0, 0xb, 0xfe, 0x2f, 0xfc, 0x0, 0x0, 0xbf,
    0xe1, 0xff, 0xd0, 0x0, 0xb, 0xfe, 0xf, 0xff,
    0x40, 0x0, 0xff, 0xe0, 0x7f, 0xff, 0x95, 0xbf,
    0xfe, 0x2, 0xff, 0xff, 0xff, 0xff, 0xd0, 0xb,
    0xff, 0xff, 0xff, 0xf4, 0x0, 0x1f, 0xff, 0xff,
    0xf8, 0x0, 0x0, 0x1b, 0xff, 0xe4, 0x0,

    /* U+0048 "H" */
    0xbf, 0xe0, 0x0, 0x0, 0xff, 0xcb, 0xfe, 0x0,
    0x0, 0xf, 0xfc, 0xbf, 0xe0, 0x0, 0x0, 0xff,
    0xcb, 0xfe, 0x0, 0x0, 0xf, 0xfc, 0xbf, 0xe0,
    0x0, 0x0, 0xff, 0xcb, 0xfe, 0x0, 0x0, 0xf,
    0xfc, 0xbf, 0xe0, 0x0, 0x0, 0xff, 0xcb, 0xfe,
    0x0, 0x0, 0xf, 0xfc, 0xbf, 0xe0, 0x0, 0x0,
    0xff, 0xcb, 0xfe, 0x0, 0x0, 0xf, 0xfc, 0xbf,
    0xff, 0xff, 0xff, 0xff, 0xcb, 0xff, 0xff, 0xff,
    0xff, 0xfc, 0xbf, 0xff, 0xff, 0xff, 0xff, 0xcb,
    0xff, 0xff, 0xff, 0xff, 0xfc, 0xbf, 0xe5, 0x55,
    0x55, 0xff, 0xcb, 0xfe, 0x0, 0x0, 0xf, 0xfc,
    0xbf, 0xe0, 0x0, 0x0, 0xff, 0xcb, 0xfe, 0x0,
    0x0, 0xf, 0xfc, 0xbf, 0xe0, 0x0, 0x0, 0xff,
    0xcb, 0xfe, 0x0, 0x0, 0xf, 0xfc, 0xbf, 0xe0,
    0x0, 0x0, 0xff, 0xcb, 0xfe, 0x0, 0x0, 0xf,
    0xfc, 0xbf, 0xe0, 0x0, 0x0, 0xff, 0xcb, 0xfe,
    0x0, 0x0, 0xf, 0xfc, 0xbf, 0xe0, 0x0, 0x0,
    0xff, 0xcb, 0xfe, 0x0, 0x0, 0xf, 0xfc,

    /* U+0049 "I" */
    0x7f, 0xf7, 0xff, 0x7f, 0xf7, 0xff, 0x7f, 0xf7,
    0xff, 0x7f, 0xf7, 0xff, 0x7f, 0xf7, 0xff, 0x7f,
    0xf7, 0xff, 0x7f, 0xf7, 0xff, 0x7f, 0xf7, 0xff,
    0x7f, 0xf7, 0xff, 0x7f, 0xf7, 0xff, 0x7f, 0xf7,
    0xff, 0x7f, 0xf7, 0xff, 0x7f, 0xf7, 0xff,

    /* U+004A "J" */
    0x0, 0x0, 0x0, 0x7f, 0xf0, 0x0, 0x0, 0x7,
    0xff, 0x0, 0x0, 0x0, 0x7f, 0xf0, 0x0, 0x0,
    0x7, 0xff, 0x0, 0x0, 0x0, 0x7f, 0xf0, 0x0,
    0x0, 0x7, 0xff, 0x0, 0x0, 0x0, 0x7f, 0xf0,
    0x0, 0x0, 0x7, 0xff, 0x0, 0x0, 0x0, 0x7f,
    0xf0, 0x0, 0x0, 0x7, 0xff, 0x0, 0x0, 0x0,
    0x7f, 0xf0, 0x0, 0x0, 0x7, 0xff, 0x0, 0x0,
    0x0, 0x7f, 0xf0, 0x0, 0x0, 0x7, 0xff, 0x0,
    0x0, 0x0, 0x7f, 0xf0, 0x0, 0x0, 0x7, 0xff,
    0x0, 0x0, 0x0, 0x7f, 0xf0, 0x0, 0x0, 0x7,
    0xff, 0x7f, 0xf0, 0x0, 0xbf, 0xf3, 0xff, 0x0,
    0xb, 0xfe, 0x3f, 0xf8, 0x1, 0xff, 0xd2, 0xff,
    0xf5, 0xbf, 0xfc, 0xf, 0xff, 0xff, 0xff, 0x40,
    0x7f, 0xff, 0xff, 0xe0, 0x1, 0xff, 0xff, 0xf4,
    0x0, 0x1, 0xbf, 0xf4, 0x0,

    /* U+004B "K" */
    0xbf, 0xe0, 0x0, 0xf, 0xff, 0x4b, 0xfe, 0x0,
    0x2, 0xff, 0xe0, 0xbf, 0xe0, 0x0, 0xbf, 0xfc,
    0xb, 0xfe, 0x0, 0x1f, 0xff, 0x0, 0xbf, 0xe0,
    0x3, 0xff, 0xd0, 0xb, 0xfe, 0x0, 0xff, 0xf8,
    0x0, 0xbf, 0xe0, 0x2f, 0xff, 0x0, 0xb, 0xfe,
    0x7, 0xff, 0xc0, 0x0, 0xbf, 0xe0, 0xff, 0xf0,
    0x0, 0xb, 0xfe, 0x3f, 0xfd, 0x0, 0x0, 0xbf,
    0xeb, 0xff, 0x80, 0x0, 0xb, 0xff, 0xff, 0xf0,
    0x0, 0x0, 0xbf, 0xff, 0xff, 0x40, 0x0, 0xb,
    0xff, 0xff, 0xfc, 0x0, 0x0, 0xbf, 0xff, 0xff,
    0xe0, 0x0, 0xb, 0xff, 0xff, 0xff, 0x40, 0x0,
    0xbf, 0xfd, 0x3f, 0xfc, 0x0, 0xb, 0xff, 0x81,
    0xff, 0xe0, 0x0, 0xbf, 0xe0, 0xf, 0xff, 0x40,
    0xb, 0xfe, 0x0, 0x3f, 0xfc, 0x0, 0xbf, 0xe0,
    0x2, 0xff, 0xe0, 0xb, 0xfe, 0x0, 0xf, 0xff,
    0x0, 0xbf, 0xe0, 0x0, 0x7f, 0xfc, 0xb, 0xfe,
    0x0, 0x2, 0xff, 0xe0, 0xbf, 0xe0, 0x0, 0xf,
    0xff, 0xb, 0xfe, 0x0, 0x0, 0x7f, 0xfc,

    /* U+004C "L" */
    0xbf, 0xe0, 0x0, 0x0, 0x2f, 0xf8, 0x0, 0x0,
    0xb, 0xfe, 0x0, 0x0, 0x2, 0xff, 0x80, 0x0,
    0x0, 0xbf, 0xe0, 0x0, 0x0, 0x2f, 0xf8, 0x0,
    0x0, 0xb, 0xfe, 0x0, 0x0, 0x2, 0xff, 0x80,
    0x0, 0x0, 0xbf, 0xe0, 0x0, 0x0, 0x2f, 0xf8,
    0x0, 0x0, 0xb, 0xfe, 0x0, 0x0, 0x2, 0xff,
    0x80, 0x0, 0x0, 0xbf, 0xe0, 0x0, 0x0, 0x2f,
    0xf8, 0x0, 0x0, 0xb, 0xfe, 0x0, 0x0, 0x2,
    0xff, 0x80, 0x0, 0x0, 0xbf, 0xe0, 0x0, 0x0,
    0x2f, 0xf8, 0x0, 0x0, 0xb, 0xfe, 0x0, 0x0,
    0x2, 0xff, 0x80, 0x0, 0x0, 0xbf, 0xe0, 0x0,
    0x0, 0x2f, 0xf9, 0x55, 0x55, 0x5b, 0xff, 0xff,
    0xff, 0xfe, 0xff, 0xff, 0xff, 0xff, 0xbf, 0xff,
    0xff, 0xff, 0xef, 0xff, 0xff, 0xff, 0xf0,

    /* U+004D "M" */
    0xbf, 0xfd, 0x0, 0x0, 0x0, 0xff, 0xfc, 0xbf,
    0xfe, 0x0, 0x0, 0x0, 0xff, 0xfc, 0xbf, 0xff,
    0x0, 0x0, 0x2, 0xff, 0xfc, 0xbf, 0xff, 0x40,
    0x0, 0x3, 0xff, 0xfc, 0xbf, 0xff, 0x80, 0x0,
    0x7, 0xff, 0xfc, 0xbf, 0xff, 0xc0, 0x0, 0xb,
    0xff, 0xfc, 0xbf, 0xff, 0xd0, 0x0, 0xf, 0xff,
    0xfc, 0xbf, 0xef, 0xf0, 0x0, 0x1f, 0xfb, 0xfc,
    0xbf, 0xdf, 0xf0, 0x0, 0x2f, 0xfb, 0xfc, 0xbf,
    0xcf, 0xf4, 0x0, 0x3f, 0xdb, 0xfc, 0xbf, 0xcb,
    0xfc, 0x0, 0x7f, 0xcb, 0xfc, 0xbf, 0xc3, 0xfc,
    0x0, 0xbf, 0x8f, 0xfc, 0xbf, 0xd3, 0xfe, 0x0,
    0xff, 0x4f, 0xfc, 0xbf, 0xd2, 0xff, 0x1, 0xff,
    0xf, 0xfc, 0xbf, 0xd0, 0xff, 0x2, 0xfe, 0xf,
    0xfc, 0xbf, 0xd0, 0xff, 0x83, 0xfd, 0xf, 0xfc,
    0xbf, 0xd0, 0x7f, 0xc7, 0xfc, 0xf, 0xfc, 0xbf,
    0xe0, 0x3f, 0xdf, 0xf8, 0xf, 0xfc, 0xbf, 0xe0,
    0x2f, 0xef, 0xf0, 0xf, 0xfc, 0xbf, 0xe0, 0x1f,
    0xff, 0xf0, 0xf, 0xfc, 0xbf, 0xe0, 0xf, 0xff,
    0xe0, 0xf, 0xfc, 0xbf, 0xe0, 0xb, 0xff, 0xc0,
    0xf, 0xfc, 0xbf, 0xe0, 0x7, 0xff, 0xc0, 0xf,
    0xfc, 0xbf, 0xe0, 0x3, 0xff, 0x40, 0xf, 0xfc,
    0xbf, 0xe0, 0x2, 0xff, 0x0, 0xf, 0xfc, 0xbf,
    0xe0, 0x1, 0xfe, 0x0, 0xf, 0xfc,

    /* U+004E "N" */
    0xbf, 0xf0, 0x0, 0x0, 0xff, 0xcb, 0xff, 0x40,
    0x0, 0xf, 0xfc, 0xbf, 0xfc, 0x0, 0x0, 0xff,
    0xcb, 0xff, 0xe0, 0x0, 0xf, 0xfc, 0xbf, 0xff,
    0x40, 0x0, 0xff, 0xcb, 0xff, 0xfc, 0x0, 0xf,
    0xfc, 0xbf, 0xff, 0xd0, 0x0, 0xff, 0xcb, 0xff,
    0xff, 0x0, 0xf, 0xfc, 0xbf, 0xff, 0xf8, 0x0,
    0xff, 0xcb, 0xfe, 0xff, 0xd0, 0xf, 0xfc, 0xbf,
    0xe7, 0xff, 0x0, 0xff, 0xcb, 0xfe, 0x3f, 0xf4,
    0xf, 0xfc, 0xbf, 0xe1, 0xff, 0xc0, 0xff, 0xcb,
    0xfe, 0xb, 0xfe, 0xf, 0xfc, 0xbf, 0xe0, 0x3f,
    0xf4, 0xff, 0xcb, 0xfe, 0x1, 0xff, 0xcf, 0xfc,
    0xbf, 0xe0, 0xf, 0xfe, 0xff, 0xcb, 0xfe, 0x0,
    0x7f, 0xff, 0xfc, 0xbf, 0xe0, 0x2, 0xff, 0xff,
    0xcb, 0xfe, 0x0, 0xf, 0xff, 0xfc, 0xbf, 0xe0,
    0x0, 0x7f, 0xff, 0xcb, 0xfe, 0x0, 0x3, 0xff,
    0xfc, 0xbf, 0xe0, 0x0, 0x1f, 0xff, 0xcb, 0xfe,
    0x0, 0x0, 0xbf, 0xfc, 0xbf, 0xe0, 0x0, 0x3,
    0xff, 0xcb, 0xfe, 0x0, 0x0, 0x1f, 0xfc,

    /* U+004F "O" */
    0x0, 0x1, 0xbf, 0xf8, 0x0, 0x0, 0x0, 0x7f,
    0xff, 0xff, 0x0, 0x0, 0xb, 0xff, 0xff, 0xff,
    0x40, 0x0, 0xbf, 0xff, 0xff, 0xff, 0x40, 0x7,
    0xff, 0xfa, 0xbf, 0xff, 0x0, 0x3f, 0xfd, 0x0,
    0x2f, 0xfe, 0x1, 0xff, 0xd0, 0x0, 0x2f, 0xfc,
    0xf, 0xff, 0x0, 0x0, 0x3f, 0xf8, 0x3f, 0xf4,
    0x0, 0x0, 0xbf, 0xf0, 0xff, 0xc0, 0x0, 0x1,
    0xff, 0xc7, 0xff, 0x0, 0x0, 0x3, 0xff, 0x1f,
    0xfc, 0x0, 0x0, 0xf, 0xfd, 0x7f, 0xf0, 0x0,
    0x0, 0x3f, 0xf5, 0xff, 0xc0, 0x0, 0x0, 0xff,
    0xd7, 0xff, 0x0, 0x0, 0x3, 0xff, 0x5f, 0xfc,
    0x0, 0x0, 0xf, 0xfc, 0x3f, 0xf0, 0x0, 0x0,
    0x7f, 0xf0, 0xff, 0xd0, 0x0, 0x2, 0xff, 0xc3,
    0xff, 0xc0, 0x0, 0xf, 0xfe, 0x7, 0xff, 0x40,
    0x0, 0xbf, 0xf0, 0xf, 0xff, 0x40, 0x7, 0xff,
    0xc0, 0x1f, 0xff, 0xe6, 0xff, 0xfc, 0x0, 0x2f,
    0xff, 0xff, 0xff, 0xd0, 0x0, 0x2f, 0xff, 0xff,
    0xfd, 0x0, 0x0, 0x1f, 0xff, 0xff, 0xc0, 0x0,
    0x0, 0x6, 0xff, 0xe4, 0x0, 0x0,

    /* U+0050 "P" */
    0xbf, 0xff, 0xff, 0xe4, 0x0, 0xbf, 0xff, 0xff,
    0xff, 0x40, 0xbf, 0xff, 0xff, 0xff, 0xd0, 0xbf,
    0xff, 0xff, 0xff, 0xf4, 0xbf, 0xf5, 0x56, 0xff,
    0xfc, 0xbf, 0xe0, 0x0, 0x2f, 0xfd, 0xbf, 0xe0,
    0x0, 0xf, 0xfe, 0xbf, 0xe0, 0x0, 0xb, 0xff,
    0xbf, 0xe0, 0x0, 0x7, 0xff, 0xbf, 0xe0, 0x0,
    0xb, 0xff, 0xbf, 0xe0, 0x0, 0xf, 0xfe, 0xbf,
    0xe0, 0x0, 0x7f, 0xfd, 0xbf, 0xff, 0xff, 0xff,
    0xfc, 0xbf, 0xff, 0xff, 0xff, 0xf0, 0xbf, 0xff,
    0xff, 0xff, 0xc0, 0xbf, 0xff, 0xff, 0xfd, 0x0,
    0xbf, 0xe5, 0x55, 0x0, 0x0, 0xbf, 0xe0, 0x0,
    0x0, 0x0, 0xbf, 0xe0, 0x0, 0x0, 0x0, 0xbf,
    0xe0, 0x0, 0x0, 0x0, 0xbf, 0xe0, 0x0, 0x0,
    0x0, 0xbf, 0xe0, 0x0, 0x0, 0x0, 0xbf, 0xe0,
    0x0, 0x0, 0x0, 0xbf, 0xe0, 0x0, 0x0, 0x0,
    0xbf, 0xe0, 0x0, 0x0, 0x0, 0xbf, 0xe0, 0x0,
    0x0, 0x0,

    /* U+0051 "Q" */
    0x0, 0x1, 0xbf, 0xf8, 0x0, 0x0, 0x0, 0x7f,
    0xff, 0xff, 0x0, 0x0, 0xb, 0xff, 0xff, 0xff,
    0x40, 0x0, 0xbf, 0xff, 0xff, 0xff, 0x40, 0x7,
    0xff, 0xfa, 0xbf, 0xff, 0x0, 0x3f, 0xfd, 0x0,
    0x2f, 0xfe, 0x1, 0xff, 0xd0, 0x0, 0x2f, 0xfc,
    0xf, 0xfe, 0x0, 0x0, 0x3f, 0xf8, 0x3f, 0xf4,
    0x0, 0x0, 0xbf, 0xf1, 0xff, 0xc0, 0x0, 0x1,
    0xff, 0xc7, 0xff, 0x0, 0x0, 0x3, 0xff, 0x1f,
    0xfc, 0x0, 0x0, 0xf, 0xfc, 0xbf, 0xf0, 0x0,
    0x0, 0x3f, 0xf6, 0xff, 0xc0, 0x0, 0x0, 0xff,
    0xd7, 0xff, 0x0, 0x0, 0x3, 0xff, 0x1f, 0xfc,
    0x0, 0x0, 0xf, 0xfc, 0x7f, 0xf0, 0x0, 0x0,
    0x7f, 0xf0, 0xff, 0xd0, 0x0, 0x2, 0xff, 0xc3,
    0xff, 0xc0, 0x0, 0xf, 0xfe, 0x7, 0xff, 0x40,
    0x0, 0xbf, 0xf0, 0xf, 0xff, 0x40, 0x7, 0xff,
    0x80, 0x1f, 0xff, 0xe6, 0xff, 0xfc, 0x0, 0x2f,
    0xff, 0xff, 0xff, 0xd0, 0x0, 0x2f, 0xff, 0xff,
    0xfd, 0x0, 0x0, 0x1f, 0xff, 0xff, 0xf8, 0x0,
    0x0, 0x6, 0xff, 0xff, 0xfc, 0x0, 0x0, 0x0,
    0x0, 0xff, 0xfd, 0x0, 0x0, 0x0, 0x0, 0xbf,
    0xfc, 0x0, 0x0, 0x0, 0x0, 0x7f, 0xc0, 0x0,
    0x0, 0x0, 0x0, 0x78, 0x0, 0x0, 0x0, 0x0,
    0x0, 0x0, 0x0,

    /* U+0052 "R" */
    0xbf, 0xff, 0xff, 0xe0, 0x0, 0x2f, 0xff, 0xff,
    0xff, 0xc0, 0xb, 0xff, 0xff, 0xff, 0xfc, 0x2,
    0xff, 0xff, 0xff, 0xff, 0xc0, 0xbf, 0xe5, 0x56,
    0xff, 0xf8, 0x2f, 0xf8, 0x0, 0xf, 0xff, 0xb,
    0xfe, 0x0, 0x1, 0xff, 0xc2, 0xff, 0x80, 0x0,
    0x3f, 0xf0, 0xbf, 0xe0, 0x0, 0xf, 0xfc, 0x2f,
    0xf8, 0x0, 0x3, 0xff, 0xb, 0xfe, 0x0, 0x2,
    0xff, 0xc2, 0xff, 0x80, 0x7, 0xff, 0xd0, 0xbf,
    0xff, 0xff, 0xff, 0xf0, 0x2f, 0xff, 0xff, 0xff,
    0xf0, 0xb, 0xff, 0xff, 0xff, 0xe0, 0x2, 0xff,
    0xff, 0xff, 0xf0, 0x0, 0xbf, 0xe5, 0x5f, 0xfd,
    0x0, 0x2f, 0xf8, 0x2, 0xff, 0xc0, 0xb, 0xfe,
    0x0, 0x3f, 0xf4, 0x2, 0xff, 0x80, 0xb, 0xff,
    0x0, 0xbf, 0xe0, 0x0, 0xff, 0xd0, 0x2f, 0xf8,
    0x0, 0x2f, 0xfc, 0xb, 0xfe, 0x0, 0x3, 0xff,
    0x42, 0xff, 0x80, 0x0, 0xbf, 0xf0, 0xbf, 0xe0,
    0x0, 0xf, 0xfd, 0x2f, 0xf8, 0x0, 0x2, 0xff,
    0xc0,

    /* U+0053 "S" */
    0x0, 0x6, 0xff, 0xe4, 0x0, 0x0, 0xbf, 0xff,
    0xff, 0x40, 0x3, 0xff, 0xff, 0xff, 0xd0, 0xf,
    0xff, 0xff, 0xff, 0xf4, 0x1f, 0xff, 0x95, 0xff,
    0xfc, 0x3f, 0xfc, 0x0, 0x1f, 0xfd, 0x3f, 0xf4,
    0x0, 0xb, 0xfe, 0x3f, 0xf4, 0x0, 0x7, 0xff,
    0x3f, 0xf8, 0x0, 0x0, 0x0, 0x1f, 0xfe, 0x0,
    0x0, 0x0, 0xf, 0xff, 0xe4, 0x0, 0x0, 0x3,
    0xff, 0xff, 0x90, 0x0, 0x0, 0xbf, 0xff, 0xfd,
    0x0, 0x0, 0x1f, 0xff, 0xff, 0xc0, 0x0, 0x0,
    0xbf, 0xff, 0xf0, 0x0, 0x0, 0x2, 0xff, 0xfc,
    0x0, 0x0, 0x0, 0x2f, 0xfd, 0x55, 0x40, 0x0,
    0xf, 0xfe, 0xbf, 0xe0, 0x0, 0x7, 0xff, 0xbf,
    0xf0, 0x0, 0xb, 0xff, 0x7f, 0xf8, 0x0, 0xf,
    0xfe, 0x3f, 0xff, 0x95, 0xbf, 0xfd, 0xf, 0xff,
    0xff, 0xff, 0xfc, 0x3, 0xff, 0xff, 0xff, 0xf0,
    0x0, 0xbf, 0xff, 0xff, 0x80, 0x0, 0x6, 0xff,
    0xe4, 0x0,

    /* U+0054 "T" */
    0x7f, 0xff, 0xff, 0xff, 0xff, 0xe7, 0xff, 0xff,
    0xff, 0xff, 0xfe, 0x7f, 0xff, 0xff, 0xff, 0xff,
    0xe7, 0xff, 0xff, 0xff, 0xff, 0xfe, 0x15, 0x55,
    0xbf, 0xf5, 0x55, 0x40, 0x0, 0xb, 0xfe, 0x0,
    0x0, 0x0, 0x0, 0xbf, 0xe0, 0x0, 0x0, 0x0,
    0xb, 0xfe, 0x0, 0x0, 0x0, 0x0, 0xbf, 0xe0,
    0x0, 0x0, 0x0, 0xb, 0xfe, 0x0, 0x0, 0x0,
    0x0, 0xbf, 0xe0, 0x0, 0x0, 0x0, 0xb, 0xfe,
    0x0, 0x0, 0x0, 0x0, 0xbf, 0xe0, 0x0, 0x0,
    0x0, 0xb, 0xfe, 0x0, 0x0, 0x0, 0x0, 0xbf,
    0xe0, 0x0, 0x0, 0x0, 0xb, 0xfe, 0x0, 0x0,
    0x0, 0x0, 0xbf, 0xe0, 0x0, 0x0, 0x0, 0xb,
    0xfe, 0x0, 0x0, 0x0, 0x0, 0xbf, 0xe0, 0x0,
    0x0, 0x0, 0xb, 0xfe, 0x0, 0x0, 0x0, 0x0,
    0xbf, 0xe0, 0x0, 0x0, 0x0, 0xb, 0xfe, 0x0,
    0x0, 0x0, 0x0, 0xbf, 0xe0, 0x0, 0x0, 0x0,
    0xb, 0xfe, 0x0, 0x0, 0x0, 0x0, 0xbf, 0xe0,
    0x0, 0x0, 0x0, 0xb, 0xfe, 0x0, 0x0,

    /* U+0055 "U" */
    0xff, 0xd0, 0x0, 0xb, 0xfe, 0xff, 0xd0, 0x0,
    0xb, 0xfe, 0xff, 0xd0, 0x0, 0xb, 0xfe, 0xff,
    0xd0, 0x0, 0xb, 0xfe, 0xff, 0xd0, 0x0, 0xb,
    0xfe, 0xff, 0xd0, 0x0, 0xb, 0xfe, 0xff, 0xd0,
    0x0, 0xb, 0xfe, 0xff, 0xd0, 0x0, 0xb, 0xfe,
    0xff, 0xd0, 0x0, 0xb, 0xfe, 0xff, 0xd0, 0x0,
    0xb, 0xfe, 0xff, 0xd0, 0x0, 0xb, 0xfe, 0xff,
    0xd0, 0x0, 0xb, 0xfe, 0xff, 0xd0, 0x0, 0xb,
    0xfe, 0xff, 0xd0, 0x0, 0xb, 0xfe, 0xff, 0xd0,
    0x0, 0xb, 0xfe, 0xff, 0xd0, 0x0, 0xb, 0xfe,
    0xff, 0xd0, 0x0, 0xb, 0xfe, 0xff, 0xd0, 0x0,
    0xb, 0xfe, 0xff, 0xe0, 0x0, 0xf, 0xfe, 0xbf,
    0xf0, 0x0, 0xf, 0xfd, 0x7f, 0xf8, 0x0, 0x3f,
    0xfc, 0x3f, 0xff, 0x96, 0xff, 0xf8, 0x1f, 0xff,
    0xff, 0xff, 0xf0, 0x7, 0xff, 0xff, 0xff, 0xc0,
    0x0, 0xff, 0xff, 0xfe, 0x0, 0x0, 0x1b, 0xff,
    0x90, 0x0,

    /* U+0056 "V" */
    0xbf, 0xf0, 0x0, 0x0, 0x2f, 0xfc, 0x7f, 0xf4,
    0x0, 0x0, 0x3f, 0xfc, 0x3f, 0xf8, 0x0, 0x0,
    0x3f, 0xf8, 0x2f, 0xfc, 0x0, 0x0, 0x7f, 0xf0,
    0x1f, 0xfd, 0x0, 0x0, 0xff, 0xf0, 0xf, 0xfe,
    0x0, 0x0, 0xff, 0xe0, 0xb, 0xff, 0x0, 0x1,
    0xff, 0xc0, 0x7, 0xff, 0x0, 0x2, 0xff, 0xc0,
    0x3, 0xff, 0x40, 0x3, 0xff, 0x80, 0x2, 0xff,
    0x80, 0x3, 0xff, 0x0, 0x1, 0xff, 0xc0, 0xb,
    0xff, 0x0, 0x0, 0xff, 0xd0, 0xf, 0xfd, 0x0,
    0x0, 0xbf, 0xe0, 0xf, 0xfc, 0x0, 0x0, 0x7f,
    0xf0, 0x1f, 0xfc, 0x0, 0x0, 0x3f, 0xf0, 0x2f,
    0xf4, 0x0, 0x0, 0x2f, 0xf4, 0x3f, 0xf0, 0x0,
    0x0, 0xf, 0xfc, 0x7f, 0xf0, 0x0, 0x0, 0xf,
    0xfc, 0xbf, 0xd0, 0x0, 0x0, 0xb, 0xfd, 0xff,
    0xc0, 0x0, 0x0, 0x3, 0xff, 0xff, 0x80, 0x0,
    0x0, 0x3, 0xff, 0xff, 0x40, 0x0, 0x0, 0x2,
    0xff, 0xff, 0x0, 0x0, 0x0, 0x0, 0xff, 0xfe,
    0x0, 0x0, 0x0, 0x0, 0xff, 0xfd, 0x0, 0x0,
    0x0, 0x0, 0xbf, 0xfc, 0x0, 0x0, 0x0, 0x0,
    0x3f, 0xf8, 0x0, 0x0,

    /* U+0057 "W" */
    0x7f, 0xf0, 0x0, 0x2f, 0xf0, 0x0, 0x1f, 0xfc,
    0xff, 0xc0, 0x0, 0xff, 0xd0, 0x0, 0xbf, 0xe3,
    0xff, 0x40, 0x3, 0xff, 0x80, 0x3, 0xff, 0x4b,
    0xfe, 0x0, 0x1f, 0xff, 0x0, 0xf, 0xfc, 0x1f,
    0xf8, 0x0, 0x7f, 0xfc, 0x0, 0x3f, 0xf0, 0x3f,
    0xf0, 0x2, 0xff, 0xf0, 0x1, 0xff, 0x80, 0xff,
    0xc0, 0xf, 0xff, 0xd0, 0xb, 0xfe, 0x3, 0xff,
    0x40, 0x3f, 0xff, 0x80, 0x2f, 0xf4, 0xb, 0xfd,
    0x1, 0xff, 0xff, 0x0, 0xff, 0xc0, 0x1f, 0xf8,
    0xb, 0xfb, 0xfc, 0x3, 0xff, 0x0, 0x3f, 0xf0,
    0x3f, 0xdf, 0xf4, 0x1f, 0xf8, 0x0, 0xff, 0xc0,
    0xff, 0x2f, 0xe0, 0x7f, 0xd0, 0x2, 0xff, 0x7,
    0xfc, 0x7f, 0xc2, 0xff, 0x0, 0x7, 0xfd, 0x2f,
    0xe0, 0xff, 0xf, 0xfc, 0x0, 0xf, 0xf8, 0xff,
    0x43, 0xfd, 0x3f, 0xf0, 0x0, 0x3f, 0xf3, 0xfc,
    0xb, 0xf4, 0xff, 0x80, 0x0, 0xff, 0xcf, 0xf0,
    0x1f, 0xe7, 0xfd, 0x0, 0x2, 0xff, 0xbf, 0x80,
    0x3f, 0xef, 0xf0, 0x0, 0x7, 0xff, 0xfd, 0x0,
    0xff, 0xff, 0xc0, 0x0, 0xf, 0xff, 0xf0, 0x2,
    0xff, 0xfe, 0x0, 0x0, 0x3f, 0xff, 0xc0, 0x7,
    0xff, 0xf4, 0x0, 0x0, 0xbf, 0xfe, 0x0, 0xf,
    0xff, 0xc0, 0x0, 0x1, 0xff, 0xf4, 0x0, 0x3f,
    0xff, 0x0, 0x0, 0x7, 0xff, 0xc0, 0x0, 0xbf,
    0xfc, 0x0, 0x0, 0xf, 0xff, 0x0, 0x1, 0xff,
    0xe0, 0x0, 0x0, 0x3f, 0xf8, 0x0, 0x3, 0xff,
    0x40, 0x0,

    /* U+0058 "X" */
    0x3f, 0xfc, 0x0, 0x0, 0xff, 0xf0, 0xbf, 0xf4,
    0x0, 0xb, 0xff, 0x40, 0xff, 0xf0, 0x0, 0x3f,
    0xfc, 0x1, 0xff, 0xd0, 0x2, 0xff, 0xd0, 0x3,
    0xff, 0xc0, 0xf, 0xfe, 0x0, 0x3, 0xff, 0x80,
    0xbf, 0xf0, 0x0, 0xb, 0xff, 0x3, 0xff, 0x80,
    0x0, 0xf, 0xfe, 0x2f, 0xfc, 0x0, 0x0, 0x2f,
    0xfd, 0xff, 0xd0, 0x0, 0x0, 0x3f, 0xff, 0xff,
    0x0, 0x0, 0x0, 0x7f, 0xff, 0xf0, 0x0, 0x0,
    0x0, 0xff, 0xff, 0x80, 0x0, 0x0, 0x0, 0xff,
    0xfc, 0x0, 0x0, 0x0, 0x7, 0xff, 0xf0, 0x0,
    0x0, 0x0, 0x3f, 0xff, 0xf0, 0x0, 0x0, 0x1,
    0xff, 0xff, 0xd0, 0x0, 0x0, 0xf, 0xff, 0xff,
    0xc0, 0x0, 0x0, 0xbf, 0xf7, 0xff, 0x80, 0x0,
    0x3, 0xff, 0x8b, 0xff, 0x0, 0x0, 0x3f, 0xfc,
    0xf, 0xfe, 0x0, 0x1, 0xff, 0xd0, 0x2f, 0xfd,
    0x0, 0xf, 0xff, 0x0, 0x3f, 0xfc, 0x0, 0xbf,
    0xf4, 0x0, 0xbf, 0xf4, 0x3, 0xff, 0xc0, 0x0,
    0xff, 0xf0, 0x2f, 0xfd, 0x0, 0x1, 0xff, 0xe1,
    0xff, 0xf0, 0x0, 0x3, 0xff, 0xc0,

    /* U+0059 "Y" */
    0xbf, 0xf0, 0x0, 0x0, 0xff, 0xf0, 0xff, 0xd0,
    0x0, 0x3, 0xff, 0x42, 0xff, 0xc0, 0x0, 0x2f,
    0xfc, 0x3, 0xff, 0x40, 0x0, 0xff, 0xd0, 0xb,
    0xff, 0x0, 0xb, 0xff, 0x0, 0xf, 0xfd, 0x0,
    0x3f, 0xf4, 0x0, 0x2f, 0xf8, 0x1, 0xff, 0xc0,
    0x0, 0x3f, 0xf0, 0xf, 0xfd, 0x0, 0x0, 0xbf,
    0xe0, 0x7f, 0xf0, 0x0, 0x0, 0xff, 0xc3, 0xff,
    0x40, 0x0, 0x2, 0xff, 0x5f, 0xfc, 0x0, 0x0,
    0x3, 0xff, 0xbf, 0xd0, 0x0, 0x0, 0xb, 0xff,
    0xff, 0x0, 0x0, 0x0, 0xf, 0xff, 0xf4, 0x0,
    0x0, 0x0, 0x2f, 0xff, 0xc0, 0x0, 0x0, 0x0,
    0x3f, 0xfd, 0x0, 0x0, 0x0, 0x0, 0xbf, 0xf0,
    0x0, 0x0, 0x0, 0x2, 0xff, 0xc0, 0x0, 0x0,
    0x0, 0xb, 0xff, 0x0, 0x0, 0x0, 0x0, 0x2f,
    0xfc, 0x0, 0x0, 0x0, 0x0, 0xbf, 0xf0, 0x0,
    0x0, 0x0, 0x2, 0xff, 0xc0, 0x0, 0x0, 0x0,
    0xb, 0xff, 0x0, 0x0, 0x0, 0x0, 0x2f, 0xfc,
    0x0, 0x0, 0x0, 0x0, 0xbf, 0xf0, 0x0, 0x0,
    0x0, 0x2, 0xff, 0xc0, 0x0, 0x0,

    /* U+005A "Z" */
    0xbf, 0xff, 0xff, 0xff, 0xfe, 0xbf, 0xff, 0xff,
    0xff, 0xfe, 0xbf, 0xff, 0xff, 0xff, 0xfe, 0xbf,
    0xff, 0xff, 0xff, 0xfc, 0x55, 0x55, 0x55, 0xbf,
    0xf8, 0x0, 0x0, 0x0, 0xff, 0xf0, 0x0, 0x0,
    0x2, 0xff, 0xc0, 0x0, 0x0, 0x3, 0xff, 0x80,
    0x0, 0x0, 0xf, 0xff, 0x0, 0x0, 0x0, 0x2f,
    0xfc, 0x0, 0x0, 0x0, 0x7f, 0xf4, 0x0, 0x0,
    0x0, 0xff, 0xf0, 0x0, 0x0, 0x2, 0xff, 0xc0,
    0x0, 0x0, 0x7, 0xff, 0x40, 0x0, 0x0, 0xf,
    0xfe, 0x0, 0x0, 0x0, 0x2f, 0xfc, 0x0, 0x0,
    0x0, 0x7f, 0xf4, 0x0, 0x0, 0x0, 0xff, 0xe0,
    0x0, 0x0, 0x2, 0xff, 0xc0, 0x0, 0x0, 0x7,
    0xff, 0x40, 0x0, 0x0, 0xf, 0xfe, 0x0, 0x0,
    0x0, 0x3f, 0xfd, 0x55, 0x55, 0x55, 0x7f, 0xff,
    0xff, 0xff, 0xff, 0xbf, 0xff, 0xff, 0xff, 0xff,
    0xbf, 0xff, 0xff, 0xff, 0xff, 0xbf, 0xff, 0xff,
    0xff, 0xff,

    /* U+005B "[" */
    0xff, 0xfe, 0xff, 0xfe, 0xff, 0xfe, 0xff, 0xfe,
    0xff, 0xc0, 0xff, 0xc0, 0xff, 0xc0, 0xff, 0xc0,
    0xff, 0xc0, 0xff, 0xc0, 0xff, 0xc0, 0xff, 0xc0,
    0xff, 0xc0, 0xff, 0xc0, 0xff, 0xc0, 0xff, 0xc0,
    0xff, 0xc0, 0xff, 0xc0, 0xff, 0xc0, 0xff, 0xc0,
    0xff, 0xc0, 0xff, 0xc0, 0xff, 0xc0, 0xff, 0xc0,
    0xff, 0xc0, 0xff, 0xc0, 0xff, 0xc0, 0xff, 0xc0,
    0xff, 0xc0, 0xff, 0xc0, 0xff, 0xc0, 0xff, 0xc0,
    0xff, 0xc0, 0xff, 0xfe, 0xff, 0xfe, 0xff, 0xfe,
    0xff, 0xfe,

    /* U+005C "\\" */
    0xff, 0xd0, 0x0, 0x0, 0x7f, 0xe0, 0x0, 0x0,
    0x3f, 0xf0, 0x0, 0x0, 0x2f, 0xf4, 0x0, 0x0,
    0x1f, 0xfc, 0x0, 0x0, 0xf, 0xfc, 0x0, 0x0,
    0xb, 0xfe, 0x0, 0x0, 0x3, 0xff, 0x0, 0x0,
    0x3, 0xff, 0x40, 0x0, 0x1, 0xff, 0x80, 0x0,
    0x0, 0xff, 0xc0, 0x0, 0x0, 0xbf, 0xd0, 0x0,
    0x0, 0x7f, 0xf0, 0x0, 0x0, 0x3f, 0xf0, 0x0,
    0x0, 0x2f, 0xf8, 0x0, 0x0, 0xf, 0xfc, 0x0,
    0x0, 0xf, 0xfd, 0x0, 0x0, 0x7, 0xfe, 0x0,
    0x0, 0x3, 0xff, 0x0, 0x0, 0x2, 0xff, 0x40,
    0x0, 0x1, 0xff, 0xc0, 0x0, 0x0, 0xff, 0xc0,
    0x0, 0x0, 0xbf, 0xe0, 0x0, 0x0, 0x3f, 0xf0,
    0x0, 0x0, 0x3f, 0xf4, 0x0, 0x0, 0x1f, 0xf8,
    0x0, 0x0, 0xf, 0xfc, 0x0, 0x0, 0xb, 0xfd,
    0x0, 0x0, 0x2, 0xa9,

    /* U+005D "]" */
    0xff, 0xff, 0xff, 0xff, 0xff, 0xff, 0xff, 0xff,
    0x7, 0xff, 0x7, 0xff, 0x7, 0xff, 0x7, 0xff,
    0x7, 0xff, 0x7, 0xff, 0x7, 0xff, 0x7, 0xff,
    0x7, 0xff, 0x7, 0xff, 0x7, 0xff, 0x7, 0xff,
    0x7, 0xff, 0x7, 0xff, 0x7, 0xff, 0x7, 0xff,
    0x7, 0xff, 0x7, 0xff, 0x7, 0xff, 0x7, 0xff,
    0x7, 0xff, 0x7, 0xff, 0x7, 0xff, 0x7, 0xff,
    0x7, 0xff, 0x7, 0xff, 0x7, 0xff, 0x7, 0xff,
    0x7, 0xff, 0xff, 0xff, 0xff, 0xff, 0xff, 0xff,
    0xff, 0xff,

    /* U+005E "^" */
    0x0, 0xf, 0xf0, 0x0, 0x0, 0xbf, 0xd0, 0x0,
    0x3, 0xff, 0x80, 0x0, 0x1f, 0xff, 0x0, 0x0,
    0xff, 0xfe, 0x0, 0x3, 0xfb, 0xfc, 0x0, 0x2f,
    0xc7, 0xf4, 0x0, 0xff, 0xf, 0xf0, 0x7, 0xf4,
    0x2f, 0xc0, 0x3f, 0xc0, 0x7f, 0x80, 0xfe, 0x0,
    0xff, 0xb, 0xf4, 0x2, 0xfd, 0x3f, 0xc0, 0x3,
    0xfc,

    /* U+005F "_" */
    0x0, 0x0, 0x0, 0x0, 0x3f, 0xff, 0xff, 0xff,
    0xcf, 0xff, 0xff, 0xff, 0xf3, 0xff, 0xff, 0xff,
    0xfc, 0xff, 0xff, 0xff, 0xff, 0x0,

    /* U+0060 "`" */
    0x2a, 0xa4, 0x0, 0xff, 0xc0, 0x7, 0xff, 0x0,
    0x1f, 0xf4, 0x0, 0xbf, 0xc0, 0x2, 0xfe,

    /* U+0061 "a" */
    0x0, 0x1f, 0xfe, 0x0, 0x0, 0x2f, 0xff, 0xfe,
    0x0, 0xf, 0xff, 0xff, 0xfc, 0x2, 0xff, 0xff,
    0xff, 0xe0, 0x3f, 0xf8, 0xb, 0xff, 0x7, 0xff,
    0x0, 0x3f, 0xf0, 0x0, 0x0, 0x3, 0xff, 0x40,
    0x0, 0x0, 0x3f, 0xf4, 0x0, 0x6f, 0xff, 0xff,
    0x40, 0x7f, 0xff, 0xff, 0xf4, 0x2f, 0xff, 0xff,
    0xff, 0x43, 0xff, 0x80, 0x3f, 0xf4, 0xbf, 0xe0,
    0x3, 0xff, 0x4b, 0xfd, 0x0, 0x3f, 0xf4, 0xff,
    0xd0, 0x3, 0xff, 0x4b, 0xff, 0x41, 0xff, 0xf4,
    0x7f, 0xff, 0xff, 0xff, 0x42, 0xff, 0xff, 0xff,
    0xf4, 0xb, 0xff, 0xfe, 0xff, 0x80, 0x1b, 0xfd,
    0xf, 0xfc,

    /* U+0062 "b" */
    0x3f, 0xf0, 0x0, 0x0, 0x0, 0xff, 0xc0, 0x0,
    0x0, 0x3, 0xff, 0x0, 0x0, 0x0, 0xf, 0xfc,
    0x0, 0x0, 0x0, 0x3f, 0xf0, 0x0, 0x0, 0x0,
    0xff, 0xc0, 0x0, 0x0, 0x3, 0xff, 0x0, 0x0,
    0x0, 0xf, 0xfc, 0x0, 0x0, 0x0, 0x3f, 0xf0,
    0xbf, 0xd0, 0x0, 0xff, 0xdf, 0xff, 0xf0, 0x3,
    0xff, 0xff, 0xff, 0xf0, 0xf, 0xff, 0xff, 0xff,
    0xe0, 0x3f, 0xfe, 0x57, 0xff, 0xc0, 0xff, 0xe0,
    0x3, 0xff, 0x83, 0xff, 0x0, 0x7, 0xfe, 0xf,
    0xfc, 0x0, 0xf, 0xfc, 0x3f, 0xf0, 0x0, 0x3f,
    0xf0, 0xff, 0xc0, 0x0, 0xff, 0xc3, 0xff, 0x0,
    0x3, 0xff, 0xf, 0xfc, 0x0, 0xf, 0xfc, 0x3f,
    0xf0, 0x0, 0x3f, 0xf0, 0xff, 0xc0, 0x1, 0xff,
    0xc3, 0xff, 0x80, 0xf, 0xfe, 0xf, 0xff, 0x95,
    0xff, 0xf0, 0x3f, 0xff, 0xff, 0xff, 0x80, 0xff,
    0xff, 0xff, 0xfc, 0x3, 0xfe, 0x7f, 0xff, 0xc0,
    0xf, 0xf8, 0x2f, 0xf4, 0x0,

    /* U+0063 "c" */
    0x0, 0x1b, 0xfe, 0x40, 0x0, 0x7f, 0xff, 0xfc,
    0x0, 0x7f, 0xff, 0xff, 0xc0, 0x3f, 0xff, 0xff,
    0xf8, 0x2f, 0xfe, 0x5b, 0xff, 0xf, 0xfc, 0x0,
    0xbf, 0xe7, 0xfe, 0x0, 0xf, 0xfa, 0xff, 0x40,
    0x2, 0xa9, 0xff, 0xd0, 0x0, 0x0, 0x3f, 0xf0,
    0x0, 0x0, 0xf, 0xfc, 0x0, 0x0, 0x3, 0xff,
    0x40, 0x0, 0x0, 0xbf, 0xd0, 0x0, 0x0, 0x1f,
    0xf8, 0x0, 0x3f, 0xf3, 0xff, 0x0, 0x1f, 0xf8,
    0xbf, 0xf5, 0x6f, 0xfd, 0xf, 0xff, 0xff, 0xff,
    0x1, 0xff, 0xff, 0xff, 0x0, 0x1f, 0xff, 0xfe,
    0x0, 0x0, 0x6f, 0xf9, 0x0,

    /* U+0064 "d" */
    0x0, 0x0, 0x0, 0xff, 0xd0, 0x0, 0x0, 0xf,
    0xfd, 0x0, 0x0, 0x0, 0xff, 0xd0, 0x0, 0x0,
    0xf, 0xfd, 0x0, 0x0, 0x0, 0xff, 0xd0, 0x0,
    0x0, 0xf, 0xfd, 0x0, 0x0, 0x0, 0xff, 0xd0,
    0x0, 0x0, 0xf, 0xfd, 0x0, 0x6f, 0xe0, 0xff,
    0xd0, 0x2f, 0xff, 0xef, 0xfd, 0xb, 0xff, 0xff,
    0xff, 0xd1, 0xff, 0xff, 0xff, 0xfd, 0x3f, 0xfe,
    0x5b, 0xff, 0xd3, 0xff, 0x40, 0x1f, 0xfd, 0x7f,
    0xf0, 0x0, 0xff, 0xdb, 0xfe, 0x0, 0xf, 0xfd,
    0xff, 0xd0, 0x0, 0xff, 0xdf, 0xfd, 0x0, 0xf,
    0xfd, 0xff, 0xc0, 0x0, 0xff, 0xdf, 0xfd, 0x0,
    0xf, 0xfd, 0xbf, 0xd0, 0x0, 0xff, 0xd7, 0xff,
    0x0, 0xf, 0xfd, 0x3f, 0xf4, 0x1, 0xff, 0xd3,
    0xff, 0xe5, 0xbf, 0xfd, 0x1f, 0xff, 0xff, 0xff,
    0xd0, 0xbf, 0xff, 0xff, 0xfd, 0x2, 0xff, 0xfe,
    0x7f, 0xd0, 0x6, 0xfe, 0x47, 0xfd,

    /* U+0065 "e" */
    0x0, 0xb, 0xfe, 0x40, 0x0, 0xb, 0xff, 0xff,
    0x0, 0x3, 0xff, 0xff, 0xfd, 0x0, 0xff, 0xff,
    0xff, 0xf0, 0x1f, 0xfe, 0x5b, 0xff, 0x83, 0xff,
    0x80, 0xf, 0xfc, 0x7f, 0xf0, 0x0, 0xbf, 0xc7,
    0xfe, 0x0, 0xb, 0xfd, 0xbf, 0xff, 0xff, 0xff,
    0xdb, 0xff, 0xff, 0xff, 0xfe, 0xbf, 0xff, 0xff,
    0xff, 0xeb, 0xff, 0xaa, 0xaa, 0xa9, 0xbf, 0xe0,
    0x0, 0x0, 0x7, 0xff, 0x0, 0x0, 0x0, 0x3f,
    0xfc, 0x0, 0x1d, 0x2, 0xff, 0xf5, 0x5b, 0xf4,
    0xf, 0xff, 0xff, 0xff, 0xc0, 0x3f, 0xff, 0xff,
    0xf0, 0x0, 0xbf, 0xff, 0xfc, 0x0, 0x0, 0xbf,
    0xf9, 0x0,

    /* U+0066 "f" */
    0x0, 0x0, 0x0, 0x0, 0x1, 0xff, 0xf0, 0x2,
    0xff, 0xfc, 0x2, 0xff, 0xff, 0x0, 0xff, 0xff,
    0xc0, 0x7f, 0xf4, 0x0, 0x2f, 0xf8, 0x0, 0xb,
    0xfd, 0x0, 0x2, 0xff, 0x40, 0x1f, 0xff, 0xff,
    0xc7, 0xff, 0xff, 0xf1, 0xff, 0xff, 0xfc, 0x7f,
    0xff, 0xff, 0x0, 0xbf, 0xd0, 0x0, 0x2f, 0xf4,
    0x0, 0xb, 0xfd, 0x0, 0x2, 0xff, 0x40, 0x0,
    0xbf, 0xd0, 0x0, 0x2f, 0xf4, 0x0, 0xb, 0xfd,
    0x0, 0x2, 0xff, 0x40, 0x0, 0xbf, 0xd0, 0x0,
    0x2f, 0xf4, 0x0, 0xb, 0xfd, 0x0, 0x2, 0xff,
    0x40, 0x0, 0xbf, 0xd0, 0x0, 0x2f, 0xf4, 0x0,
    0xb, 0xfd, 0x0, 0x2, 0xff, 0x40, 0x0,

    /* U+0067 "g" */
    0x0, 0x2f, 0xf8, 0x3f, 0xe0, 0x1f, 0xff, 0xf7,
    0xfe, 0x7, 0xff, 0xff, 0xff, 0xe0, 0xff, 0xff,
    0xff, 0xfe, 0x2f, 0xfe, 0x57, 0xff, 0xe3, 0xff,
    0x80, 0xf, 0xfe, 0x7f, 0xf0, 0x0, 0xbf, 0xeb,
    0xfe, 0x0, 0xb, 0xfe, 0xbf, 0xd0, 0x0, 0xbf,
    0xef, 0xfd, 0x0, 0xb, 0xfe, 0xff, 0xd0, 0x0,
    0xbf, 0xeb, 0xfd, 0x0, 0xb, 0xfe, 0xbf, 0xe0,
    0x0, 0xbf, 0xe7, 0xff, 0x0, 0xb, 0xfe, 0x3f,
    0xf8, 0x0, 0xff, 0xe2, 0xff, 0xe5, 0x7f, 0xfe,
    0xf, 0xff, 0xff, 0xff, 0xe0, 0x7f, 0xff, 0xff,
    0xfe, 0x1, 0xff, 0xff, 0xbf, 0xe0, 0x2, 0xff,
    0x4b, 0xfe, 0x0, 0x0, 0x0, 0xbf, 0xe0, 0x10,
    0x0, 0xf, 0xfd, 0x3, 0x80, 0x2, 0xff, 0xc0,
    0xbf, 0x41, 0xbf, 0xf8, 0x1f, 0xff, 0xff, 0xff,
    0x0, 0xff, 0xff, 0xff, 0xd0, 0x2, 0xff, 0xff,
    0xf0, 0x0, 0x2, 0xff, 0xe4, 0x0,

    /* U+0068 "h" */
    0x3f, 0xf0, 0x0, 0x0, 0x3, 0xff, 0x0, 0x0,
    0x0, 0x3f, 0xf0, 0x0, 0x0, 0x3, 0xff, 0x0,
    0x0, 0x0, 0x3f, 0xf0, 0x0, 0x0, 0x3, 0xff,
    0x0, 0x0, 0x0, 0x3f, 0xf0, 0x0, 0x0, 0x3,
    0xff, 0x0, 0x0, 0x0, 0x3f, 0xf0, 0x7f, 0xe0,
    0x3, 0xff, 0x3f, 0xff, 0xd0, 0x3f, 0xff, 0xff,
    0xff, 0x3, 0xff, 0xff, 0xff, 0xf8, 0x3f, 0xfe,
    0x5b, 0xff, 0xc3, 0xff, 0x40, 0x1f, 0xfc, 0x3f,
    0xf0, 0x0, 0xff, 0xc3, 0xff, 0x0, 0xf, 0xfd,
    0x3f, 0xf0, 0x0, 0xff, 0xd3, 0xff, 0x0, 0xf,
    0xfd, 0x3f, 0xf0, 0x0, 0xff, 0xd3, 0xff, 0x0,
    0xf, 0xfd, 0x3f, 0xf0, 0x0, 0xff, 0xd3, 0xff,
    0x0, 0xf, 0xfd, 0x3f, 0xf0, 0x0, 0xff, 0xd3,
    0xff, 0x0, 0xf, 0xfd, 0x3f, 0xf0, 0x0, 0xff,
    0xd3, 0xff, 0x0, 0xf, 0xfd, 0x3f, 0xf0, 0x0,
    0xff, 0xd3, 0xff, 0x0, 0xf, 0xfd,

    /* U+0069 "i" */
    0xb, 0xd0, 0xff, 0xd3, 0xff, 0x8f, 0xfd, 0x1f,
    0xf0, 0x5, 0x0, 0x0, 0x0, 0x0, 0x3f, 0xf4,
    0xff, 0xd3, 0xff, 0x4f, 0xfd, 0x3f, 0xf4, 0xff,
    0xd3, 0xff, 0x4f, 0xfd, 0x3f, 0xf4, 0xff, 0xd3,
    0xff, 0x4f, 0xfd, 0x3f, 0xf4, 0xff, 0xd3, 0xff,
    0x4f, 0xfd, 0x3f, 0xf4, 0xff, 0xd3, 0xff, 0x4f,
    0xfd,

    /* U+006A "j" */
    0x0, 0x2f, 0x40, 0xf, 0xfc, 0x0, 0xff, 0xd0,
    0xf, 0xfd, 0x0, 0x7f, 0xc0, 0x0, 0x50, 0x0,
    0x0, 0x0, 0x0, 0x0, 0x0, 0xff, 0xd0, 0xf,
    0xfd, 0x0, 0xff, 0xd0, 0xf, 0xfd, 0x0, 0xff,
    0xd0, 0xf, 0xfd, 0x0, 0xff, 0xd0, 0xf, 0xfd,
    0x0, 0xff, 0xd0, 0xf, 0xfd, 0x0, 0xff, 0xd0,
    0xf, 0xfd, 0x0, 0xff, 0xd0, 0xf, 0xfd, 0x0,
    0xff, 0xd0, 0xf, 0xfd, 0x0, 0xff, 0xd0, 0xf,
    0xfd, 0x0, 0xff, 0xd0, 0xf, 0xfd, 0x0, 0xff,
    0xd0, 0xf, 0xfd, 0x0, 0xff, 0xc5, 0x7f, 0xfc,
    0xbf, 0xff, 0x8b, 0xff, 0xf0, 0xbf, 0xfd, 0xb,
    0xfe, 0x0,

    /* U+006B "k" */
    0x3f, 0xf0, 0x0, 0x0, 0x0, 0xff, 0xc0, 0x0,
    0x0, 0x3, 0xff, 0x0, 0x0, 0x0, 0xf, 0xfc,
    0x0, 0x0, 0x0, 0x3f, 0xf0, 0x0, 0x0, 0x0,
    0xff, 0xc0, 0x0, 0x0, 0x3, 0xff, 0x0, 0x0,
    0x0, 0xf, 0xfc, 0x0, 0x0, 0x0, 0x3f, 0xf0,
    0x2, 0xff, 0xe0, 0xff, 0xc0, 0x1f, 0xfe, 0x3,
    0xff, 0x0, 0xff, 0xf0, 0xf, 0xfc, 0xf, 0xff,
    0x0, 0x3f, 0xf0, 0xbf, 0xf4, 0x0, 0xff, 0xcb,
    0xff, 0x40, 0x3, 0xff, 0x7f, 0xf8, 0x0, 0xf,
    0xff, 0xff, 0xc0, 0x0, 0x3f, 0xff, 0xfd, 0x0,
    0x0, 0xff, 0xff, 0xfc, 0x0, 0x3, 0xff, 0xff,
    0xf4, 0x0, 0xf, 0xff, 0xff, 0xf0, 0x0, 0x3f,
    0xfd, 0xff, 0xf0, 0x0, 0xff, 0xd0, 0xff, 0xd0,
    0x3, 0xff, 0x2, 0xff, 0xc0, 0xf, 0xfc, 0x3,
    0xff, 0x80, 0x3f, 0xf0, 0x7, 0xff, 0x40, 0xff,
    0xc0, 0xf, 0xff, 0x3, 0xff, 0x0, 0xf, 0xfe,
    0xf, 0xfc, 0x0, 0x2f, 0xfd,

    /* U+006C "l" */
    0xff, 0xdf, 0xfd, 0xff, 0xdf, 0xfd, 0xff, 0xdf,
    0xfd, 0xff, 0xdf, 0xfd, 0xff, 0xdf, 0xfd, 0xff,
    0xdf, 0xfd, 0xff, 0xdf, 0xfd, 0xff, 0xdf, 0xfd,
    0xff, 0xdf, 0xfd, 0xff, 0xdf, 0xfd, 0xff, 0xdf,
    0xfd, 0xff, 0xdf, 0xfd, 0xff, 0xdf, 0xfd, 0xff,
    0xdf, 0xfd,

    /* U+006D "m" */
    0x3f, 0xe0, 0x7f, 0xe0, 0x2, 0xff, 0x80, 0xf,
    0xfc, 0xff, 0xff, 0x47, 0xff, 0xfd, 0x3, 0xff,
    0xff, 0xff, 0xf7, 0xff, 0xff, 0xc0, 0xff, 0xff,
    0xff, 0xff, 0xff, 0xff, 0xf8, 0x3f, 0xfe, 0x5b,
    0xff, 0xfd, 0x5f, 0xff, 0xf, 0xfd, 0x0, 0x7f,
    0xf8, 0x1, 0xff, 0xc3, 0xff, 0x0, 0xf, 0xfc,
    0x0, 0x3f, 0xf0, 0xff, 0xc0, 0x3, 0xff, 0x0,
    0xf, 0xfc, 0x3f, 0xf0, 0x0, 0xff, 0xc0, 0x3,
    0xff, 0xf, 0xfc, 0x0, 0x3f, 0xf0, 0x0, 0xff,
    0xc3, 0xff, 0x0, 0xf, 0xfc, 0x0, 0x3f, 0xf0,
    0xff, 0xc0, 0x3, 0xff, 0x0, 0xf, 0xfc, 0x3f,
    0xf0, 0x0, 0xff, 0xc0, 0x3, 0xff, 0xf, 0xfc,
    0x0, 0x3f, 0xf0, 0x0, 0xff, 0xc3, 0xff, 0x0,
    0xf, 0xfc, 0x0, 0x3f, 0xf0, 0xff, 0xc0, 0x3,
    0xff, 0x0, 0xf, 0xfc, 0x3f, 0xf0, 0x0, 0xff,
    0xc0, 0x3, 0xff, 0xf, 0xfc, 0x0, 0x3f, 0xf0,
    0x0, 0xff, 0xc3, 0xff, 0x0, 0xf, 0xfc, 0x0,
    0x3f, 0xf0, 0xff, 0xc0, 0x3, 0xff, 0x0, 0xf,
    0xfc,

    /* U+006E "n" */
    0x3f, 0xe0, 0x7f, 0xe0, 0x3, 0xfe, 0x7f, 0xff,
    0xd0, 0x3f, 0xff, 0xff, 0xff, 0x3, 0xff, 0xff,
    0xff, 0xf8, 0x3f, 0xfe, 0x5b, 0xff, 0xc3, 0xff,
    0x40, 0x1f, 0xfc, 0x3f, 0xf0, 0x0, 0xff, 0xc3,
    0xff, 0x0, 0xf, 0xfd, 0x3f, 0xf0, 0x0, 0xff,
    0xd3, 0xff, 0x0, 0xf, 0xfd, 0x3f, 0xf0, 0x0,
    0xff, 0xd3, 0xff, 0x0, 0xf, 0xfd, 0x3f, 0xf0,
    0x0, 0xff, 0xd3, 0xff, 0x0, 0xf, 0xfd, 0x3f,
    0xf0, 0x0, 0xff, 0xd3, 0xff, 0x0, 0xf, 0xfd,
    0x3f, 0xf0, 0x0, 0xff, 0xd3, 0xff, 0x0, 0xf,
    0xfd, 0x3f, 0xf0, 0x0, 0xff, 0xd3, 0xff, 0x0,
    0xf, 0xfd,

    /* U+006F "o" */
    0x0, 0x1b, 0xfe, 0x40, 0x0, 0x3, 0xff, 0xff,
    0xd0, 0x0, 0x3f, 0xff, 0xff, 0xd0, 0x3, 0xff,
    0xff, 0xff, 0xd0, 0x2f, 0xfe, 0x5b, 0xff, 0xc0,
    0xff, 0xd0, 0x3, 0xff, 0x47, 0xff, 0x0, 0xb,
    0xfe, 0x2f, 0xf8, 0x0, 0xf, 0xfc, 0xff, 0xd0,
    0x0, 0x3f, 0xf3, 0xff, 0x40, 0x0, 0xff, 0xcf,
    0xfd, 0x0, 0x3, 0xff, 0x2f, 0xf4, 0x0, 0xf,
    0xfc, 0xbf, 0xd0, 0x0, 0x3f, 0xf1, 0xff, 0xc0,
    0x1, 0xff, 0x83, 0xff, 0x40, 0xf, 0xfd, 0xb,
    0xff, 0x95, 0xff, 0xf0, 0xf, 0xff, 0xff, 0xff,
    0x40, 0xf, 0xff, 0xff, 0xf8, 0x0, 0xf, 0xff,
    0xff, 0x40, 0x0, 0x6, 0xff, 0x90, 0x0,

    /* U+0070 "p" */
    0x3f, 0xe0, 0xbf, 0xd0, 0x0, 0xff, 0xdf, 0xff,
    0xf0, 0x3, 0xff, 0xff, 0xff, 0xf0, 0xf, 0xff,
    0xff, 0xff, 0xe0, 0x3f, 0xfe, 0x57, 0xff, 0xc0,
    0xff, 0xd0, 0x3, 0xff, 0x43, 0xff, 0x0, 0xb,
    0xfe, 0xf, 0xfc, 0x0, 0xf, 0xfc, 0x3f, 0xf0,
    0x0, 0x3f, 0xf0, 0xff, 0xc0, 0x0, 0xff, 0xc3,
    0xff, 0x0, 0x3, 0xff, 0xf, 0xfc, 0x0, 0xf,
    0xfc, 0x3f, 0xf0, 0x0, 0x7f, 0xf0, 0xff, 0xc0,
    0x2, 0xff, 0x83, 0xff, 0x40, 0xf, 0xfd, 0xf,
    0xff, 0x91, 0xff, 0xf0, 0x3f, 0xff, 0xff, 0xff,
    0x80, 0xff, 0xff, 0xff, 0xfc, 0x3, 0xff, 0x7f,
    0xff, 0xc0, 0xf, 0xfc, 0x2f, 0xf4, 0x0, 0x3f,
    0xf0, 0x0, 0x0, 0x0, 0xff, 0xc0, 0x0, 0x0,
    0x3, 0xff, 0x0, 0x0, 0x0, 0xf, 0xfc, 0x0,
    0x0, 0x0, 0x3f, 0xf0, 0x0, 0x0, 0x0, 0xff,
    0xc0, 0x0, 0x0, 0x3, 0xff, 0x0, 0x0, 0x0,
    0xf, 0xfc, 0x0, 0x0, 0x0,

    /* U+0071 "q" */
    0x0, 0x6f, 0xe4, 0x3f, 0xd0, 0x2f, 0xff, 0xe7,
    0xfd, 0xb, 0xff, 0xff, 0xff, 0xd1, 0xff, 0xff,
    0xff, 0xfd, 0x3f, 0xfe, 0x5b, 0xff, 0xd3, 0xff,
    0x40, 0xf, 0xfd, 0x7f, 0xf0, 0x0, 0xff, 0xdb,
    0xfd, 0x0, 0xf, 0xfd, 0xff, 0xd0, 0x0, 0xff,
    0xdf, 0xfd, 0x0, 0xf, 0xfd, 0xff, 0xc0, 0x0,
    0xff, 0xdf, 0xfd, 0x0, 0xf, 0xfd, 0xbf, 0xd0,
    0x0, 0xff, 0xd7, 0xff, 0x0, 0xf, 0xfd, 0x3f,
    0xf4, 0x0, 0xff, 0xd3, 0xff, 0xe5, 0xbf, 0xfd,
    0x1f, 0xff, 0xff, 0xff, 0xd0, 0xbf, 0xff, 0xff,
    0xfd, 0x2, 0xff, 0xfe, 0xff, 0xd0, 0x6, 0xfe,
    0x4f, 0xfd, 0x0, 0x0, 0x0, 0xff, 0xd0, 0x0,
    0x0, 0xf, 0xfd, 0x0, 0x0, 0x0, 0xff, 0xd0,
    0x0, 0x0, 0xf, 0xfd, 0x0, 0x0, 0x0, 0xff,
    0xd0, 0x0, 0x0, 0xf, 0xfd, 0x0, 0x0, 0x0,
    0xff, 0xd0, 0x0, 0x0, 0xf, 0xfd,

    /* U+0072 "r" */
    0x3f, 0xf0, 0xbe, 0x3f, 0xf7, 0xfe, 0x3f, 0xff,
    0xfe, 0x3f, 0xff, 0xfe, 0x3f, 0xff, 0xfe, 0x3f,
    0xfe, 0x40, 0x3f, 0xf4, 0x0, 0x3f, 0xf0, 0x0,
    0x3f, 0xf0, 0x0, 0x3f, 0xf0, 0x0, 0x3f, 0xf0,
    0x0, 0x3f, 0xf0, 0x0, 0x3f, 0xf0, 0x0, 0x3f,
    0xf0, 0x0, 0x3f, 0xf0, 0x0, 0x3f, 0xf0, 0x0,
    0x3f, 0xf0, 0x0, 0x3f, 0xf0, 0x0, 0x3f, 0xf0,
    0x0, 0x3f, 0xf0, 0x0,

    /* U+0073 "s" */
    0x0, 0x1b, 0xff, 0x80, 0x0, 0xf, 0xff, 0xff,
    0x80, 0x3, 0xff, 0xff, 0xfe, 0x0, 0xff, 0xff,
    0xff, 0xf4, 0xf, 0xfc, 0x2, 0xff, 0xc1, 0xff,
    0x80, 0xf, 0xfc, 0x1f, 0xf8, 0x0, 0x55, 0x40,
    0xff, 0xe4, 0x0, 0x0, 0xb, 0xff, 0xfe, 0x0,
    0x0, 0x3f, 0xff, 0xff, 0x40, 0x0, 0x7f, 0xff,
    0xfe, 0x0, 0x0, 0x6f, 0xff, 0xf4, 0x0, 0x0,
    0x7, 0xff, 0xc2, 0xa9, 0x0, 0xf, 0xfc, 0x3f,
    0xf0, 0x0, 0xff, 0xc2, 0xff, 0x80, 0x1f, 0xfc,
    0xf, 0xff, 0xff, 0xff, 0x80, 0x7f, 0xff, 0xff,
    0xf0, 0x0, 0xff, 0xff, 0xf8, 0x0, 0x1, 0xbf,
    0xf8, 0x0,

    /* U+0074 "t" */
    0x3, 0xff, 0x0, 0x3, 0xff, 0x0, 0x3, 0xff,
    0x0, 0x3, 0xff, 0x0, 0x3, 0xff, 0x0, 0xff,
    0xff, 0xfd, 0xff, 0xff, 0xfd, 0xff, 0xff, 0xfd,
    0xbf, 0xff, 0xfc, 0x3, 0xff, 0x0, 0x3, 0xff,
    0x0, 0x3, 0xff, 0x0, 0x3, 0xff, 0x0, 0x3,
    0xff, 0x0, 0x3, 0xff, 0x0, 0x3, 0xff, 0x0,
    0x3, 0xff, 0x0, 0x3, 0xff, 0x0, 0x3, 0xff,
    0x0, 0x3, 0xff, 0x0, 0x3, 0xff, 0xd4, 0x3,
    0xff, 0xfd, 0x1, 0xff, 0xfd, 0x0, 0xbf, 0xfd,
    0x0, 0x1f, 0xfd,

    /* U+0075 "u" */
    0x3f, 0xf0, 0x0, 0xff, 0xd3, 0xff, 0x0, 0xf,
    0xfd, 0x3f, 0xf0, 0x0, 0xff, 0xd3, 0xff, 0x0,
    0xf, 0xfd, 0x3f, 0xf0, 0x0, 0xff, 0xd3, 0xff,
    0x0, 0xf, 0xfd, 0x3f, 0xf0, 0x0, 0xff, 0xd3,
    0xff, 0x0, 0xf, 0xfd, 0x3f, 0xf0, 0x0, 0xff,
    0xd3, 0xff, 0x0, 0xf, 0xfd, 0x3f, 0xf0, 0x0,
    0xff, 0xd3, 0xff, 0x0, 0xf, 0xfd, 0x3f, 0xf0,
    0x0, 0xff, 0xd3, 0xff, 0x0, 0xf, 0xfd, 0x3f,
    0xf4, 0x1, 0xff, 0xd3, 0xff, 0xd5, 0xbf, 0xfd,
    0x2f, 0xff, 0xff, 0xff, 0xd0, 0xff, 0xff, 0xff,
    0xfd, 0x3, 0xff, 0xfe, 0xbf, 0xd0, 0xb, 0xfe,
    0x4b, 0xfd,

    /* U+0076 "v" */
    0xbf, 0xe0, 0x0, 0xbf, 0xe7, 0xff, 0x0, 0xf,
    0xfd, 0x3f, 0xf0, 0x0, 0xff, 0xc2, 0xff, 0x40,
    0x1f, 0xfc, 0x1f, 0xf8, 0x2, 0xff, 0x40, 0xff,
    0xc0, 0x3f, 0xf0, 0xb, 0xfd, 0x3, 0xff, 0x0,
    0x7f, 0xe0, 0x7f, 0xe0, 0x3, 0xff, 0xb, 0xfc,
    0x0, 0x2f, 0xf0, 0xff, 0xc0, 0x1, 0xff, 0x4f,
    0xf8, 0x0, 0xf, 0xf9, 0xff, 0x0, 0x0, 0xff,
    0xef, 0xf0, 0x0, 0x7, 0xff, 0xfe, 0x0, 0x0,
    0x3f, 0xff, 0xd0, 0x0, 0x3, 0xff, 0xfc, 0x0,
    0x0, 0x1f, 0xff, 0x80, 0x0, 0x0, 0xff, 0xf4,
    0x0, 0x0, 0xf, 0xff, 0x0, 0x0, 0x0, 0xbf,
    0xe0, 0x0,

    /* U+0077 "w" */
    0x7f, 0xd0, 0x3, 0xfc, 0x0, 0x3f, 0xf3, 0xfe,
    0x0, 0x3f, 0xd0, 0x7, 0xfe, 0x3f, 0xf0, 0x7,
    0xfe, 0x0, 0xbf, 0xd2, 0xff, 0x0, 0xbf, 0xf0,
    0xb, 0xfc, 0x1f, 0xf4, 0xf, 0xff, 0x40, 0xff,
    0xc0, 0xff, 0x40, 0xff, 0xf8, 0xf, 0xf8, 0xf,
    0xf8, 0x1f, 0xff, 0xc1, 0xff, 0x40, 0xbf, 0xc2,
    0xff, 0xfc, 0x2f, 0xf0, 0x7, 0xfc, 0x3f, 0xef,
    0xd2, 0xff, 0x0, 0x3f, 0xc3, 0xf8, 0xfe, 0x3f,
    0xe0, 0x3, 0xfd, 0xbf, 0x4f, 0xf3, 0xfd, 0x0,
    0x2f, 0xef, 0xf0, 0xbf, 0xbf, 0xc0, 0x1, 0xff,
    0xfe, 0x7, 0xff, 0xfc, 0x0, 0xf, 0xff, 0xd0,
    0x3f, 0xff, 0x80, 0x0, 0xff, 0xfc, 0x3, 0xff,
    0xf4, 0x0, 0xf, 0xff, 0xc0, 0x2f, 0xff, 0x0,
    0x0, 0xbf, 0xf8, 0x0, 0xff, 0xf0, 0x0, 0x7,
    0xff, 0x40, 0xf, 0xfe, 0x0, 0x0, 0x3f, 0xf0,
    0x0, 0xbf, 0xd0, 0x0, 0x3, 0xfe, 0x0, 0x7,
    0xfc, 0x0,

    /* U+0078 "x" */
    0x3f, 0xf4, 0x0, 0xff, 0xe0, 0xbf, 0xf0, 0x7,
    0xff, 0x0, 0xff, 0xd0, 0x3f, 0xf4, 0x1, 0xff,
    0xc2, 0xff, 0xc0, 0x3, 0xff, 0x4f, 0xfd, 0x0,
    0x7, 0xff, 0xbf, 0xf0, 0x0, 0xf, 0xff, 0xff,
    0x0, 0x0, 0x1f, 0xff, 0xf8, 0x0, 0x0, 0x2f,
    0xff, 0xc0, 0x0, 0x0, 0x3f, 0xfe, 0x0, 0x0,
    0x1, 0xff, 0xfc, 0x0, 0x0, 0xf, 0xff, 0xf4,
    0x0, 0x0, 0x7f, 0xff, 0xf0, 0x0, 0x3, 0xff,
    0xff, 0xd0, 0x0, 0x2f, 0xfd, 0xff, 0xc0, 0x0,
    0xff, 0xd3, 0xff, 0x80, 0xb, 0xfe, 0x7, 0xff,
    0x0, 0x3f, 0xf0, 0xb, 0xfe, 0x3, 0xff, 0x80,
    0xf, 0xfc, 0x1f, 0xfc, 0x0, 0x2f, 0xfc,

    /* U+0079 "y" */
    0xff, 0xe0, 0x0, 0xbf, 0xf1, 0xff, 0xc0, 0x3,
    0xff, 0x83, 0xff, 0x0, 0xf, 0xfc, 0xf, 0xfe,
    0x0, 0x7f, 0xf0, 0x1f, 0xfc, 0x2, 0xff, 0x80,
    0x3f, 0xf0, 0xf, 0xfc, 0x0, 0xff, 0xd0, 0x7f,
    0xf0, 0x1, 0xff, 0x82, 0xff, 0x80, 0x3, 0xff,
    0xf, 0xfc, 0x0, 0xf, 0xfd, 0x3f, 0xf0, 0x0,
    0x1f, 0xf9, 0xff, 0x80, 0x0, 0x3f, 0xfb, 0xfc,
    0x0, 0x0, 0xff, 0xff, 0xf0, 0x0, 0x1, 0xff,
    0xff, 0x80, 0x0, 0x3, 0xff, 0xfc, 0x0, 0x0,
    0xf, 0xff, 0xf0, 0x0, 0x0, 0x1f, 0xff, 0x80,
    0x0, 0x0, 0x3f, 0xfc, 0x0, 0x0, 0x0, 0xff,
    0xf0, 0x0, 0x0, 0x1, 0xff, 0x80, 0x0, 0x0,
    0x7, 0xfc, 0x0, 0x0, 0x0, 0x3f, 0xf0, 0x0,
    0x0, 0x1, 0xff, 0x80, 0x0, 0x1, 0x6f, 0xfc,
    0x0, 0x0, 0xf, 0xff, 0xe0, 0x0, 0x0, 0x3f,
    0xff, 0x0, 0x0, 0x0, 0xff, 0xf4, 0x0, 0x0,
    0x2, 0xfe, 0x0, 0x0, 0x0,

    /* U+007A "z" */
    0x7f, 0xff, 0xff, 0xff, 0x1f, 0xff, 0xff, 0xff,
    0xc7, 0xff, 0xff, 0xff, 0xf1, 0xff, 0xff, 0xff,
    0xf8, 0x15, 0x55, 0x7f, 0xfc, 0x0, 0x0, 0x2f,
    0xfc, 0x0, 0x0, 0x1f, 0xfd, 0x0, 0x0, 0xf,
    0xfe, 0x0, 0x0, 0xf, 0xff, 0x0, 0x0, 0x7,
    0xff, 0x40, 0x0, 0x3, 0xff, 0x80, 0x0, 0x3,
    0xff, 0xc0, 0x0, 0x2, 0xff, 0xc0, 0x0, 0x1,
    0xff, 0xd0, 0x0, 0x0, 0xff, 0xe0, 0x0, 0x0,
    0xff, 0xf4, 0x0, 0x0, 0x7f, 0xff, 0xff, 0xff,
    0x2f, 0xff, 0xff, 0xff, 0xcb, 0xff, 0xff, 0xff,
    0xf2, 0xff, 0xff, 0xff, 0xfc,

    /* U+007B "{" */
    0x0, 0x0, 0x10, 0x0, 0x1, 0xf8, 0x0, 0xb,
    0xfc, 0x0, 0x2f, 0xfc, 0x0, 0x3f, 0xe0, 0x0,
    0xbf, 0xc0, 0x0, 0xff, 0xc0, 0x0, 0xff, 0x80,
    0x0, 0xff, 0x80, 0x0, 0xff, 0x80, 0x0, 0xff,
    0x80, 0x0, 0xff, 0x80, 0x0, 0xff, 0x80, 0x0,
    0xff, 0x40, 0x1, 0xff, 0x0, 0x3, 0xff, 0x0,
    0x3f, 0xfd, 0x0, 0x3f, 0xf4, 0x0, 0x3f, 0xf0,
    0x0, 0x3f, 0xfc, 0x0, 0x7, 0xff, 0x0, 0x2,
    0xff, 0x0, 0x0, 0xff, 0x40, 0x0, 0xff, 0x80,
    0x0, 0xff, 0x80, 0x0, 0xff, 0x80, 0x0, 0xff,
    0x80, 0x0, 0xff, 0x80, 0x0, 0xff, 0x80, 0x0,
    0xff, 0x80, 0x0, 0xbf, 0xc0, 0x0, 0x3f, 0xe0,
    0x0, 0x2f, 0xf8, 0x0, 0xf, 0xfc, 0x0, 0x2,
    0xfc, 0x0, 0x0, 0x24,

    /* U+007C "|" */
    0xfc, 0xfc, 0xfc, 0xfc, 0xfc, 0xfc, 0xfc, 0xfc,
    0xfc, 0xfc, 0xfc, 0xfc, 0xfc, 0xfc, 0xfc, 0xfc,
    0xfc, 0xfc, 0xfc, 0xfc, 0xfc, 0xfc, 0xfc, 0xfc,
    0xfc, 0xfc, 0xfc, 0xfc, 0xfc, 0xfc, 0xfc, 0x54,

    /* U+007D "}" */
    0x14, 0x0, 0x0, 0x3f, 0x40, 0x0, 0x3f, 0xe0,
    0x0, 0x3f, 0xf4, 0x0, 0xf, 0xfc, 0x0, 0x7,
    0xfd, 0x0, 0x3, 0xfe, 0x0, 0x3, 0xff, 0x0,
    0x2, 0xff, 0x0, 0x2, 0xff, 0x0, 0x2, 0xff,
    0x0, 0x2, 0xff, 0x0, 0x2, 0xff, 0x0, 0x2,
    0xff, 0x0, 0x1, 0xff, 0x40, 0x0, 0xff, 0xc0,
    0x0, 0x7f, 0xfc, 0x0, 0x1f, 0xfc, 0x0, 0xf,
    0xfc, 0x0, 0x3f, 0xfc, 0x0, 0xff, 0xd0, 0x1,
    0xff, 0x40, 0x2, 0xff, 0x0, 0x2, 0xff, 0x0,
    0x2, 0xff, 0x0, 0x2, 0xff, 0x0, 0x2, 0xff,
    0x0, 0x2, 0xff, 0x0, 0x2, 0xff, 0x0, 0x3,
    0xfe, 0x0, 0x3, 0xfd, 0x0, 0xb, 0xfc, 0x0,
    0x2f, 0xf8, 0x0, 0x3f, 0xe0, 0x0, 0x3f, 0x80,
    0x0, 0x18, 0x0, 0x0,

    /* U+007E "~" */
    0x0, 0x4, 0x0, 0x0, 0x0, 0x0, 0x3f, 0xf8,
    0x0, 0xa, 0x90, 0x7f, 0xff, 0xc0, 0x7, 0xf4,
    0x3f, 0xff, 0xfc, 0x3, 0xfd, 0x1f, 0xff, 0xff,
    0xe7, 0xff, 0xf, 0xf8, 0x2f, 0xff, 0xff, 0x83,
    0xfc, 0x1, 0xff, 0xff, 0xc0, 0xfe, 0x0, 0x1f,
    0xff, 0xd0, 0x15, 0x0, 0x0, 0xbf, 0x80, 0x0,

    /* U+00A0 " " */

    /* U+00A1 "¡" */
    0x2f, 0x87, 0xfe, 0xbf, 0xfb, 0xff, 0x3f, 0xd0,
    0x50, 0x0, 0x0, 0x0, 0x15, 0x43, 0xfc, 0x3f,
    0xd3, 0xfd, 0x3f, 0xd3, 0xfd, 0x3f, 0xd3, 0xfd,
    0x7f, 0xd7, 0xfe, 0x7f, 0xe7, 0xfe, 0x7f, 0xe7,
    0xfe, 0x7f, 0xe7, 0xfe, 0xbf, 0xeb, 0xff, 0xbf,
    0xf0,

    /* U+00A2 "¢" */
    0x0, 0x0, 0x0, 0x0, 0x0, 0x0, 0x1f, 0xd0,
    0x0, 0x0, 0x1, 0xfd, 0x0, 0x0, 0x0, 0x1f,
    0xd0, 0x0, 0x0, 0x1, 0xfd, 0x0, 0x0, 0x1,
    0xff, 0xf9, 0x0, 0x0, 0xff, 0xff, 0xf8, 0x0,
    0x3f, 0xff, 0xff, 0xf0, 0xb, 0xff, 0xff, 0xff,
    0x40, 0xff, 0xe0, 0x3f, 0xfc, 0x2f, 0xf8, 0x0,
    0xff, 0xc3, 0xff, 0x0, 0xb, 0xfd, 0x3f, 0xf0,
    0x0, 0x15, 0x43, 0xff, 0x0, 0x0, 0x0, 0x7f,
    0xf0, 0x0, 0x0, 0x3, 0xff, 0x0, 0x0, 0x0,
    0x3f, 0xf0, 0x0, 0x0, 0x3, 0xff, 0x0, 0x0,
    0x0, 0x3f, 0xf4, 0x0, 0xbf, 0xd2, 0xff, 0xc0,
    0xf, 0xfc, 0xf, 0xff, 0x57, 0xff, 0xc0, 0x7f,
    0xff, 0xff, 0xf4, 0x2, 0xff, 0xff, 0xfd, 0x0,
    0x7, 0xff, 0xff, 0x40, 0x0, 0x7, 0xfe, 0x40,
    0x0, 0x0, 0x1f, 0xd0, 0x0, 0x0, 0x1, 0xfd,
    0x0, 0x0, 0x0, 0x1f, 0xd0, 0x0, 0x0, 0x1,
    0xfd, 0x0, 0x0,

    /* U+00A3 "£" */
    0x0, 0x1, 0xbf, 0xf8, 0x0, 0x0, 0xf, 0xff,
    0xff, 0x80, 0x0, 0x3f, 0xff, 0xff, 0xe0, 0x0,
    0xbf, 0xff, 0xff, 0xf4, 0x0, 0xff, 0xf9, 0xbf,
    0xfc, 0x1, 0xff, 0xc0, 0x1f, 0xfc, 0x2, 0xff,
    0x80, 0xf, 0xfc, 0x2, 0xff, 0x80, 0x0, 0x0,
    0x2, 0xff, 0x80, 0x0, 0x0, 0x2, 0xff, 0x80,
    0x0, 0x0, 0x2, 0xff, 0x80, 0x0, 0x0, 0x7f,
    0xff, 0xff, 0xf0, 0x0, 0x7f, 0xff, 0xff, 0xf0,
    0x0, 0x7f, 0xff, 0xff, 0xf0, 0x0, 0x7f, 0xff,
    0xff, 0xf0, 0x0, 0x16, 0xff, 0xd5, 0x50, 0x0,
    0x1, 0xff, 0xc0, 0x0, 0x0, 0x1, 0xff, 0xc0,
    0x0, 0x0, 0x1, 0xff, 0xc0, 0x0, 0x0, 0x1,
    0xff, 0xc0, 0x0, 0x0, 0x2, 0xff, 0x80, 0x0,
    0x0, 0x17, 0xff, 0x55, 0x55, 0x54, 0x3f, 0xff,
    0xff, 0xff, 0xfd, 0x3f, 0xff, 0xff, 0xff, 0xfd,
    0x3f, 0xff, 0xff, 0xff, 0xfd, 0x3f, 0xff, 0xff,
    0xff, 0xfd,

    /* U+00A4 "¤" */
    0x0, 0x0, 0x0, 0x0, 0x0, 0x0, 0x3c, 0x2,
    0xff, 0xe0, 0xf, 0x3, 0xfc, 0xbf, 0xff, 0xf8,
    0xbf, 0xf, 0xff, 0xff, 0xff, 0xff, 0xfd, 0x1f,
    0xff, 0xf9, 0xbf, 0xff, 0xd0, 0x1f, 0xfc, 0x0,
    0xf, 0xfd, 0x0, 0x7f, 0x80, 0x0, 0xb, 0xf4,
    0x3, 0xfc, 0x0, 0x0, 0xf, 0xf0, 0x1f, 0xd0,
    0x0, 0x0, 0x1f, 0xd0, 0xbf, 0x0, 0x0, 0x0,
    0x3f, 0x83, 0xf8, 0x0, 0x0, 0x0, 0xbf, 0xf,
    0xd0, 0x0, 0x0, 0x1, 0xfc, 0x3f, 0x40, 0x0,
    0x0, 0x7, 0xf0, 0xfd, 0x0, 0x0, 0x0, 0x1f,
    0xc3, 0xf8, 0x0, 0x0, 0x0, 0xbf, 0xb, 0xf0,
    0x0, 0x0, 0x3, 0xf8, 0x1f, 0xd0, 0x0, 0x0,
    0x1f, 0xd0, 0x3f, 0xc0, 0x0, 0x0, 0xff, 0x0,
    0x7f, 0x80, 0x0, 0xb, 0xf4, 0x2, 0xff, 0xc0,
    0x0, 0xff, 0xe0, 0x2f, 0xff, 0xf9, 0xbf, 0xff,
    0xe1, 0xff, 0xff, 0xff, 0xff, 0xff, 0xd2, 0xf4,
    0xbf, 0xff, 0xf8, 0x7e, 0x2, 0x40, 0x2f, 0xfe,
    0x0, 0x60, 0x0, 0x0, 0x0, 0x0, 0x0, 0x0,

    /* U+00A5 "¥" */
    0x7f, 0xf4, 0x0, 0x1, 0xff, 0xd3, 0xff, 0xc0,
    0x0, 0x3f, 0xfc, 0x1f, 0xfd, 0x0, 0x3, 0xff,
    0x40, 0xff, 0xe0, 0x0, 0xbf, 0xf0, 0x7, 0xff,
    0x0, 0xf, 0xfd, 0x0, 0x3f, 0xf8, 0x2, 0xff,
    0xc0, 0x1, 0xff, 0xc0, 0x3f, 0xf4, 0x0, 0xf,
    0xfd, 0x7, 0xff, 0x0, 0x0, 0x7f, 0xf0, 0xff,
    0xd0, 0x0, 0x2, 0xff, 0x5f, 0xfc, 0x0, 0x0,
    0xf, 0xff, 0xff, 0x40, 0x0, 0x0, 0xbf, 0xff,
    0xe0, 0x0, 0x0, 0x7, 0xff, 0xfd, 0x0, 0x0,
    0xbf, 0xff, 0xff, 0xff, 0xc0, 0xb, 0xff, 0xff,
    0xff, 0xfc, 0x0, 0xbf, 0xff, 0xff, 0xff, 0xc0,
    0x0, 0x0, 0xbf, 0xe0, 0x0, 0x0, 0x0, 0xb,
    0xfe, 0x0, 0x0, 0xb, 0xff, 0xff, 0xff, 0xfc,
    0x0, 0xbf, 0xff, 0xff, 0xff, 0xc0, 0xb, 0xff,
    0xff, 0xff, 0xfc, 0x0, 0x0, 0xb, 0xfe, 0x0,
    0x0, 0x0, 0x0, 0xbf, 0xe0, 0x0, 0x0, 0x0,
    0xb, 0xfe, 0x0, 0x0, 0x0, 0x0, 0xbf, 0xe0,
    0x0, 0x0, 0x0, 0xb, 0xfe, 0x0, 0x0,

    /* U+00A6 "¦" */
    0xff, 0xff, 0xff, 0xff, 0xff, 0xff, 0xff, 0xff,
    0xff, 0xff, 0xff, 0xff, 0xff, 0xff, 0xff, 0xff,
    0xef, 0xe0, 0x0, 0x0, 0x0, 0x3f, 0xff, 0xff,
    0xff, 0xff, 0xff, 0xff, 0xff, 0xff, 0xff, 0xff,
    0xff, 0xff, 0xff, 0xff, 0xff, 0xff, 0xfd, 0x55,

    /* U+00A7 "§" */
    0x0, 0xa, 0xff, 0xe4, 0x0, 0x0, 0xbf, 0xff,
    0xff, 0x40, 0x3, 0xff, 0xff, 0xff, 0xd0, 0xf,
    0xff, 0xff, 0xff, 0xf0, 0x1f, 0xff, 0x55, 0xff,
    0xfc, 0x2f, 0xf8, 0x0, 0x2f, 0xfc, 0x3f, 0xf0,
    0x0, 0xf, 0xfd, 0x3f, 0xf4, 0x0, 0x6, 0xa8,
    0x2f, 0xfc, 0x0, 0x0, 0x0, 0x1f, 0xff, 0x90,
    0x0, 0x0, 0xf, 0xff, 0xff, 0x40, 0x0, 0x3,
    0xff, 0xff, 0xfd, 0x0, 0x7, 0xff, 0xff, 0xff,
    0xc0, 0x1f, 0xfe, 0xff, 0xff, 0xf0, 0x3f, 0xf0,
    0x7, 0xff, 0xfc, 0x3f, 0xf0, 0x0, 0x7f, 0xfd,
    0x7f, 0xf0, 0x0, 0xf, 0xfe, 0x3f, 0xf0, 0x0,
    0x7, 0xfe, 0x3f, 0xfd, 0x0, 0x7, 0xfe, 0x2f,
    0xff, 0xe4, 0xb, 0xfd, 0xf, 0xff, 0xff, 0xaf,
    0xfc, 0x3, 0xff, 0xff, 0xff, 0xf0, 0x0, 0x7f,
    0xff, 0xff, 0xc0, 0x0, 0x2, 0xff, 0xff, 0xf0,
    0x0, 0x0, 0x7, 0xff, 0xf8, 0x0, 0x0, 0x0,
    0x3f, 0xfc, 0x15, 0x50, 0x0, 0xf, 0xfc, 0x7f,
    0xf0, 0x0, 0xf, 0xfc, 0x3f, 0xf4, 0x0, 0xf,
    0xfc, 0x3f, 0xfe, 0x55, 0xbf, 0xfc, 0x1f, 0xff,
    0xff, 0xff, 0xf4, 0x7, 0xff, 0xff, 0xff, 0xe0,
    0x1, 0xff, 0xff, 0xff, 0x40, 0x0, 0x1b, 0xff,
    0xe4, 0x0,

    /* U+00A8 "¨" */
    0x6, 0x0, 0x6, 0x40, 0xff, 0x0, 0x7f, 0x87,
    0xfd, 0x2, 0xff, 0xf, 0xf4, 0xb, 0xfc, 0x1f,
    0x80, 0xb, 0xc0,

    /* U+00A9 "©" */
    0x0, 0x0, 0x0, 0x0, 0x0, 0x0, 0x0, 0x0,
    0x6, 0xff, 0xf9, 0x0, 0x0, 0x0, 0x7, 0xff,
    0xff, 0xfd, 0x0, 0x0, 0x2, 0xfe, 0x40, 0x1b,
    0xf8, 0x0, 0x0, 0xbe, 0x0, 0x0, 0xb, 0xe0,
    0x0, 0x2f, 0x40, 0x0, 0x0, 0x2f, 0x80, 0x3,
    0xd0, 0x1, 0x54, 0x0, 0xbc, 0x0, 0xf8, 0x2,
    0xff, 0xf4, 0x3, 0xf0, 0x1f, 0x0, 0xbf, 0xff,
    0xe0, 0xf, 0x42, 0xe0, 0x1f, 0xd0, 0x7f, 0x0,
    0xb8, 0x3d, 0x3, 0xf0, 0x1, 0xf4, 0x7, 0xc3,
    0xc0, 0x3e, 0x0, 0xf, 0x80, 0x3c, 0x7c, 0x7,
    0xd0, 0x0, 0x0, 0x3, 0xd7, 0x80, 0x7d, 0x0,
    0x0, 0x0, 0x2d, 0x78, 0x7, 0xd0, 0x0, 0x0,
    0x2, 0xd7, 0x80, 0x7d, 0x0, 0x0, 0x0, 0x3d,
    0x7c, 0x7, 0xd0, 0x0, 0x0, 0x3, 0xd3, 0xc0,
    0x3e, 0x0, 0xf, 0x80, 0x3c, 0x3d, 0x3, 0xf0,
    0x1, 0xf4, 0x7, 0xc2, 0xf0, 0x1f, 0xc0, 0x7f,
    0x0, 0xf8, 0xf, 0x40, 0xbf, 0xff, 0xe0, 0x1f,
    0x0, 0xbc, 0x2, 0xff, 0xf4, 0x3, 0xe0, 0x3,
    0xe0, 0x1, 0x54, 0x0, 0xbc, 0x0, 0x1f, 0x80,
    0x0, 0x0, 0x3f, 0x40, 0x0, 0x7f, 0x40, 0x0,
    0x1f, 0xd0, 0x0, 0x1, 0xff, 0x95, 0x6f, 0xf4,
    0x0, 0x0, 0x2, 0xff, 0xff, 0xf8, 0x0, 0x0,
    0x0, 0x1, 0xbf, 0xe4, 0x0, 0x0,

    /* U+00AA "ª" */
    0x2, 0xff, 0x80, 0xf, 0xff, 0xf0, 0x3f, 0xeb,
    0xf8, 0x3f, 0x0, 0xfc, 0x15, 0x0, 0xfc, 0x0,
    0x0, 0xfd, 0x6, 0xff, 0xfd, 0x2f, 0xff, 0xfd,
    0x7f, 0x40, 0xfd, 0xbe, 0x0, 0xfd, 0xbe, 0x0,
    0xfd, 0x7f, 0xab, 0xfd, 0x3f, 0xff, 0xfd, 0xb,
    0xf8, 0x7d,

    /* U+00AB "«" */
    0x0, 0x1a, 0x0, 0x68, 0x0, 0x7f, 0x2, 0xf8,
    0x0, 0xfd, 0x7, 0xf0, 0x3, 0xfc, 0xf, 0xe0,
    0xb, 0xf0, 0x2f, 0xc0, 0xf, 0xe0, 0x7f, 0x40,
    0x3f, 0xc0, 0xff, 0x0, 0xbf, 0x83, 0xfd, 0x0,
    0x3f, 0xc1, 0xfe, 0x0, 0x2f, 0xd0, 0xff, 0x0,
    0xf, 0xf0, 0x3f, 0x80, 0x3, 0xf8, 0x1f, 0xd0,
    0x1, 0xfc, 0xb, 0xf0, 0x0, 0xfe, 0x3, 0xf4,
    0x0, 0x3f, 0x41, 0xfc,

    /* U+00AC "¬" */
    0x0, 0x0, 0x0, 0x3, 0xff, 0xff, 0xff, 0xff,
    0xff, 0xff, 0xff, 0xff, 0xff, 0xff, 0xff, 0x0,
    0x0, 0x2, 0xfc, 0x0, 0x0, 0xb, 0xf0, 0x0,
    0x0, 0x2f, 0xc0, 0x0, 0x0, 0xbf, 0x0, 0x0,
    0x1, 0xa4,

    /* U+00AD "­" */
    0x0, 0x0, 0x0, 0xff, 0xff, 0xf3, 0xff, 0xff,
    0xcf, 0xff, 0xff, 0x3f, 0xff, 0xfc,

    /* U+00AE "®" */
    0x0, 0x0, 0x0, 0x0, 0x0, 0x0, 0x0, 0x0,
    0x6, 0xff, 0xf9, 0x0, 0x0, 0x0, 0x7, 0xff,
    0xff, 0xfd, 0x0, 0x0, 0x2, 0xfe, 0x40, 0x1b,
    0xf8, 0x0, 0x0, 0xbe, 0x0, 0x0, 0xb, 0xe0,
    0x0, 0x2f, 0x40, 0x0, 0x0, 0x2f, 0x80, 0x3,
    0xd0, 0x55, 0x54, 0x0, 0xbc, 0x0, 0xf8, 0xf,
    0xff, 0xf4, 0x3, 0xf0, 0x1f, 0x0, 0xff, 0xff,
    0xe0, 0xf, 0x42, 0xe0, 0xf, 0x40, 0x3f, 0x0,
    0xb8, 0x3d, 0x0, 0xf4, 0x1, 0xf4, 0x7, 0xc3,
    0xc0, 0xf, 0x40, 0xf, 0x40, 0x3c, 0x7c, 0x0,
    0xf4, 0x2, 0xf4, 0x3, 0xd7, 0x80, 0xf, 0x96,
    0xfe, 0x0, 0x2d, 0x78, 0x0, 0xff, 0xff, 0xc0,
    0x2, 0xd7, 0x80, 0xf, 0xff, 0xfd, 0x0, 0x3d,
    0x7c, 0x0, 0xf4, 0x3, 0xf0, 0x3, 0xd3, 0xc0,
    0xf, 0x40, 0x1f, 0x40, 0x3c, 0x3d, 0x0, 0xf4,
    0x1, 0xf4, 0x7, 0xc2, 0xf0, 0xf, 0x40, 0xf,
    0x40, 0xf8, 0xf, 0x40, 0xf4, 0x0, 0xf4, 0x1f,
    0x0, 0xbc, 0xf, 0x40, 0xf, 0x83, 0xe0, 0x3,
    0xe0, 0x0, 0x0, 0x0, 0xbc, 0x0, 0x1f, 0x80,
    0x0, 0x0, 0x3f, 0x40, 0x0, 0x7f, 0x40, 0x0,
    0x1f, 0xd0, 0x0, 0x1, 0xff, 0x95, 0x6f, 0xf4,
    0x0, 0x0, 0x2, 0xff, 0xff, 0xf8, 0x0, 0x0,
    0x0, 0x1, 0xbf, 0xe4, 0x0, 0x0,

    /* U+00AF "¯" */
    0x0, 0x0, 0x0, 0x7, 0xff, 0xff, 0xfd, 0x7f,
    0xff, 0xff, 0xd7, 0xff, 0xff, 0xfd,

    /* U+00B0 "°" */
    0x2, 0xf8, 0x1, 0xff, 0xf4, 0x3f, 0xff, 0xcb,
    0xd0, 0x7d, 0xbc, 0x3, 0xeb, 0xc0, 0x3e, 0xbd,
    0x7, 0xd3, 0xff, 0xfc, 0x1f, 0xff, 0x40, 0x2f,
    0x80,

    /* U+00B1 "±" */
    0x0, 0x0, 0x0, 0x0, 0x0, 0x2, 0xff, 0x0,
    0x0, 0x0, 0xbf, 0xc0, 0x0, 0x0, 0x2f, 0xf0,
    0x0, 0x0, 0xb, 0xfc, 0x0, 0x0, 0x2, 0xff,
    0x0, 0x0, 0x0, 0xbf, 0xc0, 0x1, 0xff, 0xff,
    0xff, 0xfe, 0x7f, 0xff, 0xff, 0xff, 0x9f, 0xff,
    0xff, 0xff, 0xe7, 0xff, 0xff, 0xff, 0xf8, 0x55,
    0x6f, 0xf5, 0x55, 0x0, 0xb, 0xfc, 0x0, 0x0,
    0x2, 0xff, 0x0, 0x0, 0x0, 0xbf, 0xc0, 0x0,
    0x0, 0x2f, 0xf0, 0x0, 0x0, 0xb, 0xfc, 0x0,
    0x0, 0x2, 0xff, 0x0, 0x0, 0x0, 0x0, 0x0,
    0x0, 0x55, 0x55, 0x55, 0x54, 0x3f, 0xff, 0xff,
    0xff, 0xf, 0xff, 0xff, 0xff, 0xc3, 0xff, 0xff,
    0xff, 0xf0, 0xff, 0xff, 0xff, 0xfc,

    /* U+00B2 "²" */
    0x1, 0xbf, 0x90, 0x2, 0xff, 0xfe, 0x1, 0xff,
    0xff, 0xd0, 0xff, 0x3, 0xf8, 0x3f, 0x80, 0xfe,
    0x0, 0x0, 0x7f, 0x80, 0x0, 0x3f, 0xc0, 0x0,
    0x3f, 0xd0, 0x0, 0x7f, 0xd0, 0x0, 0x7f, 0xc0,
    0x0, 0xbf, 0x80, 0x0, 0xbf, 0xff, 0xfc, 0x2f,
    0xff, 0xff, 0xb, 0xff, 0xff, 0xc0,

    /* U+00B3 "³" */
    0x1, 0xff, 0xd0, 0x3, 0xff, 0xff, 0x2, 0xff,
    0xff, 0xe0, 0xff, 0x3, 0xfc, 0x0, 0x0, 0xff,
    0x0, 0x5, 0xbf, 0x40, 0x3, 0xff, 0x40, 0x0,
    0xff, 0xf0, 0x0, 0x0, 0xff, 0x5, 0x40, 0x1f,
    0xc3, 0xfc, 0xf, 0xf0, 0xbf, 0xff, 0xfc, 0xf,
    0xff, 0xfc, 0x0, 0x7f, 0xf4, 0x0,

    /* U+00B4 "´" */
    0x0, 0xaa, 0x90, 0x1f, 0xfc, 0x3, 0xff, 0x0,
    0xbf, 0xc0, 0x1f, 0xf0, 0x3, 0xfd, 0x0,

    /* U+00B5 "µ" */
    0xbf, 0xe0, 0x0, 0xbf, 0xdb, 0xfe, 0x0, 0xb,
    0xfd, 0xbf, 0xe0, 0x0, 0xbf, 0xdb, 0xfe, 0x0,
    0xb, 0xfd, 0xbf, 0xe0, 0x0, 0xbf, 0xdb, 0xfe,
    0x0, 0xb, 0xfd, 0xbf, 0xe0, 0x0, 0xbf, 0xdb,
    0xfe, 0x0, 0xb, 0xfd, 0xbf, 0xe0, 0x0, 0xbf,
    0xdb, 0xfe, 0x0, 0xb, 0xfd, 0xbf, 0xe0, 0x0,
    0xbf, 0xdb, 0xfe, 0x0, 0xb, 0xfd, 0xbf, 0xe0,
    0x0, 0xbf, 0xdb, 0xff, 0x0, 0xb, 0xfd, 0xbf,
    0xf0, 0x0, 0xff, 0xdb, 0xff, 0xd5, 0xbf, 0xfd,
    0xbf, 0xff, 0xff, 0xff, 0xdb, 0xff, 0xff, 0xff,
    0xfd, 0xbf, 0xff, 0xff, 0xff, 0xdb, 0xff, 0xff,
    0x97, 0xfd, 0xbf, 0xe0, 0x0, 0x0, 0xb, 0xfe,
    0x0, 0x0, 0x0, 0xbf, 0xe0, 0x0, 0x0, 0xb,
    0xfe, 0x0, 0x0, 0x0, 0xbf, 0xe0, 0x0, 0x0,
    0xb, 0xfe, 0x0, 0x0, 0x0, 0xbf, 0xe0, 0x0,
    0x0, 0xb, 0xfe, 0x0, 0x0, 0x0,

    /* U+00B6 "¶" */
    0x0, 0x1b, 0xff, 0xf4, 0x7, 0xff, 0xff, 0xd0,
    0x7f, 0xff, 0xff, 0x47, 0xff, 0xff, 0xfd, 0x3f,
    0xff, 0xff, 0xf4, 0xff, 0xff, 0xff, 0xd7, 0xff,
    0xff, 0xff, 0x6f, 0xff, 0xff, 0xfd, 0xbf, 0xff,
    0xff, 0xf6, 0xff, 0xff, 0xff, 0xd7, 0xff, 0xff,
    0xff, 0x4f, 0xff, 0xff, 0xfd, 0x3f, 0xff, 0xff,
    0xf4, 0x7f, 0xff, 0xff, 0xd0, 0x7f, 0xff, 0xff,
    0x40, 0x7f, 0xff, 0xfd, 0x0, 0x1b, 0xff, 0xf4,
    0x0, 0x0, 0x2f, 0xd0, 0x0, 0x0, 0xbf, 0x40,
    0x0, 0x2, 0xfd, 0x0, 0x0, 0xb, 0xf4, 0x0,
    0x0, 0x2f, 0xd0, 0x0, 0x0, 0xbf, 0x40, 0x0,
    0x2, 0xfd, 0x0, 0x0, 0xb, 0xf4, 0x0, 0x0,
    0x2f, 0xd0,

    /* U+00B7 "·" */
    0x6, 0x40, 0xff, 0x87, 0xff, 0x1f, 0xfc, 0x3f,
    0xf0, 0x7e, 0x0,

    /* U+00B8 "¸" */
    0x2a, 0x80, 0x3f, 0xd0, 0x3f, 0xfc, 0x7, 0xfd,
    0x3, 0xfd, 0x7, 0xfd, 0x2f, 0xfc, 0x2f, 0xf4,
    0x2f, 0x80,

    /* U+00B9 "¹" */
    0x0, 0x18, 0x6, 0xfd, 0x7f, 0xfd, 0xbf, 0xfd,
    0xba, 0xfd, 0x1, 0xfd, 0x1, 0xfd, 0x1, 0xfd,
    0x1, 0xfd, 0x1, 0xfd, 0x1, 0xfd, 0x1, 0xfd,
    0x1, 0xfd, 0x1, 0xfd,

    /* U+00BA "º" */
    0x1, 0xff, 0x80, 0x3, 0xff, 0xfd, 0x3, 0xfe,
    0xbf, 0xc1, 0xfc, 0x3, 0xf8, 0xbe, 0x0, 0x3f,
    0x3f, 0x40, 0xf, 0xcf, 0xc0, 0x3, 0xf3, 0xf0,
    0x0, 0xfc, 0xfd, 0x0, 0x3f, 0x2f, 0x40, 0xf,
    0xc7, 0xf0, 0xb, 0xe0, 0xff, 0xaf, 0xf0, 0xf,
    0xff, 0xf4, 0x0, 0x7f, 0xe0, 0x0,

    /* U+00BB "»" */
    0x29, 0x0, 0xa4, 0x0, 0x3f, 0x40, 0xfd, 0x0,
    0x1f, 0xc0, 0x7f, 0x0, 0xf, 0xf0, 0x3f, 0xc0,
    0x3, 0xf8, 0x1f, 0xd0, 0x2, 0xfd, 0xb, 0xf0,
    0x0, 0xff, 0x3, 0xfc, 0x0, 0x7f, 0x82, 0xfd,
    0x0, 0xbf, 0x43, 0xfc, 0x1, 0xfe, 0x7, 0xf8,
    0x3, 0xfc, 0xf, 0xf0, 0x7, 0xf0, 0x2f, 0xc0,
    0xf, 0xe0, 0x3f, 0x40, 0x2f, 0xc0, 0xbe, 0x0,
    0x3f, 0x1, 0xfc, 0x0,

    /* U+00BC "¼" */
    0x0, 0x0, 0x0, 0x0, 0x0, 0x0, 0x0, 0x6e,
    0x0, 0x0, 0x0, 0x0, 0x1b, 0xfe, 0x0, 0x0,
    0x0, 0x0, 0x3f, 0xfe, 0x0, 0x0, 0x74, 0x0,
    0x3f, 0xfe, 0x0, 0x0, 0xfd, 0x0, 0x24, 0xfe,
    0x0, 0x2, 0xfc, 0x0, 0x0, 0xfe, 0x0, 0x3,
    0xf0, 0x0, 0x0, 0xfe, 0x0, 0xb, 0xe0, 0x0,
    0x0, 0xfe, 0x0, 0x1f, 0xc0, 0x0, 0x0, 0xfe,
    0x0, 0x3f, 0x40, 0x0, 0x0, 0xfe, 0x0, 0xbe,
    0x0, 0x0, 0x0, 0xfe, 0x0, 0xfc, 0x0, 0x0,
    0x0, 0xfe, 0x3, 0xf8, 0x5, 0x50, 0x0, 0xfe,
    0x7, 0xf0, 0x1f, 0xf0, 0x0, 0xfe, 0xf, 0xd0,
    0x3f, 0xf0, 0x0, 0x0, 0x2f, 0x80, 0xbf, 0xf0,
    0x0, 0x0, 0x3f, 0x1, 0xff, 0xf0, 0x0, 0x0,
    0xfd, 0x3, 0xff, 0xf0, 0x0, 0x1, 0xfc, 0xf,
    0xdb, 0xf0, 0x0, 0x3, 0xf4, 0x2f, 0x8b, 0xf0,
    0x0, 0xb, 0xe0, 0x3f, 0xb, 0xf0, 0x0, 0x1f,
    0xc0, 0xff, 0xff, 0xfd, 0x0, 0x3f, 0x40, 0xff,
    0xff, 0xfd, 0x0, 0x3f, 0x0, 0xff, 0xff, 0xfd,
    0x0, 0x4, 0x0, 0x0, 0xb, 0xf0, 0x0, 0x0,
    0x0, 0x0, 0xb, 0xf0, 0x0, 0x0, 0x0, 0x0,
    0xb, 0xf0,

    /* U+00BD "½" */
    0x0, 0x19, 0x0, 0x0, 0x0, 0x0, 0x1, 0xbf,
    0x40, 0x0, 0x0, 0x0, 0x7, 0xff, 0xd0, 0x0,
    0x4, 0x0, 0x2, 0xff, 0xf4, 0x0, 0x7, 0xd0,
    0x0, 0xba, 0xfd, 0x0, 0x3, 0xf4, 0x0, 0x0,
    0x3f, 0x40, 0x2, 0xfc, 0x0, 0x0, 0xf, 0xd0,
    0x0, 0xfc, 0x0, 0x0, 0x3, 0xf4, 0x0, 0xbe,
    0x0, 0x0, 0x0, 0xfd, 0x0, 0x7f, 0x0, 0x0,
    0x0, 0x3f, 0x40, 0x3f, 0x40, 0x0, 0x0, 0xf,
    0xd0, 0x1f, 0xc0, 0x0, 0x0, 0x3, 0xf4, 0xf,
    0xc0, 0x0, 0x0, 0x0, 0xfd, 0xb, 0xe0, 0x7f,
    0xe0, 0x0, 0x3f, 0x47, 0xf0, 0xbf, 0xff, 0x40,
    0x5, 0x43, 0xf4, 0xbf, 0xff, 0xf0, 0x0, 0x1,
    0xfc, 0x3f, 0xc1, 0xfd, 0x0, 0x0, 0xfd, 0xf,
    0xd0, 0x3f, 0x80, 0x0, 0xbe, 0x0, 0x0, 0x1f,
    0xd0, 0x0, 0x3f, 0x0, 0x0, 0xf, 0xf0, 0x0,
    0x3f, 0x40, 0x0, 0xf, 0xf8, 0x0, 0x1f, 0xc0,
    0x0, 0xf, 0xfc, 0x0, 0xf, 0xd0, 0x0, 0xf,
    0xf8, 0x0, 0xb, 0xe0, 0x0, 0xf, 0xf8, 0x0,
    0x3, 0xf0, 0x0, 0xf, 0xf4, 0x0, 0x0, 0x14,
    0x0, 0xf, 0xff, 0xff, 0xc0, 0x0, 0x0, 0x3,
    0xff, 0xff, 0xf0, 0x0, 0x0, 0x0, 0xff, 0xff,
    0xfc,

    /* U+00BE "¾" */
    0x1, 0xff, 0x90, 0x0, 0x0, 0x0, 0x0, 0x3f,
    0xff, 0xe0, 0x0, 0x0, 0x0, 0x2, 0xff, 0xff,
    0xd0, 0x0, 0x0, 0x0, 0xf, 0xf0, 0x7f, 0x80,
    0x0, 0xb8, 0x0, 0x0, 0x0, 0xfe, 0x0, 0x7,
    0xf0, 0x0, 0x0, 0x3, 0xf8, 0x0, 0x3f, 0x40,
    0x0, 0x1, 0xbf, 0xc0, 0x2, 0xfc, 0x0, 0x0,
    0x1f, 0xfc, 0x0, 0xf, 0xc0, 0x0, 0x0, 0x7f,
    0xfc, 0x0, 0xbe, 0x0, 0x0, 0x0, 0x7, 0xf8,
    0x7, 0xf0, 0x0, 0x1, 0x50, 0xb, 0xf0, 0x3f,
    0x40, 0x0, 0xf, 0xe0, 0x3f, 0xc1, 0xfc, 0x0,
    0x0, 0x3f, 0xff, 0xfe, 0xf, 0xc0, 0x15, 0x0,
    0x3f, 0xff, 0xf0, 0xbe, 0x2, 0xfe, 0x0, 0x2f,
    0xf9, 0x7, 0xf0, 0xf, 0xf8, 0x0, 0x0, 0x0,
    0x3f, 0x40, 0xff, 0xe0, 0x0, 0x0, 0x1, 0xfc,
    0xb, 0xff, 0x80, 0x0, 0x0, 0xf, 0xc0, 0x7f,
    0xfe, 0x0, 0x0, 0x0, 0xbe, 0x3, 0xf3, 0xf8,
    0x0, 0x0, 0x7, 0xf0, 0x2f, 0x4f, 0xe0, 0x0,
    0x0, 0x3f, 0x41, 0xf8, 0x3f, 0x80, 0x0, 0x1,
    0xfc, 0xf, 0xff, 0xff, 0xc0, 0x0, 0xf, 0xc0,
    0x3f, 0xff, 0xff, 0x0, 0x0, 0x7e, 0x0, 0xff,
    0xff, 0xfc, 0x0, 0x0, 0x20, 0x0, 0x0, 0x3f,
    0x80, 0x0, 0x0, 0x0, 0x0, 0x0, 0xfe, 0x0,
    0x0, 0x0, 0x0, 0x0, 0x3, 0xf8, 0x0,

    /* U+00BF "¿" */
    0x0, 0x3, 0xf0, 0x0, 0x0, 0x3, 0xff, 0x0,
    0x0, 0x1, 0xff, 0xd0, 0x0, 0x0, 0x3f, 0xf0,
    0x0, 0x0, 0xb, 0xf8, 0x0, 0x0, 0x0, 0x64,
    0x0, 0x0, 0x0, 0x0, 0x0, 0x0, 0x0, 0x0,
    0x0, 0x0, 0x0, 0xa, 0xa4, 0x0, 0x0, 0x3,
    0xfe, 0x0, 0x0, 0x0, 0xff, 0x80, 0x0, 0x0,
    0xbf, 0xd0, 0x0, 0x0, 0x7f, 0xf0, 0x0, 0x0,
    0x7f, 0xf4, 0x0, 0x0, 0x7f, 0xf8, 0x0, 0x0,
    0x3f, 0xfc, 0x0, 0x0, 0x3f, 0xfc, 0x0, 0x0,
    0x1f, 0xfc, 0x0, 0x0, 0xb, 0xfe, 0x0, 0x0,
    0x2, 0xff, 0x40, 0x5, 0x54, 0xbf, 0xd0, 0x3,
    0xff, 0x2f, 0xf8, 0x2, 0xff, 0xc7, 0xff, 0x96,
    0xff, 0xe0, 0xff, 0xff, 0xff, 0xf0, 0x1f, 0xff,
    0xff, 0xf4, 0x1, 0xff, 0xff, 0xf4, 0x0, 0x6,
    0xff, 0x90, 0x0,

    /* U+00C0 "À" */
    0x0, 0xa, 0xa9, 0x0, 0x0, 0x0, 0x0, 0x1,
    0xff, 0xc0, 0x0, 0x0, 0x0, 0x0, 0x1f, 0xf8,
    0x0, 0x0, 0x0, 0x0, 0x2, 0xff, 0x0, 0x0,
    0x0, 0x0, 0x0, 0x2f, 0xf0, 0x0, 0x0, 0x0,
    0x0, 0x3, 0xfd, 0x0, 0x0, 0x0, 0x0, 0x0,
    0x0, 0x0, 0x0, 0x0, 0x0, 0x0, 0x0, 0x0,
    0x0, 0x0, 0x0, 0x0, 0x2f, 0xf8, 0x0, 0x0,
    0x0, 0x0, 0xf, 0xff, 0x0, 0x0, 0x0, 0x0,
    0x7, 0xff, 0xd0, 0x0, 0x0, 0x0, 0x2, 0xff,
    0xfc, 0x0, 0x0, 0x0, 0x0, 0xff, 0xff, 0x0,
    0x0, 0x0, 0x0, 0x7f, 0xff, 0xe0, 0x0, 0x0,
    0x0, 0x2f, 0xff, 0xfc, 0x0, 0x0, 0x0, 0xf,
    0xfa, 0xff, 0x40, 0x0, 0x0, 0x7, 0xfd, 0x3f,
    0xe0, 0x0, 0x0, 0x3, 0xff, 0xf, 0xfc, 0x0,
    0x0, 0x0, 0xff, 0x82, 0xff, 0x40, 0x0, 0x0,
    0xbf, 0xd0, 0x3f, 0xf0, 0x0, 0x0, 0x3f, 0xf0,
    0xf, 0xfc, 0x0, 0x0, 0x1f, 0xf8, 0x2, 0xff,
    0x80, 0x0, 0xb, 0xfd, 0x0, 0x3f, 0xf0, 0x0,
    0x3, 0xff, 0x0, 0xf, 0xfc, 0x0, 0x1, 0xff,
    0xff, 0xff, 0xff, 0x80, 0x0, 0xff, 0xff, 0xff,
    0xff, 0xf0, 0x0, 0x3f, 0xff, 0xff, 0xff, 0xfd,
    0x0, 0x1f, 0xff, 0xff, 0xff, 0xff, 0x80, 0xf,
    0xfe, 0x55, 0x55, 0xbf, 0xf0, 0x3, 0xff, 0x0,
    0x0, 0xf, 0xfd, 0x2, 0xff, 0xc0, 0x0, 0x2,
    0xff, 0xc0, 0xff, 0xe0, 0x0, 0x0, 0x7f, 0xf0,
    0x7f, 0xf0, 0x0, 0x0, 0xf, 0xfe, 0x2f, 0xfc,
    0x0, 0x0, 0x2, 0xff, 0xc0,

    /* U+00C1 "Á" */
    0x0, 0x0, 0x0, 0x2a, 0xa4, 0x0, 0x0, 0x0,
    0x0, 0x2f, 0xf8, 0x0, 0x0, 0x0, 0x0, 0xf,
    0xfc, 0x0, 0x0, 0x0, 0x0, 0xb, 0xfc, 0x0,
    0x0, 0x0, 0x0, 0x7, 0xfc, 0x0, 0x0, 0x0,
    0x0, 0x3, 0xfd, 0x0, 0x0, 0x0, 0x0, 0x0,
    0x0, 0x0, 0x0, 0x0, 0x0, 0x0, 0x0, 0x0,
    0x0, 0x0, 0x0, 0x0, 0x2f, 0xf8, 0x0, 0x0,
    0x0, 0x0, 0xf, 0xff, 0x0, 0x0, 0x0, 0x0,
    0x7, 0xff, 0xd0, 0x0, 0x0, 0x0, 0x2, 0xff,
    0xfc, 0x0, 0x0, 0x0, 0x0, 0xff, 0xff, 0x0,
    0x0, 0x0, 0x0, 0x7f, 0xff, 0xe0, 0x0, 0x0,
    0x0, 0x2f, 0xff, 0xfc, 0x0, 0x0, 0x0, 0xf,
    0xfa, 0xff, 0x40, 0x0, 0x0, 0x7, 0xfd, 0x3f,
    0xe0, 0x0, 0x0, 0x3, 0xff, 0xf, 0xfc, 0x0,
    0x0, 0x0, 0xff, 0x82, 0xff, 0x40, 0x0, 0x0,
    0xbf, 0xd0, 0x3f, 0xf0, 0x0, 0x0, 0x3f, 0xf0,
    0xf, 0xfc, 0x0, 0x0, 0x1f, 0xf8, 0x2, 0xff,
    0x80, 0x0, 0xb, 0xfd, 0x0, 0x3f, 0xf0, 0x0,
    0x3, 0xff, 0x0, 0xf, 0xfc, 0x0, 0x1, 0xff,
    0xff, 0xff, 0xff, 0x80, 0x0, 0xff, 0xff, 0xff,
    0xff, 0xf0, 0x0, 0x3f, 0xff, 0xff, 0xff, 0xfd,
    0x0, 0x1f, 0xff, 0xff, 0xff, 0xff, 0x80, 0xf,
    0xfe, 0x55, 0x55, 0xbf, 0xf0, 0x3, 0xff, 0x0,
    0x0, 0xf, 0xfd, 0x2, 0xff, 0xc0, 0x0, 0x2,
    0xff, 0xc0, 0xff, 0xe0, 0x0, 0x0, 0x7f, 0xf0,
    0x7f, 0xf0, 0x0, 0x0, 0xf, 0xfe, 0x2f, 0xfc,
    0x0, 0x0, 0x2, 0xff, 0xc0,

    /* U+00C2 "Â" */
    0x0, 0x0, 0x6, 0x90, 0x0, 0x0, 0x0, 0x0,
    0x7, 0xfe, 0x0, 0x0, 0x0, 0x0, 0xb, 0xff,
    0xe0, 0x0, 0x0, 0x0, 0xb, 0xf9, 0xff, 0x0,
    0x0, 0x0, 0xb, 0xf8, 0x1f, 0xf0, 0x0, 0x0,
    0x2, 0xa4, 0x0, 0xa9, 0x0, 0x0, 0x0, 0x0,
    0x0, 0x0, 0x0, 0x0, 0x0, 0x0, 0x0, 0x0,
    0x0, 0x0, 0x0, 0x0, 0x2f, 0xf8, 0x0, 0x0,
    0x0, 0x0, 0xf, 0xff, 0x0, 0x0, 0x0, 0x0,
    0x7, 0xff, 0xd0, 0x0, 0x0, 0x0, 0x2, 0xff,
    0xfc, 0x0, 0x0, 0x0, 0x0, 0xff, 0xff, 0x0,
    0x0, 0x0, 0x0, 0x7f, 0xff, 0xe0, 0x0, 0x0,
    0x0, 0x2f, 0xff, 0xfc, 0x0, 0x0, 0x0, 0xf,
    0xfa, 0xff, 0x40, 0x0, 0x0, 0x7, 0xfd, 0x3f,
    0xe0, 0x0, 0x0, 0x3, 0xff, 0xf, 0xfc, 0x0,
    0x0, 0x0, 0xff, 0x82, 0xff, 0x40, 0x0, 0x0,
    0xbf, 0xd0, 0x3f, 0xf0, 0x0, 0x0, 0x3f, 0xf0,
    0xf, 0xfc, 0x0, 0x0, 0x1f, 0xf8, 0x2, 0xff,
    0x80, 0x0, 0xb, 0xfd, 0x0, 0x3f, 0xf0, 0x0,
    0x3, 0xff, 0x0, 0xf, 0xfc, 0x0, 0x1, 0xff,
    0xff, 0xff, 0xff, 0x80, 0x0, 0xff, 0xff, 0xff,
    0xff, 0xf0, 0x0, 0x3f, 0xff, 0xff, 0xff, 0xfd,
    0x0, 0x1f, 0xff, 0xff, 0xff, 0xff, 0x80, 0xf,
    0xfe, 0x55, 0x55, 0xbf, 0xf0, 0x3, 0xff, 0x0,
    0x0, 0xf, 0xfd, 0x2, 0xff, 0xc0, 0x0, 0x2,
    0xff, 0xc0, 0xff, 0xe0, 0x0, 0x0, 0x7f, 0xf0,
    0x7f, 0xf0, 0x0, 0x0, 0xf, 0xfe, 0x2f, 0xfc,
    0x0, 0x0, 0x2, 0xff, 0xc0,

    /* U+00C3 "Ã" */
    0x0, 0x0, 0x10, 0x0, 0x50, 0x0, 0x0, 0x0,
    0xbf, 0xd0, 0xbe, 0x0, 0x0, 0x0, 0xbf, 0xff,
    0xff, 0x40, 0x0, 0x0, 0x3f, 0xff, 0xff, 0xc0,
    0x0, 0x0, 0x1f, 0xc1, 0xff, 0xc0, 0x0, 0x0,
    0x1, 0x40, 0x1, 0x0, 0x0, 0x0, 0x0, 0x0,
    0x0, 0x0, 0x0, 0x0, 0x0, 0x0, 0x0, 0x0,
    0x0, 0x0, 0x0, 0x0, 0x2f, 0xf8, 0x0, 0x0,
    0x0, 0x0, 0xf, 0xff, 0x0, 0x0, 0x0, 0x0,
    0x7, 0xff, 0xd0, 0x0, 0x0, 0x0, 0x2, 0xff,
    0xfc, 0x0, 0x0, 0x0, 0x0, 0xff, 0xff, 0x0,
    0x0, 0x0, 0x0, 0x7f, 0xff, 0xe0, 0x0, 0x0,
    0x0, 0x2f, 0xff, 0xfc, 0x0, 0x0, 0x0, 0xf,
    0xfa, 0xff, 0x40, 0x0, 0x0, 0x7, 0xfd, 0x3f,
    0xe0, 0x0, 0x0, 0x3, 0xff, 0xf, 0xfc, 0x0,
    0x0, 0x0, 0xff, 0x82, 0xff, 0x40, 0x0, 0x0,
    0xbf, 0xd0, 0x3f, 0xf0, 0x0, 0x0, 0x3f, 0xf0,
    0xf, 0xfc, 0x0, 0x0, 0x1f, 0xf8, 0x2, 0xff,
    0x80, 0x0, 0xb, 0xfd, 0x0, 0x3f, 0xf0, 0x0,
    0x3, 0xff, 0x0, 0xf, 0xfc, 0x0, 0x1, 0xff,
    0xff, 0xff, 0xff, 0x80, 0x0, 0xff, 0xff, 0xff,
    0xff, 0xf0, 0x0, 0x3f, 0xff, 0xff, 0xff, 0xfd,
    0x0, 0x1f, 0xff, 0xff, 0xff, 0xff, 0x80, 0xf,
    0xfe, 0x55, 0x55, 0xbf, 0xf0, 0x3, 0xff, 0x0,
    0x0, 0xf, 0xfd, 0x2, 0xff, 0xc0, 0x0, 0x2,
    0xff, 0xc0, 0xff, 0xe0, 0x0, 0x0, 0x7f, 0xf0,
    0x7f, 0xf0, 0x0, 0x0, 0xf, 0xfe, 0x2f, 0xfc,
    0x0, 0x0, 0x2, 0xff, 0xc0,

    /* U+00C4 "Ä" */
    0x0, 0x2, 0x40, 0x1, 0x90, 0x0, 0x0, 0x3,
    0xfc, 0x2, 0xfd, 0x0, 0x0, 0x2, 0xff, 0x0,
    0xff, 0xc0, 0x0, 0x0, 0x7f, 0xc0, 0x3f, 0xe0,
    0x0, 0x0, 0xb, 0xd0, 0x3, 0xe0, 0x0, 0x0,
    0x0, 0x0, 0x0, 0x0, 0x0, 0x0, 0x0, 0x0,
    0x0, 0x0, 0x0, 0x0, 0x0, 0x0, 0xbf, 0xe0,
    0x0, 0x0, 0x0, 0x0, 0x3f, 0xfc, 0x0, 0x0,
    0x0, 0x0, 0x1f, 0xff, 0x40, 0x0, 0x0, 0x0,
    0xb, 0xff, 0xf0, 0x0, 0x0, 0x0, 0x3, 0xff,
    0xfc, 0x0, 0x0, 0x0, 0x1, 0xff, 0xff, 0x80,
    0x0, 0x0, 0x0, 0xbf, 0xff, 0xf0, 0x0, 0x0,
    0x0, 0x3f, 0xeb, 0xfd, 0x0, 0x0, 0x0, 0x1f,
    0xf4, 0xff, 0x80, 0x0, 0x0, 0xf, 0xfc, 0x3f,
    0xf0, 0x0, 0x0, 0x3, 0xfe, 0xb, 0xfd, 0x0,
    0x0, 0x2, 0xff, 0x40, 0xff, 0xc0, 0x0, 0x0,
    0xff, 0xc0, 0x3f, 0xf0, 0x0, 0x0, 0x7f, 0xe0,
    0xb, 0xfe, 0x0, 0x0, 0x2f, 0xf4, 0x0, 0xff,
    0xc0, 0x0, 0xf, 0xfc, 0x0, 0x3f, 0xf0, 0x0,
    0x7, 0xff, 0xff, 0xff, 0xfe, 0x0, 0x3, 0xff,
    0xff, 0xff, 0xff, 0xc0, 0x0, 0xff, 0xff, 0xff,
    0xff, 0xf4, 0x0, 0x7f, 0xff, 0xff, 0xff, 0xfe,
    0x0, 0x3f, 0xf9, 0x55, 0x56, 0xff, 0xc0, 0xf,
    0xfc, 0x0, 0x0, 0x3f, 0xf4, 0xb, 0xff, 0x0,
    0x0, 0xb, 0xff, 0x3, 0xff, 0x80, 0x0, 0x1,
    0xff, 0xc1, 0xff, 0xc0, 0x0, 0x0, 0x3f, 0xf8,
    0xbf, 0xf0, 0x0, 0x0, 0xb, 0xff, 0x0,

    /* U+00C5 "Å" */
    0x0, 0x0, 0xb, 0xf4, 0x0, 0x0, 0x0, 0x0,
    0xf, 0xff, 0x40, 0x0, 0x0, 0x0, 0xb, 0x81,
    0xf0, 0x0, 0x0, 0x0, 0x2, 0xd0, 0x3c, 0x0,
    0x0, 0x0, 0x0, 0xb8, 0x1f, 0x0, 0x0, 0x0,
    0x0, 0xf, 0xff, 0x40, 0x0, 0x0, 0x0, 0x0,
    0xbf, 0x40, 0x0, 0x0, 0x0, 0x0, 0x0, 0x0,
    0x0, 0x0, 0x0, 0x0, 0x0, 0x0, 0x0, 0x0,
    0x0, 0x0, 0xb, 0xfe, 0x0, 0x0, 0x0, 0x0,
    0x3, 0xff, 0xc0, 0x0, 0x0, 0x0, 0x1, 0xff,
    0xf4, 0x0, 0x0, 0x0, 0x0, 0xbf, 0xff, 0x0,
    0x0, 0x0, 0x0, 0x3f, 0xff, 0xc0, 0x0, 0x0,
    0x0, 0x1f, 0xff, 0xf8, 0x0, 0x0, 0x0, 0xb,
    0xff, 0xff, 0x0, 0x0, 0x0, 0x3, 0xfe, 0xbf,
    0xd0, 0x0, 0x0, 0x1, 0xff, 0x4f, 0xf8, 0x0,
    0x0, 0x0, 0xff, 0xc3, 0xff, 0x0, 0x0, 0x0,
    0x3f, 0xe0, 0xbf, 0xd0, 0x0, 0x0, 0x2f, 0xf4,
    0xf, 0xfc, 0x0, 0x0, 0xf, 0xfc, 0x3, 0xff,
    0x0, 0x0, 0x7, 0xfe, 0x0, 0xbf, 0xe0, 0x0,
    0x2, 0xff, 0x40, 0xf, 0xfc, 0x0, 0x0, 0xff,
    0xc0, 0x3, 0xff, 0x0, 0x0, 0x7f, 0xff, 0xff,
    0xff, 0xe0, 0x0, 0x3f, 0xff, 0xff, 0xff, 0xfc,
    0x0, 0xf, 0xff, 0xff, 0xff, 0xff, 0x40, 0x7,
    0xff, 0xff, 0xff, 0xff, 0xe0, 0x3, 0xff, 0x95,
    0x55, 0x6f, 0xfc, 0x0, 0xff, 0xc0, 0x0, 0x3,
    0xff, 0x40, 0xbf, 0xf0, 0x0, 0x0, 0xbf, 0xf0,
    0x3f, 0xf8, 0x0, 0x0, 0x1f, 0xfc, 0x1f, 0xfc,
    0x0, 0x0, 0x3, 0xff, 0x8b, 0xff, 0x0, 0x0,
    0x0, 0xbf, 0xf0,

    /* U+00C6 "Æ" */
    0x0, 0x0, 0x0, 0x1f, 0xff, 0xff, 0xff, 0xfe,
    0x0, 0x0, 0x0, 0xf, 0xff, 0xff, 0xff, 0xff,
    0x80, 0x0, 0x0, 0x7, 0xff, 0xff, 0xff, 0xff,
    0xe0, 0x0, 0x0, 0x3, 0xff, 0xff, 0xff, 0xff,
    0xf8, 0x0, 0x0, 0x2, 0xff, 0xff, 0xd5, 0x55,
    0x54, 0x0, 0x0, 0x0, 0xff, 0xff, 0xf4, 0x0,
    0x0, 0x0, 0x0, 0x0, 0xbf, 0xef, 0xfd, 0x0,
    0x0, 0x0, 0x0, 0x0, 0x3f, 0xf2, 0xff, 0x40,
    0x0, 0x0, 0x0, 0x0, 0x2f, 0xf8, 0xbf, 0xd0,
    0x0, 0x0, 0x0, 0x0, 0xf, 0xfc, 0x2f, 0xf4,
    0x0, 0x0, 0x0, 0x0, 0xb, 0xfe, 0xb, 0xff,
    0xff, 0xff, 0x40, 0x0, 0x7, 0xff, 0x2, 0xff,
    0xff, 0xff, 0xd0, 0x0, 0x3, 0xff, 0x80, 0xbf,
    0xff, 0xff, 0xf4, 0x0, 0x1, 0xff, 0xc0, 0x1f,
    0xff, 0xff, 0xfd, 0x0, 0x0, 0xff, 0xe0, 0x7,
    0xff, 0x55, 0x55, 0x0, 0x0, 0x7f, 0xf9, 0x56,
    0xff, 0x80, 0x0, 0x0, 0x0, 0x3f, 0xff, 0xff,
    0xff, 0xe0, 0x0, 0x0, 0x0, 0x1f, 0xff, 0xff,
    0xff, 0xfc, 0x0, 0x0, 0x0, 0xf, 0xff, 0xff,
    0xff, 0xff, 0x0, 0x0, 0x0, 0xb, 0xff, 0xff,
    0xff, 0xff, 0xc0, 0x0, 0x0, 0x3, 0xff, 0x80,
    0x0, 0x3f, 0xf0, 0x0, 0x0, 0x2, 0xff, 0xc0,
    0x0, 0xf, 0xfd, 0x55, 0x55, 0x40, 0xff, 0xe0,
    0x0, 0x3, 0xff, 0xff, 0xff, 0xfc, 0xbf, 0xf0,
    0x0, 0x0, 0xff, 0xff, 0xff, 0xff, 0x3f, 0xf8,
    0x0, 0x0, 0x3f, 0xff, 0xff, 0xff, 0xef, 0xfc,
    0x0, 0x0, 0xf, 0xff, 0xff, 0xff, 0xf0,

    /* U+00C7 "Ç" */
    0x0, 0x1, 0xbf, 0xf8, 0x0, 0x0, 0x1, 0xff,
    0xff, 0xfc, 0x0, 0x0, 0xbf, 0xff, 0xff, 0xf4,
    0x0, 0x2f, 0xff, 0xff, 0xff, 0xd0, 0x7, 0xff,
    0xe9, 0xbf, 0xff, 0x0, 0xff, 0xf0, 0x0, 0x7f,
    0xf8, 0x1f, 0xfc, 0x0, 0x2, 0xff, 0xc3, 0xff,
    0x80, 0x0, 0xf, 0xfc, 0x3f, 0xf4, 0x0, 0x0,
    0xff, 0xd7, 0xff, 0x0, 0x0, 0x0, 0x0, 0x7f,
    0xf0, 0x0, 0x0, 0x0, 0x7, 0xff, 0x0, 0x0,
    0x0, 0x0, 0x7f, 0xf0, 0x0, 0x0, 0x0, 0x7,
    0xff, 0x0, 0x0, 0x0, 0x0, 0x7f, 0xf0, 0x0,
    0x0, 0x0, 0x7, 0xff, 0x0, 0x0, 0x0, 0x0,
    0x7f, 0xf0, 0x0, 0x0, 0x0, 0x3, 0xff, 0x0,
    0x0, 0xf, 0xfd, 0x3f, 0xf8, 0x0, 0x0, 0xff,
    0xc2, 0xff, 0xc0, 0x0, 0x2f, 0xfc, 0xf, 0xff,
    0x0, 0x7, 0xff, 0x80, 0xbf, 0xfe, 0x5b, 0xff,
    0xf0, 0x3, 0xff, 0xff, 0xff, 0xfd, 0x0, 0xf,
    0xff, 0xff, 0xff, 0x40, 0x0, 0x2f, 0xff, 0xff,
    0xc0, 0x0, 0x0, 0x1b, 0xff, 0x90, 0x0, 0x0,
    0x0, 0x3f, 0xc0, 0x0, 0x0, 0x0, 0x3, 0xff,
    0x80, 0x0, 0x0, 0x0, 0x7, 0xfc, 0x0, 0x0,
    0x0, 0x0, 0x3f, 0xd0, 0x0, 0x0, 0x0, 0x7,
    0xfd, 0x0, 0x0, 0x0, 0x3, 0xff, 0xc0, 0x0,
    0x0, 0x0, 0x2f, 0xf4, 0x0, 0x0, 0x0, 0x2,
    0xf8, 0x0, 0x0,

    /* U+00C8 "È" */
    0x2, 0xaa, 0x40, 0x0, 0x0, 0x1f, 0xfc, 0x0,
    0x0, 0x0, 0x7f, 0xe0, 0x0, 0x0, 0x2, 0xff,
    0x0, 0x0, 0x0, 0xb, 0xfc, 0x0, 0x0, 0x0,
    0x3f, 0xd0, 0x0, 0x0, 0x0, 0x0, 0x0, 0x0,
    0x0, 0x0, 0x0, 0x0, 0xbf, 0xff, 0xff, 0xff,
    0xdb, 0xff, 0xff, 0xff, 0xfd, 0xbf, 0xff, 0xff,
    0xff, 0xdb, 0xff, 0xff, 0xff, 0xfd, 0xbf, 0xe5,
    0x55, 0x55, 0x4b, 0xfe, 0x0, 0x0, 0x0, 0xbf,
    0xe0, 0x0, 0x0, 0xb, 0xfe, 0x0, 0x0, 0x0,
    0xbf, 0xe0, 0x0, 0x0, 0xb, 0xfe, 0x0, 0x0,
    0x0, 0xbf, 0xff, 0xff, 0xfe, 0xb, 0xff, 0xff,
    0xff, 0xe0, 0xbf, 0xff, 0xff, 0xfe, 0xb, 0xff,
    0xff, 0xff, 0xe0, 0xbf, 0xe5, 0x55, 0x54, 0xb,
    0xfe, 0x0, 0x0, 0x0, 0xbf, 0xe0, 0x0, 0x0,
    0xb, 0xfe, 0x0, 0x0, 0x0, 0xbf, 0xe0, 0x0,
    0x0, 0xb, 0xfe, 0x0, 0x0, 0x0, 0xbf, 0xe0,
    0x0, 0x0, 0xb, 0xfe, 0x55, 0x55, 0x54, 0xbf,
    0xff, 0xff, 0xff, 0xdb, 0xff, 0xff, 0xff, 0xfd,
    0xbf, 0xff, 0xff, 0xff, 0xdb, 0xff, 0xff, 0xff,
    0xfd,

    /* U+00C9 "É" */
    0x0, 0x0, 0xa, 0xa9, 0x0, 0x0, 0x2, 0xff,
    0x80, 0x0, 0x0, 0x3f, 0xf0, 0x0, 0x0, 0xb,
    0xfc, 0x0, 0x0, 0x1, 0xff, 0x0, 0x0, 0x0,
    0x3f, 0xd0, 0x0, 0x0, 0x0, 0x0, 0x0, 0x0,
    0x0, 0x0, 0x0, 0x0, 0xbf, 0xff, 0xff, 0xff,
    0xdb, 0xff, 0xff, 0xff, 0xfd, 0xbf, 0xff, 0xff,
    0xff, 0xdb, 0xff, 0xff, 0xff, 0xfd, 0xbf, 0xe5,
    0x55, 0x55, 0x4b, 0xfe, 0x0, 0x0, 0x0, 0xbf,
    0xe0, 0x0, 0x0, 0xb, 0xfe, 0x0, 0x0, 0x0,
    0xbf, 0xe0, 0x0, 0x0, 0xb, 0xfe, 0x0, 0x0,
    0x0, 0xbf, 0xff, 0xff, 0xfe, 0xb, 0xff, 0xff,
    0xff, 0xe0, 0xbf, 0xff, 0xff, 0xfe, 0xb, 0xff,
    0xff, 0xff, 0xe0, 0xbf, 0xe5, 0x55, 0x54, 0xb,
    0xfe, 0x0, 0x0, 0x0, 0xbf, 0xe0, 0x0, 0x0,
    0xb, 0xfe, 0x0, 0x0, 0x0, 0xbf, 0xe0, 0x0,
    0x0, 0xb, 0xfe, 0x0, 0x0, 0x0, 0xbf, 0xe0,
    0x0, 0x0, 0xb, 0xfe, 0x55, 0x55, 0x54, 0xbf,
    0xff, 0xff, 0xff, 0xdb, 0xff, 0xff, 0xff, 0xfd,
    0xbf, 0xff, 0xff, 0xff, 0xdb, 0xff, 0xff, 0xff,
    0xfd,

    /* U+00CA "Ê" */
    0x0, 0x1, 0xa4, 0x0, 0x0, 0x0, 0x7f, 0xe0,
    0x0, 0x0, 0x2f, 0xff, 0x80, 0x0, 0xb, 0xf9,
    0xfe, 0x0, 0x2, 0xfe, 0x7, 0xfc, 0x0, 0x2a,
    0x40, 0xa, 0x90, 0x0, 0x0, 0x0, 0x0, 0x0,
    0x0, 0x0, 0x0, 0x0, 0xbf, 0xff, 0xff, 0xff,
    0xdb, 0xff, 0xff, 0xff, 0xfd, 0xbf, 0xff, 0xff,
    0xff, 0xdb, 0xff, 0xff, 0xff, 0xfd, 0xbf, 0xe5,
    0x55, 0x55, 0x4b, 0xfe, 0x0, 0x0, 0x0, 0xbf,
    0xe0, 0x0, 0x0, 0xb, 0xfe, 0x0, 0x0, 0x0,
    0xbf, 0xe0, 0x0, 0x0, 0xb, 0xfe, 0x0, 0x0,
    0x0, 0xbf, 0xff, 0xff, 0xfe, 0xb, 0xff, 0xff,
    0xff, 0xe0, 0xbf, 0xff, 0xff, 0xfe, 0xb, 0xff,
    0xff, 0xff, 0xe0, 0xbf, 0xe5, 0x55, 0x54, 0xb,
    0xfe, 0x0, 0x0, 0x0, 0xbf, 0xe0, 0x0, 0x0,
    0xb, 0xfe, 0x0, 0x0, 0x0, 0xbf, 0xe0, 0x0,
    0x0, 0xb, 0xfe, 0x0, 0x0, 0x0, 0xbf, 0xe0,
    0x0, 0x0, 0xb, 0xfe, 0x55, 0x55, 0x54, 0xbf,
    0xff, 0xff, 0xff, 0xdb, 0xff, 0xff, 0xff, 0xfd,
    0xbf, 0xff, 0xff, 0xff, 0xdb, 0xff, 0xff, 0xff,
    0xfd,

    /* U+00CB "Ë" */
    0x0, 0x90, 0x0, 0x64, 0x0, 0x3f, 0xc0, 0x2f,
    0xd0, 0xb, 0xfc, 0x3, 0xff, 0x0, 0x7f, 0xc0,
    0x3f, 0xe0, 0x2, 0xf4, 0x0, 0xf8, 0x0, 0x0,
    0x0, 0x0, 0x0, 0x0, 0x0, 0x0, 0x0, 0xb,
    0xff, 0xff, 0xff, 0xfd, 0xbf, 0xff, 0xff, 0xff,
    0xdb, 0xff, 0xff, 0xff, 0xfd, 0xbf, 0xff, 0xff,
    0xff, 0xdb, 0xfe, 0x55, 0x55, 0x54, 0xbf, 0xe0,
    0x0, 0x0, 0xb, 0xfe, 0x0, 0x0, 0x0, 0xbf,
    0xe0, 0x0, 0x0, 0xb, 0xfe, 0x0, 0x0, 0x0,
    0xbf, 0xe0, 0x0, 0x0, 0xb, 0xff, 0xff, 0xff,
    0xe0, 0xbf, 0xff, 0xff, 0xfe, 0xb, 0xff, 0xff,
    0xff, 0xe0, 0xbf, 0xff, 0xff, 0xfe, 0xb, 0xfe,
    0x55, 0x55, 0x40, 0xbf, 0xe0, 0x0, 0x0, 0xb,
    0xfe, 0x0, 0x0, 0x0, 0xbf, 0xe0, 0x0, 0x0,
    0xb, 0xfe, 0x0, 0x0, 0x0, 0xbf, 0xe0, 0x0,
    0x0, 0xb, 0xfe, 0x0, 0x0, 0x0, 0xbf, 0xe5,
    0x55, 0x55, 0x4b, 0xff, 0xff, 0xff, 0xfd, 0xbf,
    0xff, 0xff, 0xff, 0xdb, 0xff, 0xff, 0xff, 0xfd,
    0xbf, 0xff, 0xff, 0xff, 0xd0,

    /* U+00CC "Ì" */
    0x2a, 0xa4, 0x1, 0xff, 0xc0, 0x7, 0xfe, 0x0,
    0x2f, 0xf0, 0x0, 0xbf, 0xc0, 0x3, 0xfd, 0x0,
    0x0, 0x0, 0x0, 0x0, 0x0, 0x7f, 0xf0, 0x7,
    0xff, 0x0, 0x7f, 0xf0, 0x7, 0xff, 0x0, 0x7f,
    0xf0, 0x7, 0xff, 0x0, 0x7f, 0xf0, 0x7, 0xff,
    0x0, 0x7f, 0xf0, 0x7, 0xff, 0x0, 0x7f, 0xf0,
    0x7, 0xff, 0x0, 0x7f, 0xf0, 0x7, 0xff, 0x0,
    0x7f, 0xf0, 0x7, 0xff, 0x0, 0x7f, 0xf0, 0x7,
    0xff, 0x0, 0x7f, 0xf0, 0x7, 0xff, 0x0, 0x7f,
    0xf0, 0x7, 0xff, 0x0, 0x7f, 0xf0, 0x7, 0xff,
    0x0, 0x7f, 0xf0, 0x7, 0xff,

    /* U+00CD "Í" */
    0x0, 0xaa, 0x90, 0x1f, 0xfc, 0x3, 0xff, 0x0,
    0xbf, 0xc0, 0x1f, 0xf0, 0x3, 0xfd, 0x0, 0x0,
    0x0, 0x0, 0x0, 0x0, 0x7f, 0xf0, 0x7, 0xff,
    0x0, 0x7f, 0xf0, 0x7, 0xff, 0x0, 0x7f, 0xf0,
    0x7, 0xff, 0x0, 0x7f, 0xf0, 0x7, 0xff, 0x0,
    0x7f, 0xf0, 0x7, 0xff, 0x0, 0x7f, 0xf0, 0x7,
    0xff, 0x0, 0x7f, 0xf0, 0x7, 0xff, 0x0, 0x7f,
    0xf0, 0x7, 0xff, 0x0, 0x7f, 0xf0, 0x7, 0xff,
    0x0, 0x7f, 0xf0, 0x7, 0xff, 0x0, 0x7f, 0xf0,
    0x7, 0xff, 0x0, 0x7f, 0xf0, 0x7, 0xff, 0x0,
    0x7f, 0xf0, 0x7, 0xff, 0x0,

    /* U+00CE "Î" */
    0x0, 0xa, 0x40, 0x0, 0x7, 0xfe, 0x0, 0x1,
    0xff, 0xfc, 0x0, 0xbf, 0x9f, 0xf0, 0x2f, 0xe0,
    0x3f, 0xc2, 0xa4, 0x0, 0xa9, 0x0, 0x0, 0x0,
    0x0, 0x0, 0x0, 0x0, 0x0, 0x7f, 0xf0, 0x0,
    0x7, 0xff, 0x0, 0x0, 0x7f, 0xf0, 0x0, 0x7,
    0xff, 0x0, 0x0, 0x7f, 0xf0, 0x0, 0x7, 0xff,
    0x0, 0x0, 0x7f, 0xf0, 0x0, 0x7, 0xff, 0x0,
    0x0, 0x7f, 0xf0, 0x0, 0x7, 0xff, 0x0, 0x0,
    0x7f, 0xf0, 0x0, 0x7, 0xff, 0x0, 0x0, 0x7f,
    0xf0, 0x0, 0x7, 0xff, 0x0, 0x0, 0x7f, 0xf0,
    0x0, 0x7, 0xff, 0x0, 0x0, 0x7f, 0xf0, 0x0,
    0x7, 0xff, 0x0, 0x0, 0x7f, 0xf0, 0x0, 0x7,
    0xff, 0x0, 0x0, 0x7f, 0xf0, 0x0, 0x7, 0xff,
    0x0, 0x0, 0x7f, 0xf0, 0x0, 0x7, 0xff, 0x0,
    0x0, 0x7f, 0xf0, 0x0, 0x7, 0xff, 0x0,

    /* U+00CF "Ï" */
    0x9, 0x0, 0x6, 0x43, 0xfc, 0x2, 0xfe, 0x7f,
    0xd0, 0x3f, 0xf7, 0xfc, 0x2, 0xff, 0x2f, 0x40,
    0xf, 0xc0, 0x0, 0x0, 0x0, 0x0, 0x0, 0x0,
    0x0, 0x7, 0xff, 0x0, 0x0, 0x7f, 0xf0, 0x0,
    0x7, 0xff, 0x0, 0x0, 0x7f, 0xf0, 0x0, 0x7,
    0xff, 0x0, 0x0, 0x7f, 0xf0, 0x0, 0x7, 0xff,
    0x0, 0x0, 0x7f, 0xf0, 0x0, 0x7, 0xff, 0x0,
    0x0, 0x7f, 0xf0, 0x0, 0x7, 0xff, 0x0, 0x0,
    0x7f, 0xf0, 0x0, 0x7, 0xff, 0x0, 0x0, 0x7f,
    0xf0, 0x0, 0x7, 0xff, 0x0, 0x0, 0x7f, 0xf0,
    0x0, 0x7, 0xff, 0x0, 0x0, 0x7f, 0xf0, 0x0,
    0x7, 0xff, 0x0, 0x0, 0x7f, 0xf0, 0x0, 0x7,
    0xff, 0x0, 0x0, 0x7f, 0xf0, 0x0, 0x7, 0xff,
    0x0, 0x0, 0x7f, 0xf0, 0x0, 0x7, 0xff, 0x0,
    0x0, 0x7f, 0xf0, 0x0,

    /* U+00D0 "Ð" */
    0x0, 0xff, 0xff, 0xf9, 0x0, 0x0, 0x0, 0xff,
    0xff, 0xff, 0xe0, 0x0, 0x0, 0xff, 0xff, 0xff,
    0xfc, 0x0, 0x0, 0xff, 0xff, 0xff, 0xff, 0x0,
    0x0, 0xff, 0xd5, 0x6f, 0xff, 0xc0, 0x0, 0xff,
    0xc0, 0x2, 0xff, 0xe0, 0x0, 0xff, 0xc0, 0x0,
    0xbf, 0xf0, 0x0, 0xff, 0xc0, 0x0, 0x3f, 0xf8,
    0x0, 0xff, 0xc0, 0x0, 0x2f, 0xfc, 0x0, 0xff,
    0xc0, 0x0, 0x1f, 0xfc, 0x0, 0xff, 0xc0, 0x0,
    0xf, 0xfc, 0x7f, 0xff, 0xff, 0xc0, 0xf, 0xfd,
    0x7f, 0xff, 0xff, 0xc0, 0xf, 0xfd, 0x7f, 0xff,
    0xff, 0xc0, 0xf, 0xfd, 0x15, 0xff, 0xd5, 0x40,
    0xf, 0xfd, 0x0, 0xff, 0xc0, 0x0, 0xf, 0xfd,
    0x0, 0xff, 0xc0, 0x0, 0x1f, 0xfc, 0x0, 0xff,
    0xc0, 0x0, 0x2f, 0xfc, 0x0, 0xff, 0xc0, 0x0,
    0x3f, 0xf8, 0x0, 0xff, 0xc0, 0x0, 0xbf, 0xf0,
    0x0, 0xff, 0xc0, 0x2, 0xff, 0xe0, 0x0, 0xff,
    0xd5, 0x6f, 0xff, 0xc0, 0x0, 0xff, 0xff, 0xff,
    0xff, 0x0, 0x0, 0xff, 0xff, 0xff, 0xfc, 0x0,
    0x0, 0xff, 0xff, 0xff, 0xe0, 0x0, 0x0, 0xff,
    0xff, 0xf9, 0x0, 0x0,

    /* U+00D1 "Ñ" */
    0x0, 0x0, 0x0, 0x1, 0x40, 0x0, 0x0, 0xff,
    0x90, 0xfd, 0x0, 0x0, 0x3f, 0xff, 0xff, 0xc0,
    0x0, 0xb, 0xff, 0xff, 0xf8, 0x0, 0x0, 0xfd,
    0xb, 0xfe, 0x0, 0x0, 0x5, 0x40, 0x1, 0x0,
    0x0, 0x0, 0x0, 0x0, 0x0, 0x0, 0x0, 0x0,
    0x0, 0x0, 0x0, 0x0, 0xbf, 0xf0, 0x0, 0x0,
    0xff, 0xcb, 0xff, 0x40, 0x0, 0xf, 0xfc, 0xbf,
    0xfc, 0x0, 0x0, 0xff, 0xcb, 0xff, 0xe0, 0x0,
    0xf, 0xfc, 0xbf, 0xff, 0x40, 0x0, 0xff, 0xcb,
    0xff, 0xfc, 0x0, 0xf, 0xfc, 0xbf, 0xff, 0xd0,
    0x0, 0xff, 0xcb, 0xff, 0xff, 0x0, 0xf, 0xfc,
    0xbf, 0xff, 0xf8, 0x0, 0xff, 0xcb, 0xfe, 0xff,
    0xd0, 0xf, 0xfc, 0xbf, 0xe7, 0xff, 0x0, 0xff,
    0xcb, 0xfe, 0x3f, 0xf4, 0xf, 0xfc, 0xbf, 0xe1,
    0xff, 0xc0, 0xff, 0xcb, 0xfe, 0xb, 0xfe, 0xf,
    0xfc, 0xbf, 0xe0, 0x3f, 0xf4, 0xff, 0xcb, 0xfe,
    0x1, 0xff, 0xcf, 0xfc, 0xbf, 0xe0, 0xf, 0xfe,
    0xff, 0xcb, 0xfe, 0x0, 0x7f, 0xff, 0xfc, 0xbf,
    0xe0, 0x2, 0xff, 0xff, 0xcb, 0xfe, 0x0, 0xf,
    0xff, 0xfc, 0xbf, 0xe0, 0x0, 0x7f, 0xff, 0xcb,
    0xfe, 0x0, 0x3, 0xff, 0xfc, 0xbf, 0xe0, 0x0,
    0x1f, 0xff, 0xcb, 0xfe, 0x0, 0x0, 0xbf, 0xfc,
    0xbf, 0xe0, 0x0, 0x3, 0xff, 0xcb, 0xfe, 0x0,
    0x0, 0x1f, 0xfc,

    /* U+00D2 "Ò" */
    0x0, 0x2f, 0xfc, 0x0, 0x0, 0x0, 0x0, 0x3f,
    0xf4, 0x0, 0x0, 0x0, 0x0, 0x3f, 0xf0, 0x0,
    0x0, 0x0, 0x0, 0x3f, 0xe0, 0x0, 0x0, 0x0,
    0x0, 0x3f, 0xc0, 0x0, 0x0, 0x0, 0x0, 0x6a,
    0x40, 0x0, 0x0, 0x0, 0x0, 0x0, 0x0, 0x0,
    0x0, 0x0, 0x0, 0x0, 0x0, 0x0, 0x0, 0x1,
    0xbf, 0xf8, 0x0, 0x0, 0x0, 0x7f, 0xff, 0xff,
    0x0, 0x0, 0xb, 0xff, 0xff, 0xff, 0x40, 0x0,
    0xbf, 0xff, 0xff, 0xff, 0x40, 0x7, 0xff, 0xfa,
    0xbf, 0xff, 0x0, 0x3f, 0xfd, 0x0, 0x2f, 0xfe,
    0x1, 0xff, 0xd0, 0x0, 0x2f, 0xfc, 0xf, 0xff,
    0x0, 0x0, 0x3f, 0xf8, 0x3f, 0xf4, 0x0, 0x0,
    0xbf, 0xf0, 0xff, 0xc0, 0x0, 0x1, 0xff, 0xc7,
    0xff, 0x0, 0x0, 0x3, 0xff, 0x1f, 0xfc, 0x0,
    0x0, 0xf, 0xfd, 0x7f, 0xf0, 0x0, 0x0, 0x3f,
    0xf5, 0xff, 0xc0, 0x0, 0x0, 0xff, 0xd7, 0xff,
    0x0, 0x0, 0x3, 0xff, 0x5f, 0xfc, 0x0, 0x0,
    0xf, 0xfc, 0x3f, 0xf0, 0x0, 0x0, 0x7f, 0xf0,
    0xff, 0xd0, 0x0, 0x2, 0xff, 0xc3, 0xff, 0xc0,
    0x0, 0xf, 0xfe, 0x7, 0xff, 0x40, 0x0, 0xbf,
    0xf0, 0xf, 0xff, 0x40, 0x7, 0xff, 0xc0, 0x1f,
    0xff, 0xe6, 0xff, 0xfc, 0x0, 0x2f, 0xff, 0xff,
    0xff, 0xd0, 0x0, 0x2f, 0xff, 0xff, 0xfd, 0x0,
    0x0, 0x1f, 0xff, 0xff, 0xc0, 0x0, 0x0, 0x6,
    0xff, 0xe4, 0x0, 0x0,

    /* U+00D3 "Ó" */
    0x0, 0x0, 0x0, 0xff, 0xe0, 0x0, 0x0, 0x0,
    0x7, 0xfe, 0x0, 0x0, 0x0, 0x0, 0x3f, 0xf0,
    0x0, 0x0, 0x0, 0x2, 0xff, 0x0, 0x0, 0x0,
    0x0, 0x1f, 0xf0, 0x0, 0x0, 0x0, 0x0, 0xaa,
    0x0, 0x0, 0x0, 0x0, 0x0, 0x0, 0x0, 0x0,
    0x0, 0x0, 0x0, 0x0, 0x0, 0x0, 0x0, 0x1,
    0xbf, 0xf8, 0x0, 0x0, 0x0, 0x7f, 0xff, 0xff,
    0x0, 0x0, 0xb, 0xff, 0xff, 0xff, 0x40, 0x0,
    0xbf, 0xff, 0xff, 0xff, 0x40, 0x7, 0xff, 0xfa,
    0xbf, 0xff, 0x0, 0x3f, 0xfd, 0x0, 0x2f, 0xfe,
    0x1, 0xff, 0xd0, 0x0, 0x2f, 0xfc, 0xf, 0xff,
    0x0, 0x0, 0x3f, 0xf8, 0x3f, 0xf4, 0x0, 0x0,
    0xbf, 0xf0, 0xff, 0xc0, 0x0, 0x1, 0xff, 0xc7,
    0xff, 0x0, 0x0, 0x3, 0xff, 0x1f, 0xfc, 0x0,
    0x0, 0xf, 0xfd, 0x7f, 0xf0, 0x0, 0x0, 0x3f,
    0xf5, 0xff, 0xc0, 0x0, 0x0, 0xff, 0xd7, 0xff,
    0x0, 0x0, 0x3, 0xff, 0x5f, 0xfc, 0x0, 0x0,
    0xf, 0xfc, 0x3f, 0xf0, 0x0, 0x0, 0x7f, 0xf0,
    0xff, 0xd0, 0x0, 0x2, 0xff, 0xc3, 0xff, 0xc0,
    0x0, 0xf, 0xfe, 0x7, 0xff, 0x40, 0x0, 0xbf,
    0xf0, 0xf, 0xff, 0x40, 0x7, 0xff, 0xc0, 0x1f,
    0xff, 0xe6, 0xff, 0xfc, 0x0, 0x2f, 0xff, 0xff,
    0xff, 0xd0, 0x0, 0x2f, 0xff, 0xff, 0xfd, 0x0,
    0x0, 0x1f, 0xff, 0xff, 0xc0, 0x0, 0x0, 0x6,
    0xff, 0xe4, 0x0, 0x0,

    /* U+00D4 "Ô" */
    0x0, 0x0, 0x2f, 0xd0, 0x0, 0x0, 0x0, 0x2,
    0xff, 0xd0, 0x0, 0x0, 0x0, 0x2f, 0xff, 0xd0,
    0x0, 0x0, 0x2, 0xfe, 0x3f, 0xd0, 0x0, 0x0,
    0x2f, 0xe0, 0x3f, 0xc0, 0x0, 0x0, 0xa9, 0x0,
    0x1a, 0x40, 0x0, 0x0, 0x0, 0x0, 0x0, 0x0,
    0x0, 0x0, 0x0, 0x0, 0x0, 0x0, 0x0, 0x1,
    0xbf, 0xf8, 0x0, 0x0, 0x0, 0x7f, 0xff, 0xff,
    0x0, 0x0, 0xb, 0xff, 0xff, 0xff, 0x40, 0x0,
    0xbf, 0xff, 0xff, 0xff, 0x40, 0x7, 0xff, 0xfa,
    0xbf, 0xff, 0x0, 0x3f, 0xfd, 0x0, 0x2f, 0xfe,
    0x1, 0xff, 0xd0, 0x0, 0x2f, 0xfc, 0xf, 0xff,
    0x0, 0x0, 0x3f, 0xf8, 0x3f, 0xf4, 0x0, 0x0,
    0xbf, 0xf0, 0xff, 0xc0, 0x0, 0x1, 0xff, 0xc7,
    0xff, 0x0, 0x0, 0x3, 0xff, 0x1f, 0xfc, 0x0,
    0x0, 0xf, 0xfd, 0x7f, 0xf0, 0x0, 0x0, 0x3f,
    0xf5, 0xff, 0xc0, 0x0, 0x0, 0xff, 0xd7, 0xff,
    0x0, 0x0, 0x3, 0xff, 0x5f, 0xfc, 0x0, 0x0,
    0xf, 0xfc, 0x3f, 0xf0, 0x0, 0x0, 0x7f, 0xf0,
    0xff, 0xd0, 0x0, 0x2, 0xff, 0xc3, 0xff, 0xc0,
    0x0, 0xf, 0xfe, 0x7, 0xff, 0x40, 0x0, 0xbf,
    0xf0, 0xf, 0xff, 0x40, 0x7, 0xff, 0xc0, 0x1f,
    0xff, 0xe6, 0xff, 0xfc, 0x0, 0x2f, 0xff, 0xff,
    0xff, 0xd0, 0x0, 0x2f, 0xff, 0xff, 0xfd, 0x0,
    0x0, 0x1f, 0xff, 0xff, 0xc0, 0x0, 0x0, 0x6,
    0xff, 0xe4, 0x0, 0x0,

    /* U+00D5 "Õ" */
    0x0, 0x0, 0x40, 0x1, 0x50, 0x0, 0x0, 0x1f,
    0xf8, 0x1f, 0xc0, 0x0, 0x1, 0xff, 0xff, 0xfe,
    0x0, 0x0, 0xf, 0xff, 0xff, 0xf0, 0x0, 0x0,
    0x3f, 0x6, 0xff, 0x40, 0x0, 0x0, 0x50, 0x0,
    0x0, 0x0, 0x0, 0x0, 0x0, 0x0, 0x0, 0x0,
    0x0, 0x0, 0x0, 0x0, 0x0, 0x0, 0x0, 0x1,
    0xbf, 0xf8, 0x0, 0x0, 0x0, 0x7f, 0xff, 0xff,
    0x0, 0x0, 0xb, 0xff, 0xff, 0xff, 0x40, 0x0,
    0xbf, 0xff, 0xff, 0xff, 0x40, 0x7, 0xff, 0xfa,
    0xbf, 0xff, 0x0, 0x3f, 0xfd, 0x0, 0x2f, 0xfe,
    0x1, 0xff, 0xd0, 0x0, 0x2f, 0xfc, 0xf, 0xff,
    0x0, 0x0, 0x3f, 0xf8, 0x3f, 0xf4, 0x0, 0x0,
    0xbf, 0xf0, 0xff, 0xc0, 0x0, 0x1, 0xff, 0xc7,
    0xff, 0x0, 0x0, 0x3, 0xff, 0x1f, 0xfc, 0x0,
    0x0, 0xf, 0xfd, 0x7f, 0xf0, 0x0, 0x0, 0x3f,
    0xf5, 0xff, 0xc0, 0x0, 0x0, 0xff, 0xd7, 0xff,
    0x0, 0x0, 0x3, 0xff, 0x5f, 0xfc, 0x0, 0x0,
    0xf, 0xfc, 0x3f, 0xf0, 0x0, 0x0, 0x7f, 0xf0,
    0xff, 0xd0, 0x0, 0x2, 0xff, 0xc3, 0xff, 0xc0,
    0x0, 0xf, 0xfe, 0x7, 0xff, 0x40, 0x0, 0xbf,
    0xf0, 0xf, 0xff, 0x40, 0x7, 0xff, 0xc0, 0x1f,
    0xff, 0xe6, 0xff, 0xfc, 0x0, 0x2f, 0xff, 0xff,
    0xff, 0xd0, 0x0, 0x2f, 0xff, 0xff, 0xfd, 0x0,
    0x0, 0x1f, 0xff, 0xff, 0xc0, 0x0, 0x0, 0x6,
    0xff, 0xe4, 0x0, 0x0,

    /* U+00D6 "Ö" */
    0x0, 0x1f, 0x80, 0xb, 0xc0, 0x0, 0x0, 0xff,
    0x40, 0xbf, 0xc0, 0x0, 0x7, 0xfd, 0x2, 0xff,
    0x0, 0x0, 0xf, 0xf0, 0x7, 0xf8, 0x0, 0x0,
    0x6, 0x0, 0x6, 0x40, 0x0, 0x0, 0x0, 0x0,
    0x0, 0x0, 0x0, 0x0, 0x0, 0x0, 0x0, 0x0,
    0x0, 0x0, 0x6f, 0xfe, 0x0, 0x0, 0x0, 0x1f,
    0xff, 0xff, 0xc0, 0x0, 0x2, 0xff, 0xff, 0xff,
    0xd0, 0x0, 0x2f, 0xff, 0xff, 0xff, 0xd0, 0x1,
    0xff, 0xfe, 0xaf, 0xff, 0xc0, 0xf, 0xff, 0x40,
    0xb, 0xff, 0x80, 0x7f, 0xf4, 0x0, 0xb, 0xff,
    0x3, 0xff, 0xc0, 0x0, 0xf, 0xfe, 0xf, 0xfd,
    0x0, 0x0, 0x2f, 0xfc, 0x3f, 0xf0, 0x0, 0x0,
    0x7f, 0xf1, 0xff, 0xc0, 0x0, 0x0, 0xff, 0xc7,
    0xff, 0x0, 0x0, 0x3, 0xff, 0x5f, 0xfc, 0x0,
    0x0, 0xf, 0xfd, 0x7f, 0xf0, 0x0, 0x0, 0x3f,
    0xf5, 0xff, 0xc0, 0x0, 0x0, 0xff, 0xd7, 0xff,
    0x0, 0x0, 0x3, 0xff, 0xf, 0xfc, 0x0, 0x0,
    0x1f, 0xfc, 0x3f, 0xf4, 0x0, 0x0, 0xbf, 0xf0,
    0xff, 0xf0, 0x0, 0x3, 0xff, 0x81, 0xff, 0xd0,
    0x0, 0x2f, 0xfc, 0x3, 0xff, 0xd0, 0x1, 0xff,
    0xf0, 0x7, 0xff, 0xf9, 0xbf, 0xff, 0x0, 0xb,
    0xff, 0xff, 0xff, 0xf4, 0x0, 0xb, 0xff, 0xff,
    0xff, 0x40, 0x0, 0x7, 0xff, 0xff, 0xf0, 0x0,
    0x0, 0x1, 0xbf, 0xf9, 0x0, 0x0,

    /* U+00D7 "×" */
    0x0, 0x0, 0x0, 0x0, 0x2, 0x80, 0x0, 0xe,
    0x2, 0xf8, 0x0, 0xb, 0xd1, 0xff, 0x80, 0xb,
    0xfd, 0x7f, 0xf8, 0xb, 0xff, 0x47, 0xff, 0x8b,
    0xff, 0x40, 0x7f, 0xff, 0xff, 0x40, 0x7, 0xff,
    0xff, 0x40, 0x0, 0x7f, 0xff, 0x40, 0x0, 0xb,
    0xff, 0x80, 0x0, 0x7, 0xff, 0xf4, 0x0, 0x7,
    0xff, 0xff, 0x40, 0x7, 0xff, 0xff, 0xf4, 0x3,
    0xff, 0x8b, 0xff, 0x3, 0xff, 0x80, 0xbf, 0xf2,
    0xff, 0x80, 0xf, 0xfe, 0x2f, 0xc0, 0x0, 0xfe,
    0x2, 0xc0, 0x0, 0xe, 0x0, 0x0, 0x0, 0x0,
    0x0,

    /* U+00D8 "Ø" */
    0x0, 0x0, 0x0, 0x0, 0xf, 0xd0, 0x0, 0x0,
    0x0, 0x0, 0x3f, 0x0, 0x0, 0x1b, 0xff, 0x92,
    0xf8, 0x0, 0x3, 0xff, 0xff, 0xff, 0xc0, 0x0,
    0x7f, 0xff, 0xff, 0xfe, 0x0, 0x7, 0xff, 0xff,
    0xff, 0xf4, 0x0, 0x3f, 0xff, 0xab, 0xff, 0xf0,
    0x3, 0xff, 0xd0, 0x2, 0xff, 0xf0, 0x1f, 0xfd,
    0x0, 0xf, 0xff, 0xc0, 0xbf, 0xf0, 0x0, 0xbf,
    0xff, 0x83, 0xff, 0x80, 0x3, 0xfb, 0xff, 0xf,
    0xfd, 0x0, 0x2f, 0x8f, 0xfc, 0x7f, 0xf0, 0x1,
    0xfc, 0x3f, 0xf5, 0xff, 0xc0, 0xf, 0xd0, 0xff,
    0xd7, 0xff, 0x0, 0xbe, 0x3, 0xff, 0x5f, 0xfc,
    0x3, 0xf0, 0xf, 0xfd, 0x7f, 0xf0, 0x3f, 0x80,
    0x3f, 0xf4, 0xff, 0xc1, 0xfc, 0x0, 0xff, 0xd3,
    0xff, 0x4f, 0xd0, 0x3, 0xff, 0xf, 0xfe, 0xbe,
    0x0, 0x1f, 0xfc, 0x2f, 0xff, 0xf0, 0x0, 0xff,
    0xe0, 0x3f, 0xff, 0x40, 0x7, 0xff, 0x40, 0xbf,
    0xfc, 0x0, 0x7f, 0xfc, 0x0, 0xff, 0xfe, 0x6f,
    0xff, 0xd0, 0x1, 0xff, 0xff, 0xff, 0xfe, 0x0,
    0x3, 0xff, 0xff, 0xff, 0xe0, 0x0, 0x2f, 0xff,
    0xff, 0xfd, 0x0, 0x1, 0xfc, 0x2f, 0xfe, 0x40,
    0x0, 0xf, 0xd0, 0x0, 0x0, 0x0, 0x0, 0x29,
    0x0, 0x0, 0x0, 0x0, 0x0,

    /* U+00D9 "Ù" */
    0x1, 0xff, 0xc0, 0x0, 0x0, 0x0, 0x7f, 0xf0,
    0x0, 0x0, 0x0, 0x2f, 0xf4, 0x0, 0x0, 0x0,
    0xb, 0xfc, 0x0, 0x0, 0x0, 0x3, 0xfe, 0x0,
    0x0, 0x0, 0x0, 0xaa, 0x0, 0x0, 0x0, 0x0,
    0x0, 0x0, 0x0, 0x0, 0x0, 0x0, 0x0, 0x0,
    0xff, 0xd0, 0x0, 0xb, 0xfe, 0xff, 0xd0, 0x0,
    0xb, 0xfe, 0xff, 0xd0, 0x0, 0xb, 0xfe, 0xff,
    0xd0, 0x0, 0xb, 0xfe, 0xff, 0xd0, 0x0, 0xb,
    0xfe, 0xff, 0xd0, 0x0, 0xb, 0xfe, 0xff, 0xd0,
    0x0, 0xb, 0xfe, 0xff, 0xd0, 0x0, 0xb, 0xfe,
    0xff, 0xd0, 0x0, 0xb, 0xfe, 0xff, 0xd0, 0x0,
    0xb, 0xfe, 0xff, 0xd0, 0x0, 0xb, 0xfe, 0xff,
    0xd0, 0x0, 0xb, 0xfe, 0xff, 0xd0, 0x0, 0xb,
    0xfe, 0xff, 0xd0, 0x0, 0xb, 0xfe, 0xff, 0xd0,
    0x0, 0xb, 0xfe, 0xff, 0xd0, 0x0, 0xb, 0xfe,
    0xff, 0xd0, 0x0, 0xb, 0xfe, 0xff, 0xd0, 0x0,
    0xb, 0xfe, 0xff, 0xe0, 0x0, 0xf, 0xfe, 0xbf,
    0xf0, 0x0, 0xf, 0xfd, 0x7f, 0xf8, 0x0, 0x3f,
    0xfc, 0x3f, 0xff, 0x96, 0xff, 0xf8, 0x1f, 0xff,
    0xff, 0xff, 0xf0, 0x7, 0xff, 0xff, 0xff, 0xc0,
    0x0, 0xff, 0xff, 0xfe, 0x0, 0x0, 0x1b, 0xff,
    0x90, 0x0,

    /* U+00DA "Ú" */
    0x0, 0x0, 0xb, 0xff, 0x0, 0x0, 0x0, 0xf,
    0xfc, 0x0, 0x0, 0x0, 0x2f, 0xf0, 0x0, 0x0,
    0x0, 0x7f, 0xd0, 0x0, 0x0, 0x0, 0xff, 0x40,
    0x0, 0x0, 0x1, 0xa9, 0x0, 0x0, 0x0, 0x0,
    0x0, 0x0, 0x0, 0x0, 0x0, 0x0, 0x0, 0x0,
    0xff, 0xd0, 0x0, 0xb, 0xfe, 0xff, 0xd0, 0x0,
    0xb, 0xfe, 0xff, 0xd0, 0x0, 0xb, 0xfe, 0xff,
    0xd0, 0x0, 0xb, 0xfe, 0xff, 0xd0, 0x0, 0xb,
    0xfe, 0xff, 0xd0, 0x0, 0xb, 0xfe, 0xff, 0xd0,
    0x0, 0xb, 0xfe, 0xff, 0xd0, 0x0, 0xb, 0xfe,
    0xff, 0xd0, 0x0, 0xb, 0xfe, 0xff, 0xd0, 0x0,
    0xb, 0xfe, 0xff, 0xd0, 0x0, 0xb, 0xfe, 0xff,
    0xd0, 0x0, 0xb, 0xfe, 0xff, 0xd0, 0x0, 0xb,
    0xfe, 0xff, 0xd0, 0x0, 0xb, 0xfe, 0xff, 0xd0,
    0x0, 0xb, 0xfe, 0xff, 0xd0, 0x0, 0xb, 0xfe,
    0xff, 0xd0, 0x0, 0xb, 0xfe, 0xff, 0xd0, 0x0,
    0xb, 0xfe, 0xff, 0xe0, 0x0, 0xf, 0xfe, 0xbf,
    0xf0, 0x0, 0xf, 0xfd, 0x7f, 0xf8, 0x0, 0x3f,
    0xfc, 0x3f, 0xff, 0x96, 0xff, 0xf8, 0x1f, 0xff,
    0xff, 0xff, 0xf0, 0x7, 0xff, 0xff, 0xff, 0xc0,
    0x0, 0xff, 0xff, 0xfe, 0x0, 0x0, 0x1b, 0xff,
    0x90, 0x0,

    /* U+00DB "Û" */
    0x0, 0x0, 0xfe, 0x0, 0x0, 0x0, 0x3, 0xff,
    0x80, 0x0, 0x0, 0xf, 0xff, 0xe0, 0x0, 0x0,
    0x3f, 0xcb, 0xf8, 0x0, 0x0, 0xff, 0x2, 0xfe,
    0x0, 0x1, 0xa8, 0x0, 0x6a, 0x0, 0x0, 0x0,
    0x0, 0x0, 0x0, 0x0, 0x0, 0x0, 0x0, 0x0,
    0xff, 0xd0, 0x0, 0xb, 0xfe, 0xff, 0xd0, 0x0,
    0xb, 0xfe, 0xff, 0xd0, 0x0, 0xb, 0xfe, 0xff,
    0xd0, 0x0, 0xb, 0xfe, 0xff, 0xd0, 0x0, 0xb,
    0xfe, 0xff, 0xd0, 0x0, 0xb, 0xfe, 0xff, 0xd0,
    0x0, 0xb, 0xfe, 0xff, 0xd0, 0x0, 0xb, 0xfe,
    0xff, 0xd0, 0x0, 0xb, 0xfe, 0xff, 0xd0, 0x0,
    0xb, 0xfe, 0xff, 0xd0, 0x0, 0xb, 0xfe, 0xff,
    0xd0, 0x0, 0xb, 0xfe, 0xff, 0xd0, 0x0, 0xb,
    0xfe, 0xff, 0xd0, 0x0, 0xb, 0xfe, 0xff, 0xd0,
    0x0, 0xb, 0xfe, 0xff, 0xd0, 0x0, 0xb, 0xfe,
    0xff, 0xd0, 0x0, 0xb, 0xfe, 0xff, 0xd0, 0x0,
    0xb, 0xfe, 0xff, 0xe0, 0x0, 0xf, 0xfe, 0xbf,
    0xf0, 0x0, 0xf, 0xfd, 0x7f, 0xf8, 0x0, 0x3f,
    0xfc, 0x3f, 0xff, 0x96, 0xff, 0xf8, 0x1f, 0xff,
    0xff, 0xff, 0xf0, 0x7, 0xff, 0xff, 0xff, 0xc0,
    0x0, 0xff, 0xff, 0xfe, 0x0, 0x0, 0x1b, 0xff,
    0x90, 0x0,

    /* U+00DC "Ü" */
    0x0, 0xf8, 0x0, 0x7d, 0x0, 0x3, 0xfe, 0x0,
    0xff, 0x40, 0x3, 0xff, 0x1, 0xff, 0x40, 0x2,
    0xfd, 0x0, 0xff, 0x0, 0x0, 0x64, 0x0, 0x28,
    0x0, 0x0, 0x0, 0x0, 0x0, 0x0, 0x0, 0x0,
    0x0, 0x0, 0x0, 0xff, 0xd0, 0x0, 0xb, 0xfe,
    0xff, 0xd0, 0x0, 0xb, 0xfe, 0xff, 0xd0, 0x0,
    0xb, 0xfe, 0xff, 0xd0, 0x0, 0xb, 0xfe, 0xff,
    0xd0, 0x0, 0xb, 0xfe, 0xff, 0xd0, 0x0, 0xb,
    0xfe, 0xff, 0xd0, 0x0, 0xb, 0xfe, 0xff, 0xd0,
    0x0, 0xb, 0xfe, 0xff, 0xd0, 0x0, 0xb, 0xfe,
    0xff, 0xd0, 0x0, 0xb, 0xfe, 0xff, 0xd0, 0x0,
    0xb, 0xfe, 0xff, 0xd0, 0x0, 0xb, 0xfe, 0xff,
    0xd0, 0x0, 0xb, 0xfe, 0xff, 0xd0, 0x0, 0xb,
    0xfe, 0xff, 0xd0, 0x0, 0xb, 0xfe, 0xff, 0xd0,
    0x0, 0xb, 0xfe, 0xff, 0xd0, 0x0, 0xb, 0xfe,
    0xff, 0xd0, 0x0, 0xb, 0xfe, 0xff, 0xe0, 0x0,
    0xf, 0xfe, 0xbf, 0xf0, 0x0, 0xf, 0xfd, 0x7f,
    0xf8, 0x0, 0x3f, 0xfc, 0x3f, 0xff, 0x96, 0xff,
    0xf8, 0x1f, 0xff, 0xff, 0xff, 0xf0, 0x7, 0xff,
    0xff, 0xff, 0xc0, 0x0, 0xff, 0xff, 0xfe, 0x0,
    0x0, 0x1b, 0xff, 0x90, 0x0,

    /* U+00DD "Ý" */
    0x0, 0x0, 0x0, 0xaa, 0x90, 0x0, 0x0, 0x0,
    0xb, 0xfe, 0x0, 0x0, 0x0, 0x0, 0x3f, 0xf0,
    0x0, 0x0, 0x0, 0x2, 0xff, 0x0, 0x0, 0x0,
    0x0, 0x1f, 0xf0, 0x0, 0x0, 0x0, 0x0, 0xff,
    0x40, 0x0, 0x0, 0x0, 0x0, 0x0, 0x0, 0x0,
    0x0, 0x0, 0x0, 0x0, 0x0, 0x0, 0xbf, 0xf0,
    0x0, 0x0, 0xff, 0xf0, 0xff, 0xd0, 0x0, 0x3,
    0xff, 0x42, 0xff, 0xc0, 0x0, 0x2f, 0xfc, 0x3,
    0xff, 0x40, 0x0, 0xff, 0xd0, 0xb, 0xff, 0x0,
    0xb, 0xff, 0x0, 0xf, 0xfd, 0x0, 0x3f, 0xf4,
    0x0, 0x2f, 0xf8, 0x1, 0xff, 0xc0, 0x0, 0x3f,
    0xf0, 0xf, 0xfd, 0x0, 0x0, 0xbf, 0xe0, 0x7f,
    0xf0, 0x0, 0x0, 0xff, 0xc3, 0xff, 0x40, 0x0,
    0x2, 0xff, 0x5f, 0xfc, 0x0, 0x0, 0x3, 0xff,
    0xbf, 0xd0, 0x0, 0x0, 0xb, 0xff, 0xff, 0x0,
    0x0, 0x0, 0xf, 0xff, 0xf4, 0x0, 0x0, 0x0,
    0x2f, 0xff, 0xc0, 0x0, 0x0, 0x0, 0x3f, 0xfd,
    0x0, 0x0, 0x0, 0x0, 0xbf, 0xf0, 0x0, 0x0,
    0x0, 0x2, 0xff, 0xc0, 0x0, 0x0, 0x0, 0xb,
    0xff, 0x0, 0x0, 0x0, 0x0, 0x2f, 0xfc, 0x0,
    0x0, 0x0, 0x0, 0xbf, 0xf0, 0x0, 0x0, 0x0,
    0x2, 0xff, 0xc0, 0x0, 0x0, 0x0, 0xb, 0xff,
    0x0, 0x0, 0x0, 0x0, 0x2f, 0xfc, 0x0, 0x0,
    0x0, 0x0, 0xbf, 0xf0, 0x0, 0x0, 0x0, 0x2,
    0xff, 0xc0, 0x0, 0x0,

    /* U+00DE "Þ" */
    0xbf, 0xd0, 0x0, 0x0, 0x2, 0xff, 0x40, 0x0,
    0x0, 0xb, 0xfd, 0x0, 0x0, 0x0, 0x2f, 0xf4,
    0x0, 0x0, 0x0, 0xbf, 0xe0, 0x0, 0x0, 0x2,
    0xff, 0xff, 0xff, 0x80, 0xb, 0xff, 0xff, 0xff,
    0xe0, 0x2f, 0xff, 0xff, 0xff, 0xe0, 0xbf, 0xff,
    0xff, 0xff, 0xe2, 0xff, 0x40, 0x7, 0xff, 0xcb,
    0xfd, 0x0, 0x3, 0xff, 0x6f, 0xf4, 0x0, 0xb,
    0xfe, 0xbf, 0xd0, 0x0, 0x1f, 0xfa, 0xff, 0x40,
    0x0, 0x7f, 0xeb, 0xfd, 0x0, 0x2, 0xff, 0xaf,
    0xf4, 0x0, 0x1f, 0xfd, 0xbf, 0xe0, 0x6, 0xff,
    0xf2, 0xff, 0xff, 0xff, 0xff, 0x4b, 0xff, 0xff,
    0xff, 0xf8, 0x2f, 0xff, 0xff, 0xff, 0x40, 0xbf,
    0xff, 0xff, 0x90, 0x2, 0xff, 0x40, 0x0, 0x0,
    0xb, 0xfd, 0x0, 0x0, 0x0, 0x2f, 0xf4, 0x0,
    0x0, 0x0, 0xbf, 0xd0, 0x0, 0x0, 0x2, 0xff,
    0x40, 0x0, 0x0, 0x0,

    /* U+00DF "ß" */
    0x0, 0x2f, 0xfe, 0x0, 0x0, 0x2, 0xff, 0xff,
    0xe0, 0x0, 0xb, 0xff, 0xff, 0xf8, 0x0, 0x1f,
    0xff, 0xff, 0xfd, 0x0, 0x3f, 0xfd, 0x5f, 0xff,
    0x0, 0x3f, 0xf0, 0x7, 0xff, 0x0, 0x7f, 0xe0,
    0x3, 0xff, 0x0, 0xbf, 0xe0, 0x3, 0xff, 0x0,
    0xbf, 0xd0, 0x3, 0xff, 0x0, 0xbf, 0xd0, 0xb,
    0xfe, 0x0, 0xbf, 0xd0, 0xf, 0xfc, 0x0, 0xbf,
    0xd0, 0x1f, 0xf8, 0x0, 0xbf, 0xd0, 0x2f, 0xf4,
    0x0, 0xbf, 0xd0, 0x3f, 0xf4, 0x0, 0xbf, 0xd0,
    0x2f, 0xf8, 0x0, 0xbf, 0xd0, 0x1f, 0xfd, 0x0,
    0xbf, 0xd0, 0xf, 0xff, 0x40, 0xbf, 0xd0, 0x7,
    0xff, 0xd0, 0xbf, 0xd0, 0x1, 0xff, 0xf0, 0xbf,
    0xd0, 0x0, 0x7f, 0xfc, 0xbf, 0xd0, 0x0, 0x1f,
    0xfc, 0xbf, 0xd0, 0x0, 0xb, 0xfd, 0xbf, 0xd0,
    0x0, 0xb, 0xfd, 0xbf, 0xd0, 0x0, 0xf, 0xfd,
    0xbf, 0xd1, 0xe4, 0x7f, 0xfc, 0xbf, 0xd2, 0xff,
    0xff, 0xf8, 0xbf, 0xd3, 0xff, 0xff, 0xf0, 0xbf,
    0xd3, 0xff, 0xff, 0xc0, 0xbf, 0xd2, 0xbf, 0xf9,
    0x0,

    /* U+00E0 "à" */
    0x7, 0xff, 0x0, 0x0, 0x0, 0x2f, 0xf8, 0x0,
    0x0, 0x0, 0xbf, 0xd0, 0x0, 0x0, 0x3, 0xff,
    0x0, 0x0, 0x0, 0xf, 0xf8, 0x0, 0x0, 0x0,
    0x2a, 0x80, 0x0, 0x0, 0x0, 0x0, 0x0, 0x0,
    0x0, 0x0, 0x0, 0x0, 0x0, 0x1f, 0xfe, 0x0,
    0x0, 0x2f, 0xff, 0xfe, 0x0, 0xf, 0xff, 0xff,
    0xfc, 0x2, 0xff, 0xff, 0xff, 0xe0, 0x3f, 0xf8,
    0xb, 0xff, 0x7, 0xff, 0x0, 0x3f, 0xf0, 0x0,
    0x0, 0x3, 0xff, 0x40, 0x0, 0x0, 0x3f, 0xf4,
    0x0, 0x6f, 0xff, 0xff, 0x40, 0x7f, 0xff, 0xff,
    0xf4, 0x2f, 0xff, 0xff, 0xff, 0x43, 0xff, 0x80,
    0x3f, 0xf4, 0xbf, 0xe0, 0x3, 0xff, 0x4b, 0xfd,
    0x0, 0x3f, 0xf4, 0xff, 0xd0, 0x3, 0xff, 0x4b,
    0xff, 0x41, 0xff, 0xf4, 0x7f, 0xff, 0xff, 0xff,
    0x42, 0xff, 0xff, 0xff, 0xf4, 0xb, 0xff, 0xfe,
    0xff, 0x80, 0x1b, 0xfd, 0xf, 0xfc,

    /* U+00E1 "á" */
    0x0, 0x0, 0x2f, 0xfc, 0x0, 0x0, 0x3, 0xff,
    0x0, 0x0, 0x0, 0xff, 0xc0, 0x0, 0x0, 0x1f,
    0xf0, 0x0, 0x0, 0x3, 0xfd, 0x0, 0x0, 0x0,
    0x6a, 0x40, 0x0, 0x0, 0x0, 0x0, 0x0, 0x0,
    0x0, 0x0, 0x0, 0x0, 0x0, 0x1f, 0xfe, 0x0,
    0x0, 0x2f, 0xff, 0xfe, 0x0, 0xf, 0xff, 0xff,
    0xfc, 0x2, 0xff, 0xff, 0xff, 0xe0, 0x3f, 0xf8,
    0xb, 0xff, 0x7, 0xff, 0x0, 0x3f, 0xf0, 0x0,
    0x0, 0x3, 0xff, 0x40, 0x0, 0x0, 0x3f, 0xf4,
    0x0, 0x6f, 0xff, 0xff, 0x40, 0x7f, 0xff, 0xff,
    0xf4, 0x2f, 0xff, 0xff, 0xff, 0x43, 0xff, 0x80,
    0x3f, 0xf4, 0xbf, 0xe0, 0x3, 0xff, 0x4b, 0xfd,
    0x0, 0x3f, 0xf4, 0xff, 0xd0, 0x3, 0xff, 0x4b,
    0xff, 0x41, 0xff, 0xf4, 0x7f, 0xff, 0xff, 0xff,
    0x42, 0xff, 0xff, 0xff, 0xf4, 0xb, 0xff, 0xfe,
    0xff, 0x80, 0x1b, 0xfd, 0xf, 0xfc,

    /* U+00E2 "â" */
    0x0, 0x7, 0xf8, 0x0, 0x0, 0x1, 0xff, 0xe0,
    0x0, 0x0, 0x7f, 0xff, 0x80, 0x0, 0x1f, 0xf1,
    0xfe, 0x0, 0x7, 0xf8, 0x7, 0xf8, 0x0, 0x55,
    0x0, 0x5, 0x40, 0x0, 0x0, 0x0, 0x0, 0x0,
    0x0, 0x0, 0x0, 0x0, 0x0, 0x1f, 0xfe, 0x0,
    0x0, 0x2f, 0xff, 0xfe, 0x0, 0xf, 0xff, 0xff,
    0xfc, 0x2, 0xff, 0xff, 0xff, 0xe0, 0x3f, 0xf8,
    0xb, 0xff, 0x7, 0xff, 0x0, 0x3f, 0xf0, 0x0,
    0x0, 0x3, 0xff, 0x40, 0x0, 0x0, 0x3f, 0xf4,
    0x0, 0x6f, 0xff, 0xff, 0x40, 0x7f, 0xff, 0xff,
    0xf4, 0x2f, 0xff, 0xff, 0xff, 0x43, 0xff, 0x80,
    0x3f, 0xf4, 0xbf, 0xe0, 0x3, 0xff, 0x4b, 0xfd,
    0x0, 0x3f, 0xf4, 0xff, 0xd0, 0x3, 0xff, 0x4b,
    0xff, 0x41, 0xff, 0xf4, 0x7f, 0xff, 0xff, 0xff,
    0x42, 0xff, 0xff, 0xff, 0xf4, 0xb, 0xff, 0xfe,
    0xff, 0x80, 0x1b, 0xfd, 0xf, 0xfc,

    /* U+00E3 "ã" */
    0x0, 0xbe, 0x0, 0xbd, 0x0, 0x2f, 0xfd, 0xf,
    0xc0, 0x7, 0xff, 0xff, 0xfc, 0x0, 0xbf, 0x6f,
    0xff, 0x40, 0xf, 0xc0, 0x3f, 0xd0, 0x0, 0x54,
    0x0, 0x10, 0x0, 0x0, 0x0, 0x0, 0x0, 0x0,
    0x0, 0x0, 0x0, 0x0, 0x0, 0x1f, 0xfe, 0x0,
    0x0, 0x2f, 0xff, 0xfe, 0x0, 0xf, 0xff, 0xff,
    0xfc, 0x2, 0xff, 0xff, 0xff, 0xe0, 0x3f, 0xf8,
    0xb, 0xff, 0x7, 0xff, 0x0, 0x3f, 0xf0, 0x0,
    0x0, 0x3, 0xff, 0x40, 0x0, 0x0, 0x3f, 0xf4,
    0x0, 0x6f, 0xff, 0xff, 0x40, 0x7f, 0xff, 0xff,
    0xf4, 0x2f, 0xff, 0xff, 0xff, 0x43, 0xff, 0x80,
    0x3f, 0xf4, 0xbf, 0xe0, 0x3, 0xff, 0x4b, 0xfd,
    0x0, 0x3f, 0xf4, 0xff, 0xd0, 0x3, 0xff, 0x4b,
    0xff, 0x41, 0xff, 0xf4, 0x7f, 0xff, 0xff, 0xff,
    0x42, 0xff, 0xff, 0xff, 0xf4, 0xb, 0xff, 0xfe,
    0xff, 0x80, 0x1b, 0xfd, 0xf, 0xfc,

    /* U+00E4 "ä" */
    0x3, 0xe0, 0x2, 0xf4, 0x0, 0xff, 0x80, 0x7f,
    0xc0, 0xf, 0xfc, 0x7, 0xfd, 0x0, 0xbf, 0x40,
    0x3f, 0xc0, 0x1, 0x90, 0x0, 0x90, 0x0, 0x0,
    0x0, 0x0, 0x0, 0x0, 0x1f, 0xfe, 0x0, 0x0,
    0x2f, 0xff, 0xfe, 0x0, 0xf, 0xff, 0xff, 0xfc,
    0x2, 0xff, 0xff, 0xff, 0xe0, 0x3f, 0xf8, 0xb,
    0xff, 0x7, 0xff, 0x0, 0x3f, 0xf0, 0x0, 0x0,
    0x3, 0xff, 0x40, 0x0, 0x0, 0x3f, 0xf4, 0x0,
    0x6f, 0xff, 0xff, 0x40, 0x7f, 0xff, 0xff, 0xf4,
    0x2f, 0xff, 0xff, 0xff, 0x43, 0xff, 0x80, 0x3f,
    0xf4, 0xbf, 0xe0, 0x3, 0xff, 0x4b, 0xfd, 0x0,
    0x3f, 0xf4, 0xff, 0xd0, 0x3, 0xff, 0x4b, 0xff,
    0x41, 0xff, 0xf4, 0x7f, 0xff, 0xff, 0xff, 0x42,
    0xff, 0xff, 0xff, 0xf4, 0xb, 0xff, 0xfe, 0xff,
    0x80, 0x1b, 0xfd, 0xf, 0xfc,

    /* U+00E5 "å" */
    0x0, 0x2, 0xa4, 0x0, 0x0, 0x0, 0xff, 0xe0,
    0x0, 0x0, 0x3e, 0xf, 0x40, 0x0, 0x3, 0xc0,
    0x78, 0x0, 0x0, 0x3c, 0x7, 0x80, 0x0, 0x3,
    0xd0, 0xf4, 0x0, 0x0, 0xf, 0xfe, 0x0, 0x0,
    0x0, 0x2a, 0x40, 0x0, 0x0, 0x0, 0x0, 0x0,
    0x0, 0x0, 0x0, 0x0, 0x0, 0x0, 0x1f, 0xfe,
    0x0, 0x0, 0x2f, 0xff, 0xfe, 0x0, 0xf, 0xff,
    0xff, 0xfc, 0x2, 0xff, 0xff, 0xff, 0xe0, 0x3f,
    0xf8, 0xb, 0xff, 0x7, 0xff, 0x0, 0x3f, 0xf0,
    0x0, 0x0, 0x3, 0xff, 0x40, 0x0, 0x0, 0x3f,
    0xf4, 0x0, 0x6f, 0xff, 0xff, 0x40, 0x7f, 0xff,
    0xff, 0xf4, 0x2f, 0xff, 0xff, 0xff, 0x43, 0xff,
    0x80, 0x3f, 0xf4, 0xbf, 0xe0, 0x3, 0xff, 0x4b,
    0xfd, 0x0, 0x3f, 0xf4, 0xff, 0xd0, 0x3, 0xff,
    0x4b, 0xff, 0x41, 0xff, 0xf4, 0x7f, 0xff, 0xff,
    0xff, 0x42, 0xff, 0xff, 0xff, 0xf4, 0xb, 0xff,
    0xfe, 0xff, 0x80, 0x1b, 0xfd, 0xf, 0xfc,

    /* U+00E6 "æ" */
    0x0, 0x1b, 0xfe, 0x40, 0x2f, 0xfd, 0x0, 0x0,
    0xbf, 0xff, 0xfc, 0xbf, 0xff, 0xf4, 0x0, 0xbf,
    0xff, 0xff, 0xff, 0xff, 0xff, 0x40, 0x7f, 0xff,
    0xff, 0xff, 0xff, 0xff, 0xf0, 0x3f, 0xfd, 0x5b,
    0xff, 0xfd, 0x5f, 0xfe, 0xf, 0xfc, 0x0, 0xbf,
    0xfc, 0x0, 0xff, 0xc0, 0x0, 0x0, 0x1f, 0xfc,
    0x0, 0x2f, 0xf4, 0x0, 0x0, 0x7, 0xff, 0x0,
    0xb, 0xfd, 0x0, 0x6f, 0xff, 0xff, 0xff, 0xff,
    0xff, 0x42, 0xff, 0xff, 0xff, 0xff, 0xff, 0xff,
    0xd2, 0xff, 0xff, 0xff, 0xff, 0xff, 0xff, 0xf5,
    0xff, 0xfe, 0xab, 0xff, 0xaa, 0xaa, 0xa9, 0xbf,
    0xf0, 0x1, 0xff, 0xc0, 0x0, 0x0, 0x3f, 0xf4,
    0x0, 0x7f, 0xf4, 0x0, 0x0, 0xf, 0xfd, 0x0,
    0x1f, 0xff, 0x0, 0x0, 0x42, 0xff, 0xc0, 0x1f,
    0xff, 0xf9, 0x16, 0xf0, 0x7f, 0xff, 0xff, 0xff,
    0xff, 0xff, 0xfd, 0xf, 0xff, 0xff, 0xfe, 0xff,
    0xff, 0xff, 0xc0, 0xbf, 0xff, 0xf8, 0x1f, 0xff,
    0xff, 0x80, 0x6, 0xff, 0xd0, 0x0, 0x6f, 0xf9,
    0x0,

    /* U+00E7 "ç" */
    0x0, 0x1b, 0xfe, 0x40, 0x0, 0x7f, 0xff, 0xfc,
    0x0, 0x7f, 0xff, 0xff, 0xc0, 0x3f, 0xff, 0xff,
    0xf8, 0x2f, 0xfe, 0x5b, 0xff, 0xf, 0xfc, 0x0,
    0xbf, 0xe7, 0xfe, 0x0, 0xf, 0xfa, 0xff, 0x40,
    0x2, 0xa9, 0xff, 0xd0, 0x0, 0x0, 0x3f, 0xf0,
    0x0, 0x0, 0xf, 0xfc, 0x0, 0x0, 0x3, 0xff,
    0x40, 0x0, 0x0, 0xbf, 0xd0, 0x0, 0x0, 0x1f,
    0xf8, 0x0, 0x3f, 0xf3, 0xff, 0x0, 0x1f, 0xf8,
    0xbf, 0xf4, 0x2f, 0xfd, 0xf, 0xff, 0xff, 0xff,
    0x1, 0xff, 0xff, 0xff, 0x0, 0x1f, 0xff, 0xfe,
    0x0, 0x0, 0x7f, 0xf9, 0x0, 0x0, 0x7, 0xf8,
    0x0, 0x0, 0x2, 0xff, 0xd0, 0x0, 0x0, 0x1b,
    0xfc, 0x0, 0x0, 0x0, 0xff, 0x0, 0x0, 0x0,
    0xbf, 0xc0, 0x0, 0x0, 0xff, 0xe0, 0x0, 0x0,
    0x3f, 0xf0, 0x0, 0x0, 0xf, 0x90, 0x0,

    /* U+00E8 "è" */
    0x7, 0xff, 0x0, 0x0, 0x0, 0x2f, 0xf8, 0x0,
    0x0, 0x0, 0xbf, 0xc0, 0x0, 0x0, 0x3, 0xff,
    0x0, 0x0, 0x0, 0xf, 0xf4, 0x0, 0x0, 0x0,
    0x2a, 0x80, 0x0, 0x0, 0x0, 0x0, 0x0, 0x0,
    0x0, 0x0, 0x0, 0x0, 0x0, 0xb, 0xfe, 0x40,
    0x0, 0xb, 0xff, 0xff, 0x0, 0x3, 0xff, 0xff,
    0xfd, 0x0, 0xff, 0xff, 0xff, 0xf0, 0x1f, 0xfe,
    0x5b, 0xff, 0x83, 0xff, 0x80, 0xf, 0xfc, 0x7f,
    0xf0, 0x0, 0xbf, 0xc7, 0xfe, 0x0, 0xb, 0xfd,
    0xbf, 0xff, 0xff, 0xff, 0xdb, 0xff, 0xff, 0xff,
    0xfe, 0xbf, 0xff, 0xff, 0xff, 0xeb, 0xff, 0xaa,
    0xaa, 0xa9, 0xbf, 0xe0, 0x0, 0x0, 0x7, 0xff,
    0x0, 0x0, 0x0, 0x3f, 0xfc, 0x0, 0x1d, 0x2,
    0xff, 0xf5, 0x5b, 0xf4, 0xf, 0xff, 0xff, 0xff,
    0xc0, 0x3f, 0xff, 0xff, 0xf0, 0x0, 0xbf, 0xff,
    0xfc, 0x0, 0x0, 0xbf, 0xf9, 0x0,

    /* U+00E9 "é" */
    0x0, 0x0, 0x2f, 0xf8, 0x0, 0x0, 0x7, 0xff,
    0x0, 0x0, 0x0, 0xff, 0xc0, 0x0, 0x0, 0x2f,
    0xf0, 0x0, 0x0, 0x3, 0xfc, 0x0, 0x0, 0x0,
    0x6a, 0x40, 0x0, 0x0, 0x0, 0x0, 0x0, 0x0,
    0x0, 0x0, 0x0, 0x0, 0x0, 0xb, 0xfe, 0x40,
    0x0, 0xb, 0xff, 0xff, 0x0, 0x3, 0xff, 0xff,
    0xfd, 0x0, 0xff, 0xff, 0xff, 0xf0, 0x1f, 0xfe,
    0x5b, 0xff, 0x83, 0xff, 0x80, 0xf, 0xfc, 0x7f,
    0xf0, 0x0, 0xbf, 0xc7, 0xfe, 0x0, 0xb, 0xfd,
    0xbf, 0xff, 0xff, 0xff, 0xdb, 0xff, 0xff, 0xff,
    0xfe, 0xbf, 0xff, 0xff, 0xff, 0xeb, 0xff, 0xaa,
    0xaa, 0xa9, 0xbf, 0xe0, 0x0, 0x0, 0x7, 0xff,
    0x0, 0x0, 0x0, 0x3f, 0xfc, 0x0, 0x1d, 0x2,
    0xff, 0xf5, 0x5b, 0xf4, 0xf, 0xff, 0xff, 0xff,
    0xc0, 0x3f, 0xff, 0xff, 0xf0, 0x0, 0xbf, 0xff,
    0xfc, 0x0, 0x0, 0xbf, 0xf9, 0x0,

    /* U+00EA "ê" */
    0x0, 0x7, 0xf8, 0x0, 0x0, 0x1, 0xff, 0xe0,
    0x0, 0x0, 0xbf, 0xff, 0x80, 0x0, 0x2f, 0xe2,
    0xfe, 0x0, 0xb, 0xf8, 0xb, 0xf8, 0x0, 0x55,
    0x0, 0x5, 0x40, 0x0, 0x0, 0x0, 0x0, 0x0,
    0x0, 0x0, 0x0, 0x0, 0x0, 0xb, 0xfe, 0x40,
    0x0, 0xb, 0xff, 0xff, 0x0, 0x3, 0xff, 0xff,
    0xfd, 0x0, 0xff, 0xff, 0xff, 0xf0, 0x1f, 0xfe,
    0x5b, 0xff, 0x83, 0xff, 0x80, 0xf, 0xfc, 0x7f,
    0xf0, 0x0, 0xbf, 0xc7, 0xfe, 0x0, 0xb, 0xfd,
    0xbf, 0xff, 0xff, 0xff, 0xdb, 0xff, 0xff, 0xff,
    0xfe, 0xbf, 0xff, 0xff, 0xff, 0xeb, 0xff, 0xaa,
    0xaa, 0xa9, 0xbf, 0xe0, 0x0, 0x0, 0x7, 0xff,
    0x0, 0x0, 0x0, 0x3f, 0xfc, 0x0, 0x1d, 0x2,
    0xff, 0xf5, 0x5b, 0xf4, 0xf, 0xff, 0xff, 0xff,
    0xc0, 0x3f, 0xff, 0xff, 0xf0, 0x0, 0xbf, 0xff,
    0xfc, 0x0, 0x0, 0xbf, 0xf9, 0x0,

    /* U+00EB "ë" */
    0x7, 0xe0, 0x2, 0xf4, 0x0, 0xff, 0x40, 0x7f,
    0xc0, 0xf, 0xf8, 0xb, 0xfc, 0x0, 0xff, 0x40,
    0x3f, 0xc0, 0x1, 0x80, 0x0, 0x90, 0x0, 0x0,
    0x0, 0x0, 0x0, 0x0, 0xb, 0xfe, 0x40, 0x0,
    0xb, 0xff, 0xff, 0x0, 0x3, 0xff, 0xff, 0xfd,
    0x0, 0xff, 0xff, 0xff, 0xf0, 0x1f, 0xfe, 0x5b,
    0xff, 0x83, 0xff, 0x80, 0xf, 0xfc, 0x7f, 0xf0,
    0x0, 0xbf, 0xc7, 0xfe, 0x0, 0xb, 0xfd, 0xbf,
    0xff, 0xff, 0xff, 0xdb, 0xff, 0xff, 0xff, 0xfe,
    0xbf, 0xff, 0xff, 0xff, 0xeb, 0xff, 0xaa, 0xaa,
    0xa9, 0xbf, 0xe0, 0x0, 0x0, 0x7, 0xff, 0x0,
    0x0, 0x0, 0x3f, 0xfc, 0x0, 0x1d, 0x2, 0xff,
    0xf5, 0x5b, 0xf4, 0xf, 0xff, 0xff, 0xff, 0xc0,
    0x3f, 0xff, 0xff, 0xf0, 0x0, 0xbf, 0xff, 0xfc,
    0x0, 0x0, 0xbf, 0xf9, 0x0,

    /* U+00EC "ì" */
    0x3f, 0xf4, 0x1, 0xff, 0xc0, 0x7, 0xfe, 0x0,
    0x2f, 0xf0, 0x0, 0xbf, 0xc0, 0x2, 0xa8, 0x0,
    0x0, 0x0, 0x0, 0x0, 0x0, 0xbf, 0xd0, 0xb,
    0xfd, 0x0, 0xbf, 0xd0, 0xb, 0xfd, 0x0, 0xbf,
    0xd0, 0xb, 0xfd, 0x0, 0xbf, 0xd0, 0xb, 0xfd,
    0x0, 0xbf, 0xd0, 0xb, 0xfd, 0x0, 0xbf, 0xd0,
    0xb, 0xfd, 0x0, 0xbf, 0xd0, 0xb, 0xfd, 0x0,
    0xbf, 0xd0, 0xb, 0xfd, 0x0, 0xbf, 0xd0, 0xb,
    0xfd, 0x0, 0xbf, 0xd0, 0xb, 0xfd,

    /* U+00ED "í" */
    0x1, 0xff, 0xc0, 0x3f, 0xf0, 0xb, 0xfd, 0x0,
    0xff, 0x40, 0x3f, 0xe0, 0x2, 0xa8, 0x0, 0x0,
    0x0, 0x0, 0x0, 0x0, 0xbf, 0xd0, 0xb, 0xfd,
    0x0, 0xbf, 0xd0, 0xb, 0xfd, 0x0, 0xbf, 0xd0,
    0xb, 0xfd, 0x0, 0xbf, 0xd0, 0xb, 0xfd, 0x0,
    0xbf, 0xd0, 0xb, 0xfd, 0x0, 0xbf, 0xd0, 0xb,
    0xfd, 0x0, 0xbf, 0xd0, 0xb, 0xfd, 0x0, 0xbf,
    0xd0, 0xb, 0xfd, 0x0, 0xbf, 0xd0, 0xb, 0xfd,
    0x0, 0xbf, 0xd0, 0xb, 0xfd, 0x0,

    /* U+00EE "î" */
    0x0, 0x3f, 0xc0, 0x0, 0xf, 0xff, 0x0, 0x3,
    0xff, 0xfc, 0x1, 0xff, 0xf, 0xf0, 0x7f, 0xc0,
    0x3f, 0xc0, 0x0, 0x0, 0x0, 0x0, 0x0, 0x0,
    0x0, 0x0, 0x0, 0x0, 0x0, 0xbf, 0xd0, 0x0,
    0xb, 0xfd, 0x0, 0x0, 0xbf, 0xd0, 0x0, 0xb,
    0xfd, 0x0, 0x0, 0xbf, 0xd0, 0x0, 0xb, 0xfd,
    0x0, 0x0, 0xbf, 0xd0, 0x0, 0xb, 0xfd, 0x0,
    0x0, 0xbf, 0xd0, 0x0, 0xb, 0xfd, 0x0, 0x0,
    0xbf, 0xd0, 0x0, 0xb, 0xfd, 0x0, 0x0, 0xbf,
    0xd0, 0x0, 0xb, 0xfd, 0x0, 0x0, 0xbf, 0xd0,
    0x0, 0xb, 0xfd, 0x0, 0x0, 0xbf, 0xd0, 0x0,
    0xb, 0xfd, 0x0, 0x0, 0xbf, 0xd0, 0x0, 0xb,
    0xfd, 0x0,

    /* U+00EF "ï" */
    0x2f, 0x0, 0x1f, 0x8b, 0xfc, 0x3, 0xfd, 0xbf,
    0xc0, 0x3f, 0xe7, 0xf8, 0x3, 0xfc, 0x19, 0x0,
    0x6, 0x0, 0x0, 0x0, 0x0, 0x0, 0xbf, 0xd0,
    0x0, 0xb, 0xfd, 0x0, 0x0, 0xbf, 0xd0, 0x0,
    0xb, 0xfd, 0x0, 0x0, 0xbf, 0xd0, 0x0, 0xb,
    0xfd, 0x0, 0x0, 0xbf, 0xd0, 0x0, 0xb, 0xfd,
    0x0, 0x0, 0xbf, 0xd0, 0x0, 0xb, 0xfd, 0x0,
    0x0, 0xbf, 0xd0, 0x0, 0xb, 0xfd, 0x0, 0x0,
    0xbf, 0xd0, 0x0, 0xb, 0xfd, 0x0, 0x0, 0xbf,
    0xd0, 0x0, 0xb, 0xfd, 0x0, 0x0, 0xbf, 0xd0,
    0x0, 0xb, 0xfd, 0x0, 0x0, 0xbf, 0xd0, 0x0,
    0xb, 0xfd, 0x0,

    /* U+00F0 "ð" */
    0x0, 0x0, 0x0, 0x0, 0x0, 0x2, 0xe4, 0x0,
    0x0, 0x0, 0xf, 0xfd, 0x0, 0x40, 0x0, 0x7f,
    0xff, 0xf, 0xc0, 0x2, 0xff, 0xff, 0xff, 0x0,
    0x1, 0xff, 0xff, 0xd0, 0x0, 0x0, 0x7f, 0xff,
    0x40, 0x0, 0x0, 0xff, 0xff, 0x40, 0x0, 0x2f,
    0xff, 0xff, 0x0, 0x0, 0x7d, 0x1f, 0xfd, 0x0,
    0x0, 0x80, 0x2f, 0xfc, 0x0, 0x0, 0x0, 0x3f,
    0xf4, 0x0, 0x1f, 0xf9, 0xbf, 0xe0, 0x7, 0xff,
    0xff, 0xff, 0xc0, 0x7f, 0xff, 0xff, 0xff, 0x3,
    0xff, 0xff, 0xff, 0xfd, 0x2f, 0xfe, 0x1, 0xff,
    0xf4, 0xff, 0xe0, 0x0, 0xff, 0xd3, 0xff, 0x0,
    0x2, 0xff, 0x5f, 0xf8, 0x0, 0xb, 0xfd, 0x7f,
    0xe0, 0x0, 0x2f, 0xf5, 0xff, 0x80, 0x0, 0xff,
    0xc7, 0xfe, 0x0, 0x3, 0xff, 0xf, 0xfc, 0x0,
    0x1f, 0xf8, 0x3f, 0xf8, 0x0, 0xff, 0xd0, 0x7f,
    0xfd, 0x1f, 0xff, 0x0, 0xbf, 0xff, 0xff, 0xf0,
    0x0, 0xff, 0xff, 0xff, 0x40, 0x0, 0xbf, 0xff,
    0xf4, 0x0, 0x0, 0x2f, 0xf9, 0x0, 0x0,

    /* U+00F1 "ñ" */
    0x0, 0x7f, 0x0, 0x7e, 0x0, 0x1f, 0xfe, 0xb,
    0xe0, 0x3, 0xff, 0xff, 0xfd, 0x0, 0x7f, 0x5f,
    0xff, 0x80, 0x7, 0xe0, 0x2f, 0xe0, 0x0, 0x14,
    0x0, 0x10, 0x0, 0x0, 0x0, 0x0, 0x0, 0x0,
    0x0, 0x0, 0x0, 0x0, 0x3f, 0xe0, 0x7f, 0xe0,
    0x3, 0xfe, 0x7f, 0xff, 0xd0, 0x3f, 0xff, 0xff,
    0xff, 0x3, 0xff, 0xff, 0xff, 0xf8, 0x3f, 0xfe,
    0x5b, 0xff, 0xc3, 0xff, 0x40, 0x1f, 0xfc, 0x3f,
    0xf0, 0x0, 0xff, 0xc3, 0xff, 0x0, 0xf, 0xfd,
    0x3f, 0xf0, 0x0, 0xff, 0xd3, 0xff, 0x0, 0xf,
    0xfd, 0x3f, 0xf0, 0x0, 0xff, 0xd3, 0xff, 0x0,
    0xf, 0xfd, 0x3f, 0xf0, 0x0, 0xff, 0xd3, 0xff,
    0x0, 0xf, 0xfd, 0x3f, 0xf0, 0x0, 0xff, 0xd3,
    0xff, 0x0, 0xf, 0xfd, 0x3f, 0xf0, 0x0, 0xff,
    0xd3, 0xff, 0x0, 0xf, 0xfd, 0x3f, 0xf0, 0x0,
    0xff, 0xd3, 0xff, 0x0, 0xf, 0xfd,

    /* U+00F2 "ò" */
    0x3, 0xff, 0x40, 0x0, 0x0, 0x3, 0xff, 0x0,
    0x0, 0x0, 0x3, 0xfe, 0x0, 0x0, 0x0, 0x7,
    0xfd, 0x0, 0x0, 0x0, 0x7, 0xfc, 0x0, 0x0,
    0x0, 0x6, 0xa4, 0x0, 0x0, 0x0, 0x0, 0x0,
    0x0, 0x0, 0x0, 0x0, 0x0, 0x0, 0x0, 0x1b,
    0xfe, 0x40, 0x0, 0x3, 0xff, 0xff, 0xd0, 0x0,
    0x3f, 0xff, 0xff, 0xd0, 0x3, 0xff, 0xff, 0xff,
    0xd0, 0x2f, 0xfe, 0x5b, 0xff, 0xc0, 0xff, 0xd0,
    0x3, 0xff, 0x47, 0xff, 0x0, 0xb, 0xfe, 0x2f,
    0xf8, 0x0, 0xf, 0xfc, 0xff, 0xd0, 0x0, 0x3f,
    0xf3, 0xff, 0x40, 0x0, 0xff, 0xcf, 0xfd, 0x0,
    0x3, 0xff, 0x2f, 0xf4, 0x0, 0xf, 0xfc, 0xbf,
    0xd0, 0x0, 0x3f, 0xf1, 0xff, 0xc0, 0x1, 0xff,
    0x83, 0xff, 0x40, 0xf, 0xfd, 0xb, 0xff, 0x95,
    0xff, 0xf0, 0xf, 0xff, 0xff, 0xff, 0x40, 0xf,
    0xff, 0xff, 0xf8, 0x0, 0xf, 0xff, 0xff, 0x40,
    0x0, 0x6, 0xff, 0x90, 0x0,

    /* U+00F3 "ó" */
    0x0, 0x0, 0xf, 0xfd, 0x0, 0x0, 0x0, 0xff,
    0xd0, 0x0, 0x0, 0x7, 0xfe, 0x0, 0x0, 0x0,
    0x3f, 0xe0, 0x0, 0x0, 0x2, 0xff, 0x0, 0x0,
    0x0, 0xa, 0xa0, 0x0, 0x0, 0x0, 0x0, 0x0,
    0x0, 0x0, 0x0, 0x0, 0x0, 0x0, 0x0, 0x1b,
    0xfe, 0x40, 0x0, 0x3, 0xff, 0xff, 0xd0, 0x0,
    0x3f, 0xff, 0xff, 0xd0, 0x3, 0xff, 0xff, 0xff,
    0xd0, 0x2f, 0xfe, 0x5b, 0xff, 0xc0, 0xff, 0xd0,
    0x3, 0xff, 0x47, 0xff, 0x0, 0xb, 0xfe, 0x2f,
    0xf8, 0x0, 0xf, 0xfc, 0xff, 0xd0, 0x0, 0x3f,
    0xf3, 0xff, 0x40, 0x0, 0xff, 0xcf, 0xfd, 0x0,
    0x3, 0xff, 0x2f, 0xf4, 0x0, 0xf, 0xfc, 0xbf,
    0xd0, 0x0, 0x3f, 0xf1, 0xff, 0xc0, 0x1, 0xff,
    0x83, 0xff, 0x40, 0xf, 0xfd, 0xb, 0xff, 0x95,
    0xff, 0xf0, 0xf, 0xff, 0xff, 0xff, 0x40, 0xf,
    0xff, 0xff, 0xf8, 0x0, 0xf, 0xff, 0xff, 0x40,
    0x0, 0x6, 0xff, 0x90, 0x0,

    /* U+00F4 "ô" */
    0x0, 0x3, 0xfc, 0x0, 0x0, 0x0, 0x3f, 0xfc,
    0x0, 0x0, 0x3, 0xff, 0xfc, 0x0, 0x0, 0x3f,
    0xd3, 0xfc, 0x0, 0x3, 0xfd, 0x3, 0xfc, 0x0,
    0x5, 0x40, 0x1, 0x50, 0x0, 0x0, 0x0, 0x0,
    0x0, 0x0, 0x0, 0x0, 0x0, 0x0, 0x0, 0x1b,
    0xfe, 0x40, 0x0, 0x3, 0xff, 0xff, 0xd0, 0x0,
    0x3f, 0xff, 0xff, 0xd0, 0x3, 0xff, 0xff, 0xff,
    0xd0, 0x2f, 0xfe, 0x5b, 0xff, 0xc0, 0xff, 0xd0,
    0x3, 0xff, 0x47, 0xff, 0x0, 0xb, 0xfe, 0x2f,
    0xf8, 0x0, 0xf, 0xfc, 0xff, 0xd0, 0x0, 0x3f,
    0xf3, 0xff, 0x40, 0x0, 0xff, 0xcf, 0xfd, 0x0,
    0x3, 0xff, 0x2f, 0xf4, 0x0, 0xf, 0xfc, 0xbf,
    0xd0, 0x0, 0x3f, 0xf1, 0xff, 0xc0, 0x1, 0xff,
    0x83, 0xff, 0x40, 0xf, 0xfd, 0xb, 0xff, 0x95,
    0xff, 0xf0, 0xf, 0xff, 0xff, 0xff, 0x40, 0xf,
    0xff, 0xff, 0xf8, 0x0, 0xf, 0xff, 0xff, 0x40,
    0x0, 0x6, 0xff, 0x90, 0x0,

    /* U+00F5 "õ" */
    0x0, 0x7f, 0x40, 0x7e, 0x0, 0x7, 0xff, 0x82,
    0xf8, 0x0, 0x3f, 0xff, 0xff, 0xd0, 0x1, 0xfd,
    0x7f, 0xfe, 0x0, 0x7, 0xe0, 0x1f, 0xf0, 0x0,
    0x5, 0x0, 0x0, 0x0, 0x0, 0x0, 0x0, 0x0,
    0x0, 0x0, 0x0, 0x0, 0x0, 0x0, 0x0, 0x1b,
    0xfe, 0x40, 0x0, 0x3, 0xff, 0xff, 0xd0, 0x0,
    0x3f, 0xff, 0xff, 0xd0, 0x3, 0xff, 0xff, 0xff,
    0xd0, 0x2f, 0xfe, 0x5b, 0xff, 0xc0, 0xff, 0xd0,
    0x3, 0xff, 0x47, 0xff, 0x0, 0xb, 0xfe, 0x2f,
    0xf8, 0x0, 0xf, 0xfc, 0xff, 0xd0, 0x0, 0x3f,
    0xf3, 0xff, 0x40, 0x0, 0xff, 0xcf, 0xfd, 0x0,
    0x3, 0xff, 0x2f, 0xf4, 0x0, 0xf, 0xfc, 0xbf,
    0xd0, 0x0, 0x3f, 0xf1, 0xff, 0xc0, 0x1, 0xff,
    0x83, 0xff, 0x40, 0xf, 0xfd, 0xb, 0xff, 0x95,
    0xff, 0xf0, 0xf, 0xff, 0xff, 0xff, 0x40, 0xf,
    0xff, 0xff, 0xf8, 0x0, 0xf, 0xff, 0xff, 0x40,
    0x0, 0x6, 0xff, 0x90, 0x0,

    /* U+00F6 "ö" */
    0x2, 0xf4, 0x0, 0xf8, 0x0, 0x1f, 0xf0, 0xf,
    0xf8, 0x0, 0xbf, 0xc0, 0x3f, 0xf0, 0x0, 0xff,
    0x0, 0xbf, 0x40, 0x0, 0x90, 0x0, 0x64, 0x0,
    0x0, 0x0, 0x0, 0x0, 0x0, 0x1, 0xbf, 0xe4,
    0x0, 0x0, 0x3f, 0xff, 0xfd, 0x0, 0x3, 0xff,
    0xff, 0xfd, 0x0, 0x3f, 0xff, 0xff, 0xfd, 0x2,
    0xff, 0xe5, 0xbf, 0xfc, 0xf, 0xfd, 0x0, 0x3f,
    0xf4, 0x7f, 0xf0, 0x0, 0xbf, 0xe2, 0xff, 0x80,
    0x0, 0xff, 0xcf, 0xfd, 0x0, 0x3, 0xff, 0x3f,
    0xf4, 0x0, 0xf, 0xfc, 0xff, 0xd0, 0x0, 0x3f,
    0xf2, 0xff, 0x40, 0x0, 0xff, 0xcb, 0xfd, 0x0,
    0x3, 0xff, 0x1f, 0xfc, 0x0, 0x1f, 0xf8, 0x3f,
    0xf4, 0x0, 0xff, 0xd0, 0xbf, 0xf9, 0x5f, 0xff,
    0x0, 0xff, 0xff, 0xff, 0xf4, 0x0, 0xff, 0xff,
    0xff, 0x80, 0x0, 0xff, 0xff, 0xf4, 0x0, 0x0,
    0x6f, 0xf9, 0x0, 0x0,

    /* U+00F7 "÷" */
    0x0, 0x1, 0xf8, 0x0, 0x0, 0x0, 0x1f, 0xf8,
    0x0, 0x0, 0x0, 0xbf, 0xf0, 0x0, 0x0, 0x2,
    0xff, 0xc0, 0x0, 0x0, 0x3, 0xfd, 0x0, 0x0,
    0x0, 0x1, 0x40, 0x0, 0x0, 0x0, 0x0, 0x0,
    0x0, 0x0, 0x0, 0x0, 0x0, 0x0, 0xff, 0xff,
    0xff, 0xff, 0xf3, 0xff, 0xff, 0xff, 0xff, 0xcf,
    0xff, 0xff, 0xff, 0xff, 0x3f, 0xff, 0xff, 0xff,
    0xfc, 0x0, 0x0, 0x0, 0x0, 0x0, 0x0, 0x0,
    0x0, 0x0, 0x0, 0x0, 0x5, 0x0, 0x0, 0x0,
    0x0, 0xff, 0x40, 0x0, 0x0, 0xb, 0xff, 0x0,
    0x0, 0x0, 0x2f, 0xfc, 0x0, 0x0, 0x0, 0x7f,
    0xe0, 0x0, 0x0, 0x0, 0xbe, 0x0, 0x0,

    /* U+00F8 "ø" */
    0x0, 0x0, 0x0, 0xa, 0x0, 0x0, 0x0, 0x0,
    0xfc, 0x0, 0x0, 0x0, 0x3, 0xe0, 0x0, 0x6,
    0xff, 0xaf, 0x0, 0x0, 0xff, 0xff, 0xfc, 0x0,
    0xf, 0xff, 0xff, 0xf4, 0x0, 0xff, 0xff, 0xff,
    0xf4, 0xb, 0xff, 0x97, 0xff, 0xf0, 0x3f, 0xf4,
    0xf, 0xff, 0xd1, 0xff, 0xc0, 0x7f, 0xff, 0x8b,
    0xfe, 0x3, 0xf3, 0xff, 0x3f, 0xf4, 0x1f, 0x4f,
    0xfc, 0xff, 0xd0, 0xfc, 0x3f, 0xf3, 0xff, 0x47,
    0xd0, 0xff, 0xcb, 0xfd, 0x3f, 0x3, 0xff, 0x2f,
    0xf9, 0xf4, 0xf, 0xfc, 0x7f, 0xff, 0xc0, 0xbf,
    0xe0, 0xff, 0xfd, 0x3, 0xff, 0x42, 0xff, 0xf5,
    0x7f, 0xfc, 0x3, 0xff, 0xff, 0xff, 0xd0, 0x3,
    0xff, 0xff, 0xfe, 0x0, 0x7, 0xff, 0xff, 0xd0,
    0x0, 0x3f, 0xbf, 0xe4, 0x0, 0x1, 0xf8, 0x0,
    0x0, 0x0, 0xf, 0xc0, 0x0, 0x0, 0x0,

    /* U+00F9 "ù" */
    0x3, 0xff, 0x40, 0x0, 0x0, 0xf, 0xfc, 0x0,
    0x0, 0x0, 0x7f, 0xe0, 0x0, 0x0, 0x1, 0xff,
    0x40, 0x0, 0x0, 0xb, 0xfc, 0x0, 0x0, 0x0,
    0x2a, 0x80, 0x0, 0x0, 0x0, 0x0, 0x0, 0x0,
    0x0, 0x0, 0x0, 0x0, 0x3f, 0xf0, 0x0, 0xff,
    0xd3, 0xff, 0x0, 0xf, 0xfd, 0x3f, 0xf0, 0x0,
    0xff, 0xd3, 0xff, 0x0, 0xf, 0xfd, 0x3f, 0xf0,
    0x0, 0xff, 0xd3, 0xff, 0x0, 0xf, 0xfd, 0x3f,
    0xf0, 0x0, 0xff, 0xd3, 0xff, 0x0, 0xf, 0xfd,
    0x3f, 0xf0, 0x0, 0xff, 0xd3, 0xff, 0x0, 0xf,
    0xfd, 0x3f, 0xf0, 0x0, 0xff, 0xd3, 0xff, 0x0,
    0xf, 0xfd, 0x3f, 0xf0, 0x0, 0xff, 0xd3, 0xff,
    0x0, 0xf, 0xfd, 0x3f, 0xf4, 0x1, 0xff, 0xd3,
    0xff, 0xd5, 0xbf, 0xfd, 0x2f, 0xff, 0xff, 0xff,
    0xd0, 0xff, 0xff, 0xff, 0xfd, 0x3, 0xff, 0xfe,
    0xbf, 0xd0, 0xb, 0xfe, 0x4b, 0xfd,

    /* U+00FA "ú" */
    0x0, 0x0, 0xf, 0xfc, 0x0, 0x0, 0x3, 0xff,
    0x40, 0x0, 0x0, 0x7f, 0xd0, 0x0, 0x0, 0xf,
    0xf8, 0x0, 0x0, 0x2, 0xfe, 0x0, 0x0, 0x0,
    0x2a, 0x80, 0x0, 0x0, 0x0, 0x0, 0x0, 0x0,
    0x0, 0x0, 0x0, 0x0, 0x3f, 0xf0, 0x0, 0xff,
    0xd3, 0xff, 0x0, 0xf, 0xfd, 0x3f, 0xf0, 0x0,
    0xff, 0xd3, 0xff, 0x0, 0xf, 0xfd, 0x3f, 0xf0,
    0x0, 0xff, 0xd3, 0xff, 0x0, 0xf, 0xfd, 0x3f,
    0xf0, 0x0, 0xff, 0xd3, 0xff, 0x0, 0xf, 0xfd,
    0x3f, 0xf0, 0x0, 0xff, 0xd3, 0xff, 0x0, 0xf,
    0xfd, 0x3f, 0xf0, 0x0, 0xff, 0xd3, 0xff, 0x0,
    0xf, 0xfd, 0x3f, 0xf0, 0x0, 0xff, 0xd3, 0xff,
    0x0, 0xf, 0xfd, 0x3f, 0xf4, 0x1, 0xff, 0xd3,
    0xff, 0xd5, 0xbf, 0xfd, 0x2f, 0xff, 0xff, 0xff,
    0xd0, 0xff, 0xff, 0xff, 0xfd, 0x3, 0xff, 0xfe,
    0xbf, 0xd0, 0xb, 0xfe, 0x4b, 0xfd,

    /* U+00FB "û" */
    0x0, 0x3, 0xfc, 0x0, 0x0, 0x0, 0xff, 0xf0,
    0x0, 0x0, 0x3f, 0xff, 0xc0, 0x0, 0x1f, 0xf0,
    0xff, 0x0, 0x7, 0xfc, 0x3, 0xfd, 0x0, 0x0,
    0x0, 0x0, 0x0, 0x0, 0x0, 0x0, 0x0, 0x0,
    0x0, 0x0, 0x0, 0x0, 0x3f, 0xf0, 0x0, 0xff,
    0xd3, 0xff, 0x0, 0xf, 0xfd, 0x3f, 0xf0, 0x0,
    0xff, 0xd3, 0xff, 0x0, 0xf, 0xfd, 0x3f, 0xf0,
    0x0, 0xff, 0xd3, 0xff, 0x0, 0xf, 0xfd, 0x3f,
    0xf0, 0x0, 0xff, 0xd3, 0xff, 0x0, 0xf, 0xfd,
    0x3f, 0xf0, 0x0, 0xff, 0xd3, 0xff, 0x0, 0xf,
    0xfd, 0x3f, 0xf0, 0x0, 0xff, 0xd3, 0xff, 0x0,
    0xf, 0xfd, 0x3f, 0xf0, 0x0, 0xff, 0xd3, 0xff,
    0x0, 0xf, 0xfd, 0x3f, 0xf4, 0x1, 0xff, 0xd3,
    0xff, 0xd5, 0xbf, 0xfd, 0x2f, 0xff, 0xff, 0xff,
    0xd0, 0xff, 0xff, 0xff, 0xfd, 0x3, 0xff, 0xfe,
    0xbf, 0xd0, 0xb, 0xfe, 0x4b, 0xfd,

    /* U+00FC "ü" */
    0x2, 0xf4, 0x0, 0xf8, 0x0, 0x7f, 0xc0, 0x3f,
    0xe0, 0xb, 0xfc, 0x3, 0xfe, 0x0, 0x7f, 0xc0,
    0x2f, 0xd0, 0x0, 0x90, 0x0, 0x64, 0x0, 0x0,
    0x0, 0x0, 0x0, 0x3f, 0xf0, 0x0, 0xff, 0xd3,
    0xff, 0x0, 0xf, 0xfd, 0x3f, 0xf0, 0x0, 0xff,
    0xd3, 0xff, 0x0, 0xf, 0xfd, 0x3f, 0xf0, 0x0,
    0xff, 0xd3, 0xff, 0x0, 0xf, 0xfd, 0x3f, 0xf0,
    0x0, 0xff, 0xd3, 0xff, 0x0, 0xf, 0xfd, 0x3f,
    0xf0, 0x0, 0xff, 0xd3, 0xff, 0x0, 0xf, 0xfd,
    0x3f, 0xf0, 0x0, 0xff, 0xd3, 0xff, 0x0, 0xf,
    0xfd, 0x3f, 0xf0, 0x0, 0xff, 0xd3, 0xff, 0x0,
    0xf, 0xfd, 0x3f, 0xf4, 0x1, 0xff, 0xd3, 0xff,
    0xd5, 0xbf, 0xfd, 0x2f, 0xff, 0xff, 0xff, 0xd0,
    0xff, 0xff, 0xff, 0xfd, 0x3, 0xff, 0xfe, 0xbf,
    0xd0, 0xb, 0xfe, 0x4b, 0xfd,

    /* U+00FD "ý" */
    0x0, 0x0, 0xf, 0xfd, 0x0, 0x0, 0x0, 0xff,
    0xd0, 0x0, 0x0, 0x7, 0xfe, 0x0, 0x0, 0x0,
    0x3f, 0xe0, 0x0, 0x0, 0x2, 0xff, 0x0, 0x0,
    0x0, 0xa, 0xa0, 0x0, 0x0, 0x0, 0x0, 0x0,
    0x0, 0x0, 0x0, 0x0, 0x0, 0x0, 0xff, 0xe0,
    0x0, 0xbf, 0xf1, 0xff, 0xc0, 0x3, 0xff, 0x83,
    0xff, 0x0, 0xf, 0xfc, 0xf, 0xfe, 0x0, 0x7f,
    0xf0, 0x1f, 0xfc, 0x2, 0xff, 0x80, 0x3f, 0xf0,
    0xf, 0xfc, 0x0, 0xff, 0xd0, 0x7f, 0xf0, 0x1,
    0xff, 0x82, 0xff, 0x80, 0x3, 0xff, 0xf, 0xfc,
    0x0, 0xf, 0xfd, 0x3f, 0xf0, 0x0, 0x1f, 0xf9,
    0xff, 0x80, 0x0, 0x3f, 0xfb, 0xfc, 0x0, 0x0,
    0xff, 0xff, 0xf0, 0x0, 0x1, 0xff, 0xff, 0x80,
    0x0, 0x3, 0xff, 0xfc, 0x0, 0x0, 0xf, 0xff,
    0xf0, 0x0, 0x0, 0x1f, 0xff, 0x80, 0x0, 0x0,
    0x3f, 0xfc, 0x0, 0x0, 0x0, 0xff, 0xf0, 0x0,
    0x0, 0x1, 0xff, 0x80, 0x0, 0x0, 0x7, 0xfc,
    0x0, 0x0, 0x0, 0x3f, 0xf0, 0x0, 0x0, 0x1,
    0xff, 0x80, 0x0, 0x1, 0x6f, 0xfc, 0x0, 0x0,
    0xf, 0xff, 0xe0, 0x0, 0x0, 0x3f, 0xff, 0x0,
    0x0, 0x0, 0xff, 0xf4, 0x0, 0x0, 0x2, 0xfe,
    0x0, 0x0, 0x0,

    /* U+00FE "þ" */
    0x3f, 0xf0, 0x0, 0x0, 0x0, 0xff, 0xc0, 0x0,
    0x0, 0x3, 0xff, 0x0, 0x0, 0x0, 0xf, 0xfc,
    0x0, 0x0, 0x0, 0x3f, 0xf0, 0x0, 0x0, 0x0,
    0xff, 0xc0, 0x0, 0x0, 0x3, 0xff, 0x0, 0x0,
    0x0, 0xf, 0xfc, 0x0, 0x0, 0x0, 0x3f, 0xf0,
    0xbf, 0xd0, 0x0, 0xff, 0xdf, 0xff, 0xf0, 0x3,
    0xff, 0xff, 0xff, 0xf0, 0xf, 0xff, 0xff, 0xff,
    0xe0, 0x3f, 0xfe, 0x57, 0xff, 0xc0, 0xff, 0xe0,
    0x3, 0xff, 0x83, 0xff, 0x0, 0xb, 0xff, 0xf,
    0xfc, 0x0, 0xf, 0xfc, 0x3f, 0xf0, 0x0, 0x3f,
    0xf0, 0xff, 0xc0, 0x0, 0xff, 0xc3, 0xff, 0x0,
    0x3, 0xff, 0xf, 0xfc, 0x0, 0xf, 0xfc, 0x3f,
    0xf0, 0x0, 0x3f, 0xf0, 0xff, 0xc0, 0x2, 0xff,
    0x83, 0xff, 0x40, 0xf, 0xfd, 0xf, 0xff, 0x91,
    0xff, 0xf0, 0x3f, 0xff, 0xff, 0xff, 0x80, 0xff,
    0xff, 0xff, 0xfc, 0x3, 0xff, 0x7f, 0xff, 0xc0,
    0xf, 0xfc, 0x2f, 0xf4, 0x0, 0x3f, 0xf0, 0x0,
    0x0, 0x0, 0xff, 0xc0, 0x0, 0x0, 0x3, 0xff,
    0x0, 0x0, 0x0, 0xf, 0xfc, 0x0, 0x0, 0x0,
    0x3f, 0xf0, 0x0, 0x0, 0x0, 0xff, 0xc0, 0x0,
    0x0, 0x3, 0xff, 0x0, 0x0, 0x0, 0xf, 0xfc,
    0x0, 0x0, 0x0,

    /* U+00FF "ÿ" */
    0x2, 0xf4, 0x0, 0xf8, 0x0, 0x1f, 0xf0, 0xf,
    0xf8, 0x0, 0xbf, 0xc0, 0x3f, 0xf0, 0x0, 0xff,
    0x0, 0xbf, 0x40, 0x0, 0x90, 0x0, 0x64, 0x0,
    0x0, 0x0, 0x0, 0x0, 0xf, 0xfe, 0x0, 0xb,
    0xff, 0x1f, 0xfc, 0x0, 0x3f, 0xf8, 0x3f, 0xf0,
    0x0, 0xff, 0xc0, 0xff, 0xe0, 0x7, 0xff, 0x1,
    0xff, 0xc0, 0x2f, 0xf8, 0x3, 0xff, 0x0, 0xff,
    0xc0, 0xf, 0xfd, 0x7, 0xff, 0x0, 0x1f, 0xf8,
    0x2f, 0xf8, 0x0, 0x3f, 0xf0, 0xff, 0xc0, 0x0,
    0xff, 0xd3, 0xff, 0x0, 0x1, 0xff, 0x9f, 0xf8,
    0x0, 0x3, 0xff, 0xbf, 0xc0, 0x0, 0xf, 0xff,
    0xff, 0x0, 0x0, 0x1f, 0xff, 0xf8, 0x0, 0x0,
    0x3f, 0xff, 0xc0, 0x0, 0x0, 0xff, 0xff, 0x0,
    0x0, 0x1, 0xff, 0xf8, 0x0, 0x0, 0x3, 0xff,
    0xc0, 0x0, 0x0, 0xf, 0xff, 0x0, 0x0, 0x0,
    0x1f, 0xf8, 0x0, 0x0, 0x0, 0x7f, 0xc0, 0x0,
    0x0, 0x3, 0xff, 0x0, 0x0, 0x0, 0x1f, 0xf8,
    0x0, 0x0, 0x16, 0xff, 0xc0, 0x0, 0x0, 0xff,
    0xfe, 0x0, 0x0, 0x3, 0xff, 0xf0, 0x0, 0x0,
    0xf, 0xff, 0x40, 0x0, 0x0, 0x2f, 0xe0, 0x0,
    0x0, 0x0,

    /* U+0152 "Œ" */
    0x0, 0x1, 0xbf, 0xff, 0xff, 0xff, 0xff, 0xff,
    0x0, 0x2f, 0xff, 0xff, 0xff, 0xff, 0xff, 0xff,
    0x0, 0xff, 0xff, 0xff, 0xff, 0xff, 0xff, 0xff,
    0x3, 0xff, 0xff, 0xff, 0xff, 0xff, 0xff, 0xff,
    0xb, 0xff, 0xd4, 0x57, 0xff, 0x55, 0x55, 0x55,
    0xf, 0xfe, 0x0, 0x3, 0xff, 0x0, 0x0, 0x0,
    0x2f, 0xf8, 0x0, 0x3, 0xff, 0x0, 0x0, 0x0,
    0x3f, 0xf0, 0x0, 0x3, 0xff, 0x0, 0x0, 0x0,
    0x3f, 0xf0, 0x0, 0x3, 0xff, 0x0, 0x0, 0x0,
    0x7f, 0xf0, 0x0, 0x3, 0xff, 0x0, 0x0, 0x0,
    0x7f, 0xf0, 0x0, 0x3, 0xff, 0xff, 0xff, 0xf0,
    0x7f, 0xf0, 0x0, 0x3, 0xff, 0xff, 0xff, 0xf0,
    0x7f, 0xf0, 0x0, 0x3, 0xff, 0xff, 0xff, 0xf0,
    0x7f, 0xf0, 0x0, 0x3, 0xff, 0xff, 0xff, 0xf0,
    0x7f, 0xf0, 0x0, 0x3, 0xff, 0x55, 0x55, 0x50,
    0x7f, 0xf0, 0x0, 0x3, 0xff, 0x0, 0x0, 0x0,
    0x7f, 0xf0, 0x0, 0x3, 0xff, 0x0, 0x0, 0x0,
    0x3f, 0xf0, 0x0, 0x3, 0xff, 0x0, 0x0, 0x0,
    0x3f, 0xf4, 0x0, 0x3, 0xff, 0x0, 0x0, 0x0,
    0x2f, 0xf8, 0x0, 0x3, 0xff, 0x0, 0x0, 0x0,
    0xf, 0xfe, 0x0, 0x3, 0xff, 0x0, 0x0, 0x0,
    0xb, 0xff, 0xd4, 0x17, 0xff, 0x55, 0x55, 0x55,
    0x3, 0xff, 0xff, 0xff, 0xff, 0xff, 0xff, 0xff,
    0x0, 0xff, 0xff, 0xff, 0xff, 0xff, 0xff, 0xff,
    0x0, 0x2f, 0xff, 0xff, 0xff, 0xff, 0xff, 0xff,
    0x0, 0x1, 0xbf, 0xff, 0xff, 0xff, 0xff, 0xff,

    /* U+0153 "œ" */
    0x0, 0xb, 0xff, 0x40, 0x2, 0xff, 0x90, 0x0,
    0x2, 0xff, 0xff, 0xd0, 0xbf, 0xff, 0xf0, 0x0,
    0x3f, 0xff, 0xff, 0xef, 0xff, 0xff, 0xf0, 0x2,
    0xff, 0xff, 0xff, 0xff, 0xff, 0xff, 0xf0, 0x1f,
    0xff, 0x57, 0xff, 0xff, 0x96, 0xff, 0xd0, 0xff,
    0xe0, 0x3, 0xff, 0xf8, 0x1, 0xff, 0x83, 0xff,
    0x0, 0x7, 0xff, 0xc0, 0x3, 0xff, 0x1f, 0xfc,
    0x0, 0xf, 0xff, 0x0, 0xf, 0xfc, 0x7f, 0xe0,
    0x0, 0x3f, 0xff, 0xff, 0xff, 0xf2, 0xff, 0x80,
    0x0, 0xbf, 0xff, 0xff, 0xff, 0xcb, 0xfe, 0x0,
    0x2, 0xff, 0xff, 0xff, 0xff, 0x1f, 0xf8, 0x0,
    0xf, 0xff, 0xaa, 0xaa, 0xa8, 0x7f, 0xf0, 0x0,
    0x3f, 0xfc, 0x0, 0x0, 0x0, 0xff, 0xc0, 0x1,
    0xff, 0xf4, 0x0, 0x0, 0x3, 0xff, 0x80, 0xf,
    0xff, 0xf0, 0x0, 0x0, 0x7, 0xff, 0x91, 0xff,
    0xff, 0xf4, 0x17, 0xf0, 0xb, 0xff, 0xff, 0xff,
    0xff, 0xff, 0xff, 0xc0, 0xf, 0xff, 0xff, 0xfb,
    0xff, 0xff, 0xff, 0x80, 0xb, 0xff, 0xff, 0x82,
    0xff, 0xff, 0xf8, 0x0, 0x2, 0xff, 0xe0, 0x0,
    0xbf, 0xf9, 0x0,

    /* U+2000 " " */

    /* U+2001 " " */

    /* U+2002 " " */

    /* U+2003 " " */

    /* U+2004 " " */

    /* U+2005 " " */

    /* U+2006 " " */

    /* U+2007 " " */

    /* U+2008 " " */

    /* U+2009 " " */

    /* U+200A " " */

    /* U+200B "​" */

    /* U+2010 "‐" */
    0x0, 0x0, 0x0, 0xff, 0xff, 0xf3, 0xff, 0xff,
    0xcf, 0xff, 0xff, 0x3f, 0xff, 0xfc,

    /* U+2011 "‑" */
    0x0, 0x0, 0x0, 0xff, 0xff, 0xf3, 0xff, 0xff,
    0xcf, 0xff, 0xff, 0x3f, 0xff, 0xfc,

    /* U+2013 "–" */
    0x15, 0x55, 0x55, 0x55, 0x55, 0xff, 0xff, 0xff,
    0xff, 0xf7, 0xff, 0xff, 0xff, 0xff, 0xdf, 0xff,
    0xff, 0xff, 0xff, 0x7f, 0xff, 0xff, 0xff, 0xfc,

    /* U+2014 "—" */
    0x15, 0x55, 0x55, 0x55, 0x55, 0x55, 0x43, 0xff,
    0xff, 0xff, 0xff, 0xff, 0xfc, 0x3f, 0xff, 0xff,
    0xff, 0xff, 0xff, 0xc3, 0xff, 0xff, 0xff, 0xff,
    0xff, 0xfc, 0x3f, 0xff, 0xff, 0xff, 0xff, 0xff,
    0xc0,

    /* U+2015 "―" */
    0x15, 0x55, 0x55, 0x55, 0x55, 0x55, 0x43, 0xff,
    0xff, 0xff, 0xff, 0xff, 0xfc, 0x3f, 0xff, 0xff,
    0xff, 0xff, 0xff, 0xc3, 0xff, 0xff, 0xff, 0xff,
    0xff, 0xfc, 0x3f, 0xff, 0xff, 0xff, 0xff, 0xff,
    0xc0,

    /* U+2017 "‗" */
    0xff, 0xff, 0xff, 0xff, 0x3f, 0xff, 0xff, 0xff,
    0xcf, 0xff, 0xff, 0xff, 0xf3, 0xff, 0xff, 0xff,
    0xfc, 0x0, 0x0, 0x0, 0x0, 0x3f, 0xff, 0xff,
    0xff, 0xcf, 0xff, 0xff, 0xff, 0xf3, 0xff, 0xff,
    0xff, 0xfc, 0xff, 0xff, 0xff, 0xff, 0x0,

    /* U+2018 "‘" */
    0x0, 0x0, 0xf, 0x80, 0xbf, 0x3, 0xf8, 0x2f,
    0xd0, 0xff, 0x3, 0xfc, 0xf, 0xf0, 0x3f, 0xc0,
    0xff, 0x0,

    /* U+2019 "’" */
    0x1f, 0xe1, 0xfe, 0x1f, 0xe1, 0xfe, 0x2f, 0xd3,
    0xfc, 0x3f, 0x8b, 0xf0, 0x7d, 0x0, 0x40,

    /* U+201A "‚" */
    0x1f, 0xf1, 0xff, 0x1f, 0xf1, 0xfe, 0x2f, 0xe2,
    0xfc, 0x3f, 0xc7, 0xf4, 0x7e, 0x0, 0x40,

    /* U+201B "‛" */
    0xff, 0x4f, 0xf4, 0xbf, 0x4b, 0xf4, 0xbf, 0x43,
    0xf8, 0x3f, 0xc0, 0xfe, 0x7, 0xd0, 0x10,

    /* U+201C "“" */
    0x0, 0x0, 0x4, 0x0, 0xb8, 0xb, 0x80, 0x7f,
    0x47, 0xf4, 0x3f, 0xc3, 0xfc, 0x1f, 0xd1, 0xfd,
    0xf, 0xf0, 0xbf, 0x3, 0xfc, 0x3f, 0xc0, 0xff,
    0xf, 0xf0, 0x3f, 0xc3, 0xfc, 0xf, 0xf0, 0xff,
    0x0,

    /* U+201D "”" */
    0xf, 0xf0, 0xff, 0xf, 0xf0, 0xff, 0xf, 0xf0,
    0xff, 0xf, 0xf0, 0xff, 0x1f, 0xe0, 0xfe, 0x2f,
    0xd1, 0xfd, 0x3f, 0xc3, 0xfc, 0x7f, 0x47, 0xf4,
    0x7e, 0x3, 0xe0, 0x4, 0x0, 0x40,

    /* U+201E "„" */
    0x1f, 0xf1, 0xff, 0x1f, 0xf1, 0xff, 0x1f, 0xf1,
    0xff, 0x1f, 0xe1, 0xff, 0x1f, 0xe1, 0xfe, 0x2f,
    0xd2, 0xfe, 0x3f, 0xc3, 0xfc, 0x3f, 0xc3, 0xfc,
    0x7f, 0x4b, 0xf4, 0x7e, 0x7, 0xe0, 0x4, 0x0,
    0x40,

    /* U+2020 "†" */
    0x0, 0xf, 0xfc, 0x0, 0x0, 0x0, 0xff, 0xc0,
    0x0, 0x0, 0xf, 0xfc, 0x0, 0x0, 0x0, 0xff,
    0xc0, 0x0, 0x0, 0xf, 0xfc, 0x0, 0x0, 0x0,
    0xff, 0xc0, 0x0, 0xff, 0xff, 0xff, 0xff, 0xdf,
    0xff, 0xff, 0xff, 0xfd, 0xff, 0xff, 0xff, 0xff,
    0xdf, 0xff, 0xff, 0xff, 0xfd, 0x55, 0x5f, 0xfe,
    0x55, 0x40, 0x0, 0xff, 0xc0, 0x0, 0x0, 0xf,
    0xfc, 0x0, 0x0, 0x0, 0xff, 0xc0, 0x0, 0x0,
    0xf, 0xfc, 0x0, 0x0, 0x0, 0xff, 0xc0, 0x0,
    0x0, 0xf, 0xfc, 0x0, 0x0, 0x0, 0xff, 0xc0,
    0x0, 0x0, 0xf, 0xfc, 0x0, 0x0, 0x0, 0xff,
    0xc0, 0x0, 0x0, 0xf, 0xfc, 0x0, 0x0, 0x0,
    0xff, 0xc0, 0x0, 0x0, 0xf, 0xfc, 0x0, 0x0,
    0x0, 0xff, 0xc0, 0x0, 0x0, 0xf, 0xfc, 0x0,
    0x0, 0x0, 0xff, 0xc0, 0x0,

    /* U+2021 "‡" */
    0x0, 0x3, 0xff, 0x0, 0x0, 0x0, 0xf, 0xfc,
    0x0, 0x0, 0x0, 0x3f, 0xf0, 0x0, 0x0, 0x0,
    0xff, 0xc0, 0x0, 0x0, 0x3, 0xff, 0x0, 0x0,
    0x0, 0xf, 0xfc, 0x0, 0x7, 0xff, 0xff, 0xff,
    0xff, 0x1f, 0xff, 0xff, 0xff, 0xfc, 0x7f, 0xff,
    0xff, 0xff, 0xf1, 0xff, 0xff, 0xff, 0xff, 0xc1,
    0x55, 0x7f, 0xf5, 0x55, 0x0, 0x0, 0xff, 0xc0,
    0x0, 0x0, 0x3, 0xff, 0x0, 0x0, 0x0, 0xf,
    0xfc, 0x0, 0x0, 0x0, 0x3f, 0xf0, 0x0, 0x0,
    0x0, 0xff, 0xc0, 0x0, 0x0, 0x3, 0xff, 0x0,
    0x0, 0x0, 0xf, 0xfc, 0x0, 0x0, 0x0, 0x3f,
    0xf0, 0x0, 0x0, 0x0, 0xff, 0xc0, 0x0, 0x0,
    0x3, 0xff, 0x0, 0x0, 0x0, 0x1f, 0xfc, 0x0,
    0x7, 0xff, 0xff, 0xff, 0xff, 0x1f, 0xff, 0xff,
    0xff, 0xfc, 0x7f, 0xff, 0xff, 0xff, 0xf1, 0xff,
    0xff, 0xff, 0xff, 0xc0, 0x0, 0x3f, 0xf0, 0x0,
    0x0, 0x0, 0xff, 0xc0, 0x0, 0x0, 0x3, 0xff,
    0x0, 0x0, 0x0, 0xf, 0xfc, 0x0, 0x0, 0x0,
    0x3f, 0xf0, 0x0, 0x0, 0x0, 0xff, 0xc0, 0x0,
    0x0, 0x3, 0xff, 0x0, 0x0, 0x0, 0xf, 0xfc,
    0x0, 0x0,

    /* U+2022 "•" */
    0xb, 0xf8, 0xb, 0xff, 0xc7, 0xff, 0xf6, 0xff,
    0xfe, 0xbf, 0xff, 0xaf, 0xff, 0xe7, 0xff, 0xf4,
    0xbf, 0xfc, 0xb, 0xf8, 0x0,

    /* U+2025 "‥" */
    0x6, 0x40, 0x6, 0x40, 0xff, 0x40, 0xbf, 0xcb,
    0xff, 0x3, 0xff, 0x6f, 0xfc, 0x1f, 0xfd, 0x7f,
    0xf0, 0x3f, 0xf0, 0x7e, 0x0, 0x3f, 0x40,

    /* U+2026 "…" */
    0x6, 0x40, 0x6, 0x40, 0x6, 0x40, 0xff, 0x40,
    0xbf, 0xc0, 0xbf, 0xcb, 0xff, 0x3, 0xff, 0x43,
    0xff, 0x6f, 0xfc, 0x1f, 0xfd, 0xf, 0xfe, 0x7f,
    0xf0, 0x3f, 0xf0, 0x3f, 0xf0, 0x7e, 0x0, 0x3f,
    0x40, 0x2f, 0x40,

    /* U+2027 "‧" */
    0x0, 0x3, 0xfd, 0x3f, 0xd3, 0xfd, 0x3f, 0xd0,

    /* U+2030 "‰" */
    0x2, 0xff, 0x40, 0x0, 0x0, 0x0, 0x0, 0x0,
    0x3, 0xff, 0xfc, 0x0, 0x0, 0x0, 0x0, 0x0,
    0x3, 0xff, 0xff, 0x80, 0x0, 0x0, 0x0, 0x0,
    0x1, 0xfd, 0xb, 0xf0, 0x0, 0xe0, 0x0, 0x0,
    0x0, 0x7f, 0x0, 0xfd, 0x0, 0xfd, 0x0, 0x0,
    0x0, 0x1f, 0x80, 0x3f, 0x40, 0x7f, 0x0, 0x0,
    0x0, 0x7, 0xe0, 0xf, 0xd0, 0x3f, 0x0, 0x0,
    0x0, 0x1, 0xfd, 0xb, 0xf0, 0x2f, 0x80, 0x0,
    0x0, 0x0, 0x3f, 0xff, 0xfc, 0x1f, 0xc0, 0x0,
    0x0, 0x0, 0x3, 0xff, 0xfc, 0xf, 0xc0, 0x0,
    0x0, 0x0, 0x0, 0x2f, 0xf4, 0xb, 0xe0, 0x0,
    0x0, 0x0, 0x0, 0x0, 0x0, 0x7, 0xf0, 0x0,
    0x0, 0x0, 0x0, 0x0, 0x0, 0x3, 0xf4, 0x0,
    0x0, 0x0, 0x0, 0x0, 0x0, 0x2, 0xf8, 0x0,
    0x0, 0x0, 0x0, 0x0, 0x0, 0x0, 0xfc, 0xb,
    0xfd, 0x7, 0xfd, 0x0, 0x0, 0x0, 0xfd, 0xf,
    0xff, 0xef, 0xff, 0xf0, 0x0, 0x0, 0xbf, 0xf,
    0xff, 0xff, 0xff, 0xfe, 0x0, 0x0, 0x3f, 0x7,
    0xf8, 0x3f, 0xf8, 0x3f, 0xc0, 0x0, 0x3f, 0x82,
    0xfc, 0x3, 0xfc, 0x3, 0xf4, 0x0, 0x1f, 0xc0,
    0xbe, 0x0, 0xfe, 0x0, 0xfd, 0x0, 0xf, 0xd0,
    0x2f, 0x80, 0x3f, 0x80, 0x3f, 0x40, 0xb, 0xe0,
    0xb, 0xf0, 0xf, 0xf0, 0xf, 0xd0, 0x2, 0xf0,
    0x1, 0xfe, 0xb, 0xfe, 0xb, 0xf0, 0x0, 0x14,
    0x0, 0x3f, 0xff, 0xff, 0xff, 0xf8, 0x0, 0x0,
    0x0, 0x3, 0xff, 0xf6, 0xff, 0xfc, 0x0, 0x0,
    0x0, 0x0, 0x2f, 0xe4, 0x1f, 0xf4, 0x0,

    /* U+2032 "′" */
    0xff, 0xff, 0xff, 0xff, 0xfe, 0xfe, 0xfe, 0xfd,
    0xfd, 0xfd,

    /* U+2033 "″" */
    0xfe, 0xf, 0xdf, 0xe0, 0xfd, 0xfe, 0xf, 0xdf,
    0xe0, 0xfd, 0xfd, 0xf, 0xcf, 0xd0, 0xfc, 0xfd,
    0xf, 0xcf, 0xc0, 0xfc, 0xfc, 0xf, 0xcf, 0xc0,
    0xf8,

    /* U+2039 "‹" */
    0x0, 0xa, 0x40, 0x3, 0xf8, 0x0, 0xbf, 0x0,
    0x1f, 0xd0, 0x3, 0xfc, 0x0, 0xbf, 0x0, 0x1f,
    0xe0, 0x3, 0xfc, 0x0, 0x2f, 0xd0, 0x0, 0xff,
    0x0, 0x7, 0xf4, 0x0, 0x2f, 0xc0, 0x0, 0xfe,
    0x0, 0x3, 0xf0, 0x0, 0x2f, 0xc0,

    /* U+203A "›" */
    0x29, 0x0, 0xf, 0xd0, 0x1, 0xfc, 0x0, 0x3f,
    0xc0, 0x7, 0xf4, 0x0, 0xbf, 0x0, 0xf, 0xf0,
    0x2, 0xfd, 0x0, 0xff, 0x0, 0x7f, 0x80, 0x3f,
    0xc0, 0x2f, 0xc0, 0xf, 0xd0, 0xb, 0xe0, 0x7,
    0xf0, 0x0,

    /* U+203C "‼" */
    0xbf, 0xe0, 0xf, 0xfd, 0xbf, 0xe0, 0xf, 0xfd,
    0xbf, 0xe0, 0xf, 0xfd, 0xbf, 0xe0, 0xf, 0xfd,
    0xbf, 0xe0, 0xf, 0xfd, 0xbf, 0xe0, 0xb, 0xfd,
    0x7f, 0xe0, 0xb, 0xfd, 0x7f, 0xd0, 0xb, 0xfd,
    0x7f, 0xd0, 0xb, 0xfc, 0x7f, 0xd0, 0xb, 0xfc,
    0x7f, 0xd0, 0xb, 0xfc, 0x7f, 0xd0, 0xb, 0xfc,
    0x7f, 0xd0, 0xb, 0xfc, 0x7f, 0xd0, 0x7, 0xfc,
    0x3f, 0xc0, 0x7, 0xfc, 0x3f, 0xc0, 0x7, 0xfc,
    0x3f, 0xc0, 0x7, 0xfc, 0x3f, 0xc0, 0x7, 0xfc,
    0x15, 0x40, 0x1, 0x54, 0x0, 0x0, 0x0, 0x0,
    0x5, 0x0, 0x0, 0x50, 0x3f, 0xd0, 0x7, 0xfc,
    0xbf, 0xe0, 0xf, 0xfe, 0xff, 0xf0, 0xf, 0xfe,
    0x7f, 0xe0, 0xb, 0xfd, 0x2f, 0x80, 0x2, 0xf4,

    /* U+2044 "⁄" */
    0x0, 0x0, 0x0, 0x60, 0x0, 0x0, 0x0, 0xfd,
    0x0, 0x0, 0x1, 0xfc, 0x0, 0x0, 0x3, 0xf0,
    0x0, 0x0, 0xb, 0xe0, 0x0, 0x0, 0x1f, 0xc0,
    0x0, 0x0, 0x3f, 0x40, 0x0, 0x0, 0xbf, 0x0,
    0x0, 0x0, 0xfc, 0x0, 0x0, 0x2, 0xf8, 0x0,
    0x0, 0x7, 0xf0, 0x0, 0x0, 0xf, 0xd0, 0x0,
    0x0, 0x2f, 0xc0, 0x0, 0x0, 0x3f, 0x0, 0x0,
    0x0, 0xbe, 0x0, 0x0, 0x1, 0xfc, 0x0, 0x0,
    0x3, 0xf4, 0x0, 0x0, 0xb, 0xe0, 0x0, 0x0,
    0xf, 0xc0, 0x0, 0x0, 0x3f, 0x80, 0x0, 0x0,
    0x3f, 0x0, 0x0, 0x0, 0x9, 0x0, 0x0, 0x0,
    0x0, 0x0, 0x0, 0x0
};


/*---------------------
 *  GLYPH DESCRIPTION
 *--------------------*/

static const lv_font_fmt_txt_glyph_dsc_t glyph_dsc[] = {
    {.bitmap_index = 0, .adv_w = 0, .box_w = 0, .box_h = 0, .ofs_x = 0, .ofs_y = 0} /* id = 0 reserved */,
    {.bitmap_index = 0, .adv_w = 143, .box_w = 0, .box_h = 0, .ofs_x = 0, .ofs_y = 0},
    {.bitmap_index = 0, .adv_w = 157, .box_w = 6, .box_h = 26, .ofs_x = 2, .ofs_y = 0},
    {.bitmap_index = 39, .adv_w = 185, .box_w = 10, .box_h = 10, .ofs_x = 1, .ofs_y = 18},
    {.bitmap_index = 64, .adv_w = 343, .box_w = 20, .box_h = 26, .ofs_x = 1, .ofs_y = 0},
    {.bitmap_index = 194, .adv_w = 330, .box_w = 18, .box_h = 35, .ofs_x = 1, .ofs_y = -4},
    {.bitmap_index = 352, .adv_w = 425, .box_w = 25, .box_h = 26, .ofs_x = 1, .ofs_y = 0},
    {.bitmap_index = 515, .adv_w = 378, .box_w = 23, .box_h = 26, .ofs_x = 1, .ofs_y = 0},
    {.bitmap_index = 665, .adv_w = 93, .box_w = 4, .box_h = 10, .ofs_x = 1, .ofs_y = 18},
    {.bitmap_index = 675, .adv_w = 202, .box_w = 10, .box_h = 39, .ofs_x = 2, .ofs_y = -9},
    {.bitmap_index = 773, .adv_w = 203, .box_w = 11, .box_h = 39, .ofs_x = 0, .ofs_y = -9},
    {.bitmap_index = 881, .adv_w = 261, .box_w = 17, .box_h = 17, .ofs_x = 0, .ofs_y = 9},
    {.bitmap_index = 954, .adv_w = 314, .box_w = 18, .box_h = 20, .ofs_x = 1, .ofs_y = 3},
    {.bitmap_index = 1044, .adv_w = 141, .box_w = 7, .box_h = 12, .ofs_x = 0, .ofs_y = -8},
    {.bitmap_index = 1065, .adv_w = 223, .box_w = 11, .box_h = 5, .ofs_x = 1, .ofs_y = 9},
    {.bitmap_index = 1079, .adv_w = 167, .box_w = 6, .box_h = 6, .ofs_x = 2, .ofs_y = 0},
    {.bitmap_index = 1088, .adv_w = 215, .box_w = 14, .box_h = 29, .ofs_x = -1, .ofs_y = -3},
    {.bitmap_index = 1190, .adv_w = 330, .box_w = 18, .box_h = 26, .ofs_x = 1, .ofs_y = 0},
    {.bitmap_index = 1307, .adv_w = 330, .box_w = 13, .box_h = 26, .ofs_x = 2, .ofs_y = 0},
    {.bitmap_index = 1392, .adv_w = 330, .box_w = 19, .box_h = 26, .ofs_x = 1, .ofs_y = 0},
    {.bitmap_index = 1516, .adv_w = 330, .box_w = 18, .box_h = 26, .ofs_x = 1, .ofs_y = 0},
    {.bitmap_index = 1633, .adv_w = 330, .box_w = 20, .box_h = 26, .ofs_x = 0, .ofs_y = 0},
    {.bitmap_index = 1763, .adv_w = 330, .box_w = 19, .box_h = 26, .ofs_x = 1, .ofs_y = 0},
    {.bitmap_index = 1887, .adv_w = 330, .box_w = 19, .box_h = 26, .ofs_x = 1, .ofs_y = 0},
    {.bitmap_index = 2011, .adv_w = 330, .box_w = 19, .box_h = 26, .ofs_x = 1, .ofs_y = 0},
    {.bitmap_index = 2135, .adv_w = 330, .box_w = 18, .box_h = 26, .ofs_x = 1, .ofs_y = 0},
    {.bitmap_index = 2252, .adv_w = 330, .box_w = 18, .box_h = 26, .ofs_x = 1, .ofs_y = 0},
    {.bitmap_index = 2369, .adv_w = 163, .box_w = 6, .box_h = 20, .ofs_x = 2, .ofs_y = 0},
    {.bitmap_index = 2399, .adv_w = 151, .box_w = 7, .box_h = 27, .ofs_x = 1, .ofs_y = -7},
    {.bitmap_index = 2447, .adv_w = 293, .box_w = 17, .box_h = 19, .ofs_x = 0, .ofs_y = 2},
    {.bitmap_index = 2528, .adv_w = 330, .box_w = 17, .box_h = 12, .ofs_x = 2, .ofs_y = 6},
    {.bitmap_index = 2579, .adv_w = 298, .box_w = 16, .box_h = 18, .ofs_x = 2, .ofs_y = 2},
    {.bitmap_index = 2651, .adv_w = 287, .box_w = 17, .box_h = 26, .ofs_x = 0, .ofs_y = 0},
    {.bitmap_index = 2762, .adv_w = 516, .box_w = 30, .box_h = 34, .ofs_x = 1, .ofs_y = -8},
    {.bitmap_index = 3017, .adv_w = 388, .box_w = 25, .box_h = 26, .ofs_x = 0, .ofs_y = 0},
    {.bitmap_index = 3180, .adv_w = 368, .box_w = 20, .box_h = 26, .ofs_x = 2, .ofs_y = 0},
    {.bitmap_index = 3310, .adv_w = 377, .box_w = 22, .box_h = 26, .ofs_x = 1, .ofs_y = 0},
    {.bitmap_index = 3453, .adv_w = 374, .box_w = 20, .box_h = 26, .ofs_x = 2, .ofs_y = 0},
    {.bitmap_index = 3583, .adv_w = 324, .box_w = 18, .box_h = 26, .ofs_x = 2, .ofs_y = 0},
    {.bitmap_index = 3700, .adv_w = 316, .box_w = 17, .box_h = 26, .ofs_x = 2, .ofs_y = 0},
    {.bitmap_index = 3811, .adv_w = 392, .box_w = 22, .box_h = 26, .ofs_x = 1, .ofs_y = 0},
    {.bitmap_index = 3954, .adv_w = 407, .box_w = 22, .box_h = 26, .ofs_x = 2, .ofs_y = 0},
    {.bitmap_index = 4097, .adv_w = 168, .box_w = 6, .box_h = 26, .ofs_x = 2, .ofs_y = 0},
    {.bitmap_index = 4136, .adv_w = 322, .box_w = 18, .box_h = 26, .ofs_x = 0, .ofs_y = 0},
    {.bitmap_index = 4253, .adv_w = 366, .box_w = 22, .box_h = 26, .ofs_x = 2, .ofs_y = 0},
    {.bitmap_index = 4396, .adv_w = 312, .box_w = 17, .box_h = 26, .ofs_x = 2, .ofs_y = 0},
    {.bitmap_index = 4507, .adv_w = 505, .box_w = 28, .box_h = 26, .ofs_x = 2, .ofs_y = 0},
    {.bitmap_index = 4689, .adv_w = 407, .box_w = 22, .box_h = 26, .ofs_x = 2, .ofs_y = 0},
    {.bitmap_index = 4832, .adv_w = 398, .box_w = 23, .box_h = 26, .ofs_x = 1, .ofs_y = 0},
    {.bitmap_index = 4982, .adv_w = 372, .box_w = 20, .box_h = 26, .ofs_x = 2, .ofs_y = 0},
    {.bitmap_index = 5112, .adv_w = 398, .box_w = 23, .box_h = 31, .ofs_x = 1, .ofs_y = -5},
    {.bitmap_index = 5291, .adv_w = 368, .box_w = 21, .box_h = 26, .ofs_x = 2, .ofs_y = 0},
    {.bitmap_index = 5428, .adv_w = 354, .box_w = 20, .box_h = 26, .ofs_x = 1, .ofs_y = 0},
    {.bitmap_index = 5558, .adv_w = 356, .box_w = 22, .box_h = 26, .ofs_x = 0, .ofs_y = 0},
    {.bitmap_index = 5701, .adv_w = 379, .box_w = 20, .box_h = 26, .ofs_x = 2, .ofs_y = 0},
    {.bitmap_index = 5831, .adv_w = 377, .box_w = 24, .box_h = 26, .ofs_x = 0, .ofs_y = 0},
    {.bitmap_index = 5987, .adv_w = 504, .box_w = 31, .box_h = 26, .ofs_x = 0, .ofs_y = 0},
    {.bitmap_index = 6189, .adv_w = 366, .box_w = 23, .box_h = 26, .ofs_x = 0, .ofs_y = 0},
    {.bitmap_index = 6339, .adv_w = 356, .box_w = 23, .box_h = 26, .ofs_x = 0, .ofs_y = 0},
    {.bitmap_index = 6489, .adv_w = 349, .box_w = 20, .box_h = 26, .ofs_x = 1, .ofs_y = 0},
    {.bitmap_index = 6619, .adv_w = 160, .box_w = 8, .box_h = 37, .ofs_x = 2, .ofs_y = -6},
    {.bitmap_index = 6693, .adv_w = 243, .box_w = 16, .box_h = 29, .ofs_x = 0, .ofs_y = -3},
    {.bitmap_index = 6809, .adv_w = 160, .box_w = 8, .box_h = 37, .ofs_x = 0, .ofs_y = -6},
    {.bitmap_index = 6883, .adv_w = 252, .box_w = 15, .box_h = 13, .ofs_x = 0, .ofs_y = 13},
    {.bitmap_index = 6932, .adv_w = 257, .box_w = 17, .box_h = 5, .ofs_x = 0, .ofs_y = -4},
    {.bitmap_index = 6954, .adv_w = 190, .box_w = 10, .box_h = 6, .ofs_x = 0, .ofs_y = 22},
    {.bitmap_index = 6969, .adv_w = 309, .box_w = 18, .box_h = 20, .ofs_x = 1, .ofs_y = 0},
    {.bitmap_index = 7059, .adv_w = 324, .box_w = 19, .box_h = 28, .ofs_x = 1, .ofs_y = 0},
    {.bitmap_index = 7192, .adv_w = 300, .box_w = 17, .box_h = 20, .ofs_x = 1, .ofs_y = 0},
    {.bitmap_index = 7277, .adv_w = 325, .box_w = 18, .box_h = 28, .ofs_x = 1, .ofs_y = 0},
    {.bitmap_index = 7403, .adv_w = 311, .box_w = 18, .box_h = 20, .ofs_x = 1, .ofs_y = 0},
    {.bitmap_index = 7493, .adv_w = 206, .box_w = 13, .box_h = 29, .ofs_x = 0, .ofs_y = 0},
    {.bitmap_index = 7588, .adv_w = 329, .box_w = 18, .box_h = 28, .ofs_x = 1, .ofs_y = -8},
    {.bitmap_index = 7714, .adv_w = 322, .box_w = 18, .box_h = 28, .ofs_x = 1, .ofs_y = 0},
    {.bitmap_index = 7840, .adv_w = 153, .box_w = 7, .box_h = 28, .ofs_x = 1, .ofs_y = 0},
    {.bitmap_index = 7889, .adv_w = 150, .box_w = 10, .box_h = 36, .ofs_x = -2, .ofs_y = -8},
    {.bitmap_index = 7979, .adv_w = 308, .box_w = 19, .box_h = 28, .ofs_x = 1, .ofs_y = 0},
    {.bitmap_index = 8112, .adv_w = 153, .box_w = 6, .box_h = 28, .ofs_x = 2, .ofs_y = 0},
    {.bitmap_index = 8154, .adv_w = 499, .box_w = 29, .box_h = 20, .ofs_x = 1, .ofs_y = 0},
    {.bitmap_index = 8299, .adv_w = 323, .box_w = 18, .box_h = 20, .ofs_x = 1, .ofs_y = 0},
    {.bitmap_index = 8389, .adv_w = 326, .box_w = 19, .box_h = 20, .ofs_x = 1, .ofs_y = 0},
    {.bitmap_index = 8484, .adv_w = 324, .box_w = 19, .box_h = 28, .ofs_x = 1, .ofs_y = -8},
    {.bitmap_index = 8617, .adv_w = 325, .box_w = 18, .box_h = 28, .ofs_x = 1, .ofs_y = -8},
    {.bitmap_index = 8743, .adv_w = 210, .box_w = 12, .box_h = 20, .ofs_x = 1, .ofs_y = 0},
    {.bitmap_index = 8803, .adv_w = 296, .box_w = 18, .box_h = 20, .ofs_x = 0, .ofs_y = 0},
    {.bitmap_index = 8893, .adv_w = 195, .box_w = 12, .box_h = 25, .ofs_x = 0, .ofs_y = 0},
    {.bitmap_index = 8968, .adv_w = 322, .box_w = 18, .box_h = 20, .ofs_x = 1, .ofs_y = 0},
    {.bitmap_index = 9058, .adv_w = 291, .box_w = 18, .box_h = 20, .ofs_x = 0, .ofs_y = 0},
    {.bitmap_index = 9148, .adv_w = 423, .box_w = 26, .box_h = 20, .ofs_x = 0, .ofs_y = 0},
    {.bitmap_index = 9278, .adv_w = 293, .box_w = 19, .box_h = 20, .ofs_x = 0, .ofs_y = 0},
    {.bitmap_index = 9373, .adv_w = 289, .box_w = 19, .box_h = 28, .ofs_x = 0, .ofs_y = -8},
    {.bitmap_index = 9506, .adv_w = 293, .box_w = 17, .box_h = 20, .ofs_x = 1, .ofs_y = 0},
    {.bitmap_index = 9591, .adv_w = 190, .box_w = 12, .box_h = 36, .ofs_x = 0, .ofs_y = -7},
    {.bitmap_index = 9699, .adv_w = 146, .box_w = 4, .box_h = 32, .ofs_x = 3, .ofs_y = -6},
    {.bitmap_index = 9731, .adv_w = 190, .box_w = 12, .box_h = 36, .ofs_x = 0, .ofs_y = -7},
    {.bitmap_index = 9839, .adv_w = 374, .box_w = 21, .box_h = 9, .ofs_x = 1, .ofs_y = 7},
    {.bitmap_index = 9887, .adv_w = 143, .box_w = 0, .box_h = 0, .ofs_x = 0, .ofs_y = 0},
    {.bitmap_index = 9887, .adv_w = 163, .box_w = 6, .box_h = 27, .ofs_x = 2, .ofs_y = -7},
    {.bitmap_index = 9928, .adv_w = 331, .box_w = 18, .box_h = 29, .ofs_x = 1, .ofs_y = -4},
    {.bitmap_index = 10059, .adv_w = 342, .box_w = 20, .box_h = 26, .ofs_x = 1, .ofs_y = 0},
    {.bitmap_index = 10189, .adv_w = 399, .box_w = 23, .box_h = 25, .ofs_x = 1, .ofs_y = -1},
    {.bitmap_index = 10333, .adv_w = 353, .box_w = 22, .box_h = 26, .ofs_x = 0, .ofs_y = 0},
    {.bitmap_index = 10476, .adv_w = 145, .box_w = 5, .box_h = 32, .ofs_x = 2, .ofs_y = -6},
    {.bitmap_index = 10516, .adv_w = 362, .box_w = 20, .box_h = 34, .ofs_x = 1, .ofs_y = -8},
    {.bitmap_index = 10686, .adv_w = 269, .box_w = 15, .box_h = 5, .ofs_x = 1, .ofs_y = 22},
    {.bitmap_index = 10705, .adv_w = 452, .box_w = 26, .box_h = 28, .ofs_x = 1, .ofs_y = 0},
    {.bitmap_index = 10887, .adv_w = 256, .box_w = 12, .box_h = 14, .ofs_x = 2, .ofs_y = 12},
    {.bitmap_index = 10929, .adv_w = 288, .box_w = 16, .box_h = 15, .ofs_x = 1, .ofs_y = 2},
    {.bitmap_index = 10989, .adv_w = 318, .box_w = 15, .box_h = 9, .ofs_x = 2, .ofs_y = 7},
    {.bitmap_index = 11023, .adv_w = 223, .box_w = 11, .box_h = 5, .ofs_x = 1, .ofs_y = 9},
    {.bitmap_index = 11037, .adv_w = 452, .box_w = 26, .box_h = 28, .ofs_x = 1, .ofs_y = 0},
    {.bitmap_index = 11219, .adv_w = 289, .box_w = 14, .box_h = 4, .ofs_x = 2, .ofs_y = 23},
    {.bitmap_index = 11233, .adv_w = 224, .box_w = 10, .box_h = 10, .ofs_x = 2, .ofs_y = 17},
    {.bitmap_index = 11258, .adv_w = 309, .box_w = 17, .box_h = 24, .ofs_x = 1, .ofs_y = 0},
    {.bitmap_index = 11360, .adv_w = 215, .box_w = 13, .box_h = 14, .ofs_x = 0, .ofs_y = 12},
    {.bitmap_index = 11406, .adv_w = 215, .box_w = 13, .box_h = 14, .ofs_x = 0, .ofs_y = 12},
    {.bitmap_index = 11452, .adv_w = 191, .box_w = 10, .box_h = 6, .ofs_x = 1, .ofs_y = 22},
    {.bitmap_index = 11467, .adv_w = 355, .box_w = 18, .box_h = 28, .ofs_x = 2, .ofs_y = -8},
    {.bitmap_index = 11593, .adv_w = 282, .box_w = 15, .box_h = 26, .ofs_x = 1, .ofs_y = 0},
    {.bitmap_index = 11691, .adv_w = 174, .box_w = 7, .box_h = 6, .ofs_x = 2, .ofs_y = 10},
    {.bitmap_index = 11702, .adv_w = 154, .box_w = 8, .box_h = 9, .ofs_x = 1, .ofs_y = -8},
    {.bitmap_index = 11720, .adv_w = 215, .box_w = 8, .box_h = 14, .ofs_x = 2, .ofs_y = 12},
    {.bitmap_index = 11748, .adv_w = 263, .box_w = 13, .box_h = 14, .ofs_x = 2, .ofs_y = 12},
    {.bitmap_index = 11794, .adv_w = 288, .box_w = 16, .box_h = 15, .ofs_x = 1, .ofs_y = 2},
    {.bitmap_index = 11854, .adv_w = 413, .box_w = 24, .box_h = 27, .ofs_x = 1, .ofs_y = 0},
    {.bitmap_index = 12016, .adv_w = 438, .box_w = 25, .box_h = 27, .ofs_x = 1, .ofs_y = 0},
    {.bitmap_index = 12185, .adv_w = 465, .box_w = 27, .box_h = 27, .ofs_x = 1, .ofs_y = 0},
    {.bitmap_index = 12368, .adv_w = 287, .box_w = 17, .box_h = 27, .ofs_x = 1, .ofs_y = -7},
    {.bitmap_index = 12483, .adv_w = 388, .box_w = 25, .box_h = 34, .ofs_x = 0, .ofs_y = 0},
    {.bitmap_index = 12696, .adv_w = 388, .box_w = 25, .box_h = 34, .ofs_x = 0, .ofs_y = 0},
    {.bitmap_index = 12909, .adv_w = 388, .box_w = 25, .box_h = 34, .ofs_x = 0, .ofs_y = 0},
    {.bitmap_index = 13122, .adv_w = 388, .box_w = 25, .box_h = 34, .ofs_x = 0, .ofs_y = 0},
    {.bitmap_index = 13335, .adv_w = 388, .box_w = 25, .box_h = 33, .ofs_x = 0, .ofs_y = 0},
    {.bitmap_index = 13542, .adv_w = 388, .box_w = 25, .box_h = 35, .ofs_x = 0, .ofs_y = 0},
    {.bitmap_index = 13761, .adv_w = 541, .box_w = 33, .box_h = 26, .ofs_x = 0, .ofs_y = 0},
    {.bitmap_index = 13976, .adv_w = 377, .box_w = 22, .box_h = 34, .ofs_x = 1, .ofs_y = -8},
    {.bitmap_index = 14163, .adv_w = 324, .box_w = 18, .box_h = 34, .ofs_x = 2, .ofs_y = 0},
    {.bitmap_index = 14316, .adv_w = 324, .box_w = 18, .box_h = 34, .ofs_x = 2, .ofs_y = 0},
    {.bitmap_index = 14469, .adv_w = 324, .box_w = 18, .box_h = 34, .ofs_x = 2, .ofs_y = 0},
    {.bitmap_index = 14622, .adv_w = 324, .box_w = 18, .box_h = 33, .ofs_x = 2, .ofs_y = 0},
    {.bitmap_index = 14771, .adv_w = 168, .box_w = 10, .box_h = 34, .ofs_x = -2, .ofs_y = 0},
    {.bitmap_index = 14856, .adv_w = 168, .box_w = 10, .box_h = 34, .ofs_x = 2, .ofs_y = 0},
    {.bitmap_index = 14941, .adv_w = 168, .box_w = 14, .box_h = 34, .ofs_x = -2, .ofs_y = 0},
    {.bitmap_index = 15060, .adv_w = 168, .box_w = 14, .box_h = 33, .ofs_x = -2, .ofs_y = 0},
    {.bitmap_index = 15176, .adv_w = 383, .box_w = 24, .box_h = 26, .ofs_x = -1, .ofs_y = 0},
    {.bitmap_index = 15332, .adv_w = 407, .box_w = 22, .box_h = 34, .ofs_x = 2, .ofs_y = 0},
    {.bitmap_index = 15519, .adv_w = 398, .box_w = 23, .box_h = 34, .ofs_x = 1, .ofs_y = 0},
    {.bitmap_index = 15715, .adv_w = 398, .box_w = 23, .box_h = 34, .ofs_x = 1, .ofs_y = 0},
    {.bitmap_index = 15911, .adv_w = 398, .box_w = 23, .box_h = 34, .ofs_x = 1, .ofs_y = 0},
    {.bitmap_index = 16107, .adv_w = 398, .box_w = 23, .box_h = 34, .ofs_x = 1, .ofs_y = 0},
    {.bitmap_index = 16303, .adv_w = 398, .box_w = 23, .box_h = 33, .ofs_x = 1, .ofs_y = 0},
    {.bitmap_index = 16493, .adv_w = 306, .box_w = 17, .box_h = 19, .ofs_x = 1, .ofs_y = 3},
    {.bitmap_index = 16574, .adv_w = 397, .box_w = 23, .box_h = 30, .ofs_x = 1, .ofs_y = -2},
    {.bitmap_index = 16747, .adv_w = 379, .box_w = 20, .box_h = 34, .ofs_x = 2, .ofs_y = 0},
    {.bitmap_index = 16917, .adv_w = 379, .box_w = 20, .box_h = 34, .ofs_x = 2, .ofs_y = 0},
    {.bitmap_index = 17087, .adv_w = 379, .box_w = 20, .box_h = 34, .ofs_x = 2, .ofs_y = 0},
    {.bitmap_index = 17257, .adv_w = 379, .box_w = 20, .box_h = 33, .ofs_x = 2, .ofs_y = 0},
    {.bitmap_index = 17422, .adv_w = 356, .box_w = 23, .box_h = 34, .ofs_x = 0, .ofs_y = 0},
    {.bitmap_index = 17618, .adv_w = 350, .box_w = 19, .box_h = 26, .ofs_x = 2, .ofs_y = 0},
    {.bitmap_index = 17742, .adv_w = 363, .box_w = 20, .box_h = 29, .ofs_x = 2, .ofs_y = 0},
    {.bitmap_index = 17887, .adv_w = 309, .box_w = 18, .box_h = 28, .ofs_x = 1, .ofs_y = 0},
    {.bitmap_index = 18013, .adv_w = 309, .box_w = 18, .box_h = 28, .ofs_x = 1, .ofs_y = 0},
    {.bitmap_index = 18139, .adv_w = 309, .box_w = 18, .box_h = 28, .ofs_x = 1, .ofs_y = 0},
    {.bitmap_index = 18265, .adv_w = 309, .box_w = 18, .box_h = 28, .ofs_x = 1, .ofs_y = 0},
    {.bitmap_index = 18391, .adv_w = 309, .box_w = 18, .box_h = 26, .ofs_x = 1, .ofs_y = 0},
    {.bitmap_index = 18508, .adv_w = 309, .box_w = 18, .box_h = 30, .ofs_x = 1, .ofs_y = 0},
    {.bitmap_index = 18643, .adv_w = 486, .box_w = 29, .box_h = 20, .ofs_x = 1, .ofs_y = 0},
    {.bitmap_index = 18788, .adv_w = 300, .box_w = 17, .box_h = 28, .ofs_x = 1, .ofs_y = -8},
    {.bitmap_index = 18907, .adv_w = 311, .box_w = 18, .box_h = 28, .ofs_x = 1, .ofs_y = 0},
    {.bitmap_index = 19033, .adv_w = 311, .box_w = 18, .box_h = 28, .ofs_x = 1, .ofs_y = 0},
    {.bitmap_index = 19159, .adv_w = 311, .box_w = 18, .box_h = 28, .ofs_x = 1, .ofs_y = 0},
    {.bitmap_index = 19285, .adv_w = 311, .box_w = 18, .box_h = 26, .ofs_x = 1, .ofs_y = 0},
    {.bitmap_index = 19402, .adv_w = 158, .box_w = 10, .box_h = 28, .ofs_x = -2, .ofs_y = 0},
    {.bitmap_index = 19472, .adv_w = 158, .box_w = 10, .box_h = 28, .ofs_x = 2, .ofs_y = 0},
    {.bitmap_index = 19542, .adv_w = 158, .box_w = 14, .box_h = 28, .ofs_x = -2, .ofs_y = 0},
    {.bitmap_index = 19640, .adv_w = 158, .box_w = 14, .box_h = 26, .ofs_x = -2, .ofs_y = 0},
    {.bitmap_index = 19731, .adv_w = 331, .box_w = 19, .box_h = 30, .ofs_x = 1, .ofs_y = 0},
    {.bitmap_index = 19874, .adv_w = 323, .box_w = 18, .box_h = 28, .ofs_x = 1, .ofs_y = 0},
    {.bitmap_index = 20000, .adv_w = 326, .box_w = 19, .box_h = 28, .ofs_x = 1, .ofs_y = 0},
    {.bitmap_index = 20133, .adv_w = 326, .box_w = 19, .box_h = 28, .ofs_x = 1, .ofs_y = 0},
    {.bitmap_index = 20266, .adv_w = 326, .box_w = 19, .box_h = 28, .ofs_x = 1, .ofs_y = 0},
    {.bitmap_index = 20399, .adv_w = 326, .box_w = 19, .box_h = 28, .ofs_x = 1, .ofs_y = 0},
    {.bitmap_index = 20532, .adv_w = 326, .box_w = 19, .box_h = 26, .ofs_x = 1, .ofs_y = 0},
    {.bitmap_index = 20656, .adv_w = 329, .box_w = 19, .box_h = 20, .ofs_x = 1, .ofs_y = 2},
    {.bitmap_index = 20751, .adv_w = 325, .box_w = 19, .box_h = 25, .ofs_x = 1, .ofs_y = -2},
    {.bitmap_index = 20870, .adv_w = 322, .box_w = 18, .box_h = 28, .ofs_x = 1, .ofs_y = 0},
    {.bitmap_index = 20996, .adv_w = 322, .box_w = 18, .box_h = 28, .ofs_x = 1, .ofs_y = 0},
    {.bitmap_index = 21122, .adv_w = 322, .box_w = 18, .box_h = 28, .ofs_x = 1, .ofs_y = 0},
    {.bitmap_index = 21248, .adv_w = 322, .box_w = 18, .box_h = 26, .ofs_x = 1, .ofs_y = 0},
    {.bitmap_index = 21365, .adv_w = 289, .box_w = 19, .box_h = 36, .ofs_x = 0, .ofs_y = -8},
    {.bitmap_index = 21536, .adv_w = 327, .box_w = 19, .box_h = 36, .ofs_x = 1, .ofs_y = -8},
    {.bitmap_index = 21707, .adv_w = 289, .box_w = 19, .box_h = 34, .ofs_x = 0, .ofs_y = -8},
    {.bitmap_index = 21869, .adv_w = 558, .box_w = 32, .box_h = 26, .ofs_x = 1, .ofs_y = 0},
    {.bitmap_index = 22077, .adv_w = 519, .box_w = 31, .box_h = 20, .ofs_x = 1, .ofs_y = 0},
    {.bitmap_index = 22232, .adv_w = 294, .box_w = 0, .box_h = 0, .ofs_x = 0, .ofs_y = 0},
    {.bitmap_index = 22232, .adv_w = 588, .box_w = 0, .box_h = 0, .ofs_x = 0, .ofs_y = 0},
    {.bitmap_index = 22232, .adv_w = 294, .box_w = 0, .box_h = 0, .ofs_x = 0, .ofs_y = 0},
    {.bitmap_index = 22232, .adv_w = 588, .box_w = 0, .box_h = 0, .ofs_x = 0, .ofs_y = 0},
    {.bitmap_index = 22232, .adv_w = 196, .box_w = 0, .box_h = 0, .ofs_x = 0, .ofs_y = 0},
    {.bitmap_index = 22232, .adv_w = 147, .box_w = 0, .box_h = 0, .ofs_x = 0, .ofs_y = 0},
    {.bitmap_index = 22232, .adv_w = 98, .box_w = 0, .box_h = 0, .ofs_x = 0, .ofs_y = 0},
    {.bitmap_index = 22232, .adv_w = 324, .box_w = 0, .box_h = 0, .ofs_x = 0, .ofs_y = 0},
    {.bitmap_index = 22232, .adv_w = 158, .box_w = 0, .box_h = 0, .ofs_x = 0, .ofs_y = 0},
    {.bitmap_index = 22232, .adv_w = 118, .box_w = 0, .box_h = 0, .ofs_x = 0, .ofs_y = 0},
    {.bitmap_index = 22232, .adv_w = 59, .box_w = 0, .box_h = 0, .ofs_x = 0, .ofs_y = 0},
    {.bitmap_index = 22232, .adv_w = 0, .box_w = 0, .box_h = 0, .ofs_x = 0, .ofs_y = 0},
    {.bitmap_index = 22232, .adv_w = 224, .box_w = 11, .box_h = 5, .ofs_x = 1, .ofs_y = 9},
    {.bitmap_index = 22246, .adv_w = 224, .box_w = 11, .box_h = 5, .ofs_x = 1, .ofs_y = 9},
    {.bitmap_index = 22260, .adv_w = 364, .box_w = 19, .box_h = 5, .ofs_x = 2, .ofs_y = 11},
    {.bitmap_index = 22284, .adv_w = 440, .box_w = 26, .box_h = 5, .ofs_x = 1, .ofs_y = 11},
    {.bitmap_index = 22317, .adv_w = 440, .box_w = 26, .box_h = 5, .ofs_x = 1, .ofs_y = 11},
    {.bitmap_index = 22350, .adv_w = 257, .box_w = 17, .box_h = 9, .ofs_x = 0, .ofs_y = -9},
    {.bitmap_index = 22389, .adv_w = 135, .box_w = 7, .box_h = 10, .ofs_x = 1, .ofs_y = 19},
    {.bitmap_index = 22407, .adv_w = 132, .box_w = 6, .box_h = 10, .ofs_x = 1, .ofs_y = 18},
    {.bitmap_index = 22422, .adv_w = 143, .box_w = 6, .box_h = 10, .ofs_x = 1, .ofs_y = -6},
    {.bitmap_index = 22437, .adv_w = 120, .box_w = 6, .box_h = 10, .ofs_x = 1, .ofs_y = 18},
    {.bitmap_index = 22452, .adv_w = 234, .box_w = 13, .box_h = 10, .ofs_x = 1, .ofs_y = 19},
    {.bitmap_index = 22485, .adv_w = 235, .box_w = 12, .box_h = 10, .ofs_x = 1, .ofs_y = 18},
    {.bitmap_index = 22515, .adv_w = 232, .box_w = 12, .box_h = 11, .ofs_x = 1, .ofs_y = -6},
    {.bitmap_index = 22548, .adv_w = 310, .box_w = 18, .box_h = 26, .ofs_x = 1, .ofs_y = 0},
    {.bitmap_index = 22665, .adv_w = 333, .box_w = 19, .box_h = 34, .ofs_x = 1, .ofs_y = -8},
    {.bitmap_index = 22827, .adv_w = 207, .box_w = 9, .box_h = 9, .ofs_x = 2, .ofs_y = 9},
    {.bitmap_index = 22848, .adv_w = 300, .box_w = 15, .box_h = 6, .ofs_x = 2, .ofs_y = 0},
    {.bitmap_index = 22871, .adv_w = 426, .box_w = 23, .box_h = 6, .ofs_x = 2, .ofs_y = 0},
    {.bitmap_index = 22906, .adv_w = 137, .box_w = 6, .box_h = 5, .ofs_x = 1, .ofs_y = 9},
    {.bitmap_index = 22914, .adv_w = 553, .box_w = 33, .box_h = 26, .ofs_x = 1, .ofs_y = 0},
    {.bitmap_index = 23129, .adv_w = 93, .box_w = 4, .box_h = 10, .ofs_x = 1, .ofs_y = 18},
    {.bitmap_index = 23139, .adv_w = 185, .box_w = 10, .box_h = 10, .ofs_x = 1, .ofs_y = 18},
    {.bitmap_index = 23164, .adv_w = 179, .box_w = 10, .box_h = 15, .ofs_x = 1, .ofs_y = 2},
    {.bitmap_index = 23202, .adv_w = 174, .box_w = 9, .box_h = 15, .ofs_x = 1, .ofs_y = 2},
    {.bitmap_index = 23236, .adv_w = 313, .box_w = 16, .box_h = 26, .ofs_x = 2, .ofs_y = 0},
    {.bitmap_index = 23340, .adv_w = 257, .box_w = 16, .box_h = 23, .ofs_x = 0, .ofs_y = 1}
};

/*---------------------
 *  CHARACTER MAPPING
 *--------------------*/

static const uint16_t unicode_list_2[] = {
    0x0, 0x1, 0x1eae, 0x1eaf, 0x1eb0, 0x1eb1, 0x1eb2, 0x1eb3,
    0x1eb4, 0x1eb5, 0x1eb6, 0x1eb7, 0x1eb8, 0x1eb9, 0x1ebe, 0x1ebf,
    0x1ec1, 0x1ec2, 0x1ec3, 0x1ec5, 0x1ec6, 0x1ec7, 0x1ec8, 0x1ec9,
    0x1eca, 0x1ecb, 0x1ecc, 0x1ece, 0x1ecf, 0x1ed0, 0x1ed3, 0x1ed4,
    0x1ed5, 0x1ede, 0x1ee0, 0x1ee1, 0x1ee7, 0x1ee8, 0x1eea, 0x1ef2
};

/*Collect the unicode lists and glyph_id offsets*/
static const lv_font_fmt_txt_cmap_t cmaps[] =
{
    {
        .range_start = 32, .range_length = 95, .glyph_id_start = 1,
        .unicode_list = NULL, .glyph_id_ofs_list = NULL, .list_length = 0, .type = LV_FONT_FMT_TXT_CMAP_FORMAT0_TINY
    },
    {
        .range_start = 160, .range_length = 96, .glyph_id_start = 96,
        .unicode_list = NULL, .glyph_id_ofs_list = NULL, .list_length = 0, .type = LV_FONT_FMT_TXT_CMAP_FORMAT0_TINY
    },
    {
        .range_start = 338, .range_length = 7923, .glyph_id_start = 192,
        .unicode_list = unicode_list_2, .glyph_id_ofs_list = NULL, .list_length = 40, .type = LV_FONT_FMT_TXT_CMAP_SPARSE_TINY
    }
};

/*-----------------
 *    KERNING
 *----------------*/


/*Map glyph_ids to kern left classes*/
static const uint8_t kern_left_class_mapping[] =
{
    0, 1, 0, 2, 0, 0, 0, 0,
    2, 3, 0, 0, 0, 4, 0, 4,
    5, 0, 0, 0, 0, 0, 0, 0,
    0, 0, 0, 0, 0, 0, 0, 0,
    0, 0, 6, 7, 8, 9, 10, 11,
    0, 12, 12, 13, 14, 15, 12, 12,
    9, 16, 17, 18, 0, 19, 13, 20,
    21, 22, 23, 24, 25, 0, 0, 0,
    0, 0, 26, 27, 28, 0, 29, 30,
    0, 31, 0, 0, 32, 0, 33, 33,
    34, 27, 0, 35, 0, 36, 0, 37,
    38, 39, 37, 40, 41, 0, 0, 0,
    0, 0, 0, 0, 0, 0, 0, 0,
    0, 0, 0, 0, 0, 0, 0, 0,
    0, 0, 0, 0, 0, 0, 0, 0,
    0, 0, 0, 0, 0, 0, 0, 0,
    6, 6, 6, 6, 6, 6, 0, 8,
    10, 10, 10, 10, 12, 12, 12, 12,
    9, 12, 9, 9, 9, 9, 9, 0,
    0, 13, 13, 13, 13, 23, 0, 0,
    26, 26, 26, 26, 26, 26, 0, 28,
    29, 29, 29, 29, 0, 0, 0, 0,
    0, 33, 34, 34, 34, 34, 34, 0,
    0, 0, 0, 0, 0, 37, 27, 37,
    0, 0, 0, 0, 0, 0, 0, 0,
    0, 0, 0, 0, 0, 0, 0, 0,
    0, 0, 0, 0, 2, 42, 4, 2,
    2, 2, 4, 0, 0, 0, 4, 4,
    0, 0, 2, 2, 0, 0, 0, 0
};

/*Map glyph_ids to kern right classes*/
static const uint8_t kern_right_class_mapping[] =
{
    0, 1, 0, 2, 0, 0, 0, 3,
    2, 0, 4, 5, 0, 6, 7, 6,
    8, 0, 0, 0, 0, 0, 0, 0,
    0, 0, 0, 0, 0, 0, 0, 0,
    9, 0, 10, 0, 11, 0, 0, 0,
    11, 0, 0, 12, 0, 0, 0, 0,
    11, 0, 11, 0, 13, 14, 15, 16,
    17, 18, 19, 20, 0, 0, 21, 0,
    0, 0, 22, 0, 23, 23, 23, 24,
    23, 0, 0, 0, 0, 0, 25, 25,
    26, 25, 23, 27, 28, 29, 30, 31,
    32, 33, 31, 34, 0, 0, 35, 0,
    0, 0, 0, 0, 0, 0, 0, 0,
    0, 0, 0, 36, 0, 7, 0, 0,
    0, 0, 0, 0, 0, 0, 0, 0,
    0, 0, 0, 37, 0, 0, 0, 0,
    10, 10, 10, 10, 10, 10, 38, 11,
    0, 0, 0, 0, 0, 0, 0, 0,
    0, 0, 11, 11, 11, 11, 11, 0,
    11, 15, 15, 15, 15, 19, 0, 0,
    22, 22, 22, 22, 22, 22, 39, 23,
    23, 23, 23, 23, 0, 0, 0, 0,
    0, 25, 26, 26, 26, 26, 26, 0,
    40, 30, 30, 30, 30, 31, 0, 31,
    11, 23, 0, 0, 0, 0, 0, 0,
    0, 0, 0, 0, 0, 0, 0, 0,
    7, 7, 7, 0, 2, 41, 6, 2,
    2, 2, 6, 0, 0, 42, 6, 6,
    0, 0, 2, 2, 0, 0, 0, 0
};

/*Kern values between classes*/
static const int8_t kern_class_values[] =
{
    0, 0, 0, 0, 0, 0, 0, 0,
    0, 0, 0, 0, 0, -17, 0, 0,
    0, 0, 0, 0, 0, 0, 0, 0,
    0, 0, 0, 0, 0, 0, 0, 0,
    0, 0, 0, 0, 0, 0, 0, 0,
    0, 0, 0, -10, 0, 0, 0, 0,
    0, 0, 0, -34, 0, 0, 0, 0,
    0, 0, 0, 0, 0, 0, 0, -14,
    -17, 0, -6, -26, 0, -26, 0, 0,
    0, 3, 0, 0, 0, 0, 0, 0,
    0, 0, -10, 0, 0, 0, 0, 0,
    0, 0, 0, 0, 0, 0, 0, 0,
    0, 0, 0, 6, 11, 0, 6, 0,
    0, 0, 0, 0, 0, 0, 0, 0,
    0, 0, 0, 0, 0, 0, 0, 0,
    0, 0, 0, 0, 0, 0, 0, -80,
    0, 0, 0, 0, 0, 0, 0, 0,
    0, 0, 0, 0, 0, 0, 0, 0,
    0, 0, 0, 0, 0, 0, 0, 0,
    0, 0, 0, 0, 0, 0, 0, 0,
    0, 0, 0, 0, 0, 0, -80, 0,
    0, 0, 0, 0, 0, 0, 0, -70,
    0, 0, 0, 0, 0, 0, 0, 0,
    0, 0, 0, 0, 0, 0, 0, 0,
    0, 0, 0, 0, 0, 0, 0, 0,
    0, 0, 0, 0, 0, 0, 0, 0,
    0, 0, 0, -34, 0, 0, 0, 0,
    0, 0, -23, 0, -6, 0, 0, -34,
    -5, -22, -11, 0, -42, 0, 0, 0,
    0, 0, -13, -3, 0, 0, -5, -3,
    -14, -9, 0, 3, 0, 0, 0, 0,
    0, 0, -34, 0, 0, 0, 0, 0,
    0, 0, 0, 0, 0, 0, 0, 0,
    0, -8, 0, -7, 0, 0, -15, 0,
    0, 0, 0, 0, 0, 0, 0, 0,
    0, 0, 0, 0, 0, 0, 0, 0,
    0, 0, 0, 0, 0, 0, 0, 0,
    0, -7, 0, 0, 0, 0, 0, 0,
    0, 0, 0, -8, 0, 0, 0, 0,
    0, 0, -3, 0, 0, 0, 0, 0,
    0, 0, 0, 0, 0, 0, 0, 0,
    -5, 0, 0, 0, 0, 0, 0, 0,
    0, 0, 0, 0, 0, -34, 0, 0,
    0, -6, 0, 0, 0, -24, 0, -6,
    0, -6, -12, -6, 0, 0, 0, 0,
    0, 0, 0, 0, 0, 0, 0, 0,
    0, 0, 0, 0, 0, -9, 0, 0,
    0, 0, 0, 0, 0, 0, 0, 0,
    0, 0, 0, 0, 0, 0, 0, 6,
    0, 0, 0, 0, 0, 0, 0, 0,
    -5, -5, 0, -5, 0, 0, 0, -5,
    -7, -6, 0, 0, 0, 0, 0, 0,
    0, 0, 0, 0, 0, 0, 0, 0,
    0, -77, 0, 0, 0, -54, 0, -58,
    0, 6, 0, 0, 0, 0, 0, 0,
    0, -10, -6, 0, 0, -6, -7, 0,
    0, -6, -7, 0, 0, 0, 0, 0,
    0, 0, 0, 0, 0, 0, 0, 0,
    0, 0, 0, 0, 0, 0, 0, 5,
    0, 0, 0, -8, 0, 0, 0, 5,
    -8, 0, 0, 0, 0, 0, 0, 0,
    0, 0, 0, 0, 0, 0, 0, 0,
    0, 0, 0, 0, 0, 0, 0, 0,
    0, 0, 0, 0, 0, 0, 0, 0,
    0, -6, 0, 0, 0, 0, 0, 0,
    0, 0, 0, 0, 0, 0, 0, 0,
    0, 0, 0, 0, 0, 0, 0, 0,
    0, 0, 0, 0, 0, 0, 0, 0,
    0, 0, 0, 0, 0, 0, 0, 0,
    -46, 0, 0, 0, -9, 0, 0, 0,
    0, 0, 0, 0, 0, 0, 0, 0,
    -7, 0, 0, -8, 0, 0, 0, -6,
    -11, -18, 0, 0, 0, 0, 0, 0,
    0, 0, 0, 0, 0, -81, 0, 0,
    0, 0, 0, 0, 0, 5, -18, 0,
    0, -58, -7, -58, -26, 0, -78, 0,
    0, 0, 0, 0, 0, 0, 0, 0,
    0, -4, -35, -15, 0, 0, 0, 0,
    0, 0, 0, 0, -81, 0, 0, 0,
    0, 0, 0, -114, 0, 0, 0, -50,
    0, -52, 0, 0, 0, 0, 0, -14,
    0, -10, 0, -3, -4, 0, 0, -4,
    0, 0, 4, 0, 4, 0, 0, 0,
    0, 0, 0, -84, 0, 0, 0, 0,
    0, 0, 0, 0, 0, 0, 0, 0,
    0, 0, 0, 0, 0, -9, 0, -8,
    -6, 0, -10, 0, 0, 0, 0, 0,
    0, 0, 0, 0, 0, 0, 0, 0,
    0, 0, 0, 0, 0, 0, 0, 0,
    0, 0, 0, 0, 0, 0, 0, 0,
    0, 0, 0, 0, 0, 0, 0, -14,
    0, -5, 0, 0, -13, 0, 0, 0,
    0, 0, 0, 0, 0, 0, 0, 0,
    0, 0, 0, 0, 0, 0, 0, 0,
    0, 0, 0, 0, -17, 0, 0, 0,
    0, -73, -76, 0, 0, -34, -8, -61,
    -4, 5, 0, 5, 4, 0, 5, 0,
    0, -47, -25, 0, -25, -58, -18, -21,
    0, -18, -23, -13, -22, -17, 0, -42,
    -41, -53, -24, -27, 0, 0, 0, 0,
    0, 6, 0, -60, -44, 0, 0, -21,
    -4, 0, 0, 0, 0, 0, 0, 0,
    0, 0, 5, -13, -12, 0, 0, -13,
    -8, 0, 0, -8, -3, 0, 0, 0,
    5, 0, 0, 0, 0, 0, 0, 0,
    0, 0, 0, 4, 0, -40, -17, 0,
    0, -12, 0, 0, 0, 4, 0, 0,
    0, 0, 0, 0, 3, -9, -9, 0,
    0, -9, -6, 0, 0, -5, 0, 0,
    0, 0, 4, 0, 0, 0, 0, 0,
    0, 0, 0, 0, 0, 0, 0, 0,
    -44, 0, 0, 0, -7, 0, 0, 0,
    0, 4, 0, 0, 0, 0, 0, 0,
    -7, 0, 0, -6, 0, 0, 0, -6,
    -9, 0, 0, 0, 0, 0, 0, 0,
    0, 0, 0, 0, 0, 0, -8, 6,
    -14, -65, -43, 0, 0, -42, -8, -27,
    -4, 5, -27, 5, 5, 4, 5, 0,
    5, -18, -18, -6, -11, -18, -11, -16,
    -6, -11, -6, 0, -6, -8, 5, -23,
    -14, -27, -18, -18, 0, -13, 0, 0,
    0, 0, 0, 0, 0, 0, 0, 4,
    -7, 0, 0, 0, 0, 0, 0, 0,
    0, 0, 0, 0, -6, 0, 0, -6,
    0, 0, 0, -5, -8, -8, 0, 0,
    0, 0, 0, 0, 0, 0, 0, 0,
    0, 0, 0, 0, 0, 0, 0, 0,
    0, 0, 0, -5, 0, 0, -5, 0,
    0, 0, 0, 0, 0, 0, 0, 0,
    0, 0, 0, 0, 0, 0, 0, 0,
    0, 0, 0, 0, 0, 0, 0, 0,
    0, 0, 0, -5, 0, 0, 0, 0,
    0, 0, 0, 0, 0, 0, 0, 0,
    0, 0, 0, 0, 0, 0, 0, 0,
    0, 0, 0, 0, 0, 0, 0, 0,
    -4, 0, 0, 0, 0, 0, 0, 0,
    0, 0, -5, 0, 0, -8, 0, 0,
    0, 0, 0, 0, 0, 0, 0, 0,
    0, 0, 0, 0, 0, 0, 0, 0,
    0, 0, 0, 0, 0, 0, 0, 0,
    0, 0, -3, 0, -4, -4, 0, 0,
    0, 0, 0, 0, -8, 0, 0, -3,
    0, 0, 0, 0, 0, 0, 0, 0,
    0, 0, 0, 0, 0, 0, 0, 0,
    0, 0, 0, 0, 0, 0, 0, 0,
    0, 0, 0, 0, 0, 0, 0, 0,
    0, 0, 0, 0, 0, 0, -3, 0,
    0, -4, 0, 0, 0, 0, 0, 0,
    0, 0, 0, 0, 0, 0, 0, 0,
    0, 0, 0, 0, 0, 0, 0, 0,
    0, 0, 0, 0, 0, 0, -4, 0,
    0, 0, 0, 0, 0, 0, 0, 0,
    -18, 0, 0, 5, 0, 6, 0, 0,
    0, 0, 0, 0, 0, 0, 0, 0,
    0, 0, 0, 0, 0, 0, 5, 0,
    -7, 0, 0, 0, 0, 0, 0, 0,
    0, 0, 0, 0, 5, 0, 0, 0,
    0, 0, 5, 0, 0, -22, 0, 0,
    0, 0, 0, 0, 0, 0, 0, 0,
    0, 0, 0, 0, 0, 0, 0, 0,
    0, 0, 0, 0, 0, 0, 0, 0,
    0, 0, 0, 0, 0, 0, 0, 0,
    0, 0, 0, 0, -29, 0, 0, 0,
    0, 0, 0, 0, 0, 0, 0, 0,
    0, 0, 0, 0, 0, 0, 0, 0,
    0, 0, 0, 0, -6, 0, 0, 0,
    0, 0, 0, 0, 0, 0, 0, 0,
    0, 0, 0, 0, 0, 0, 0, 0,
    0, -22, 0, 0, 0, 0, 0, 0,
    0, 0, 0, 0, 0, 0, 0, 0,
    0, 0, 0, 0, 0, 0, 0, 0,
    0, 0, 0, 0, 0, 0, 0, 0,
    0, 0, 0, 0, 0, 0, 0, 0,
    -34, 0, 0, -25, 0, 0, 0, 0,
    0, 0, 0, 0, 0, 0, 0, 0,
    0, 0, 0, 0, 0, 0, 0, 0,
    0, 0, 0, 0, 0, 0, 0, 0,
    -4, 0, -6, -4, 0, 0, 0, 0,
    0, 0, -31, 0, 0, 5, 0, 0,
    0, -49, 0, 0, 0, 0, 0, 0,
    0, 0, 0, 0, 0, 0, 0, 0,
    0, -8, -5, 6, 0, -10, 0, 0,
    14, 0, 5, 5, 0, 0, 0, 0,
    0, 0, 0, 0, 5, 0, 0, 0,
    0, 0, 0, 0, 0, 0, 0, 0,
    0, 0, 0, 0, 0, 0, 0, 0,
    0, 0, 0, 0, 0, 0, 0, -8,
    0, 0, 0, 0, 0, 0, 0, 0,
    0, 0, 0, 0, 0, 0, 7, 0,
    0, 4, 0, 0, 0, -47, 0, 0,
    0, 0, 0, 0, 0, 0, 0, 0,
    0, 0, 0, 0, 0, -4, -4, 4,
    0, -4, 0, 0, 0, 0, 0, 0,
    0, 0, 0, 0, 0, 0, 0, 0,
    4, 0, 0, 0, 0, 0, 0, -35,
    0, 0, 0, 0, 0, 0, 0, 0,
    0, 0, 0, 0, 0, 0, 0, 0,
    0, 0, 0, 0, 0, 0, 0, 0,
    0, 0, 0, 0, 0, 0, 0, 0,
    0, 0, 0, 0, 0, 0, 0, 0,
    0, 0, 0, 0, 0, 0, 0, 0,
    0, 0, 0, 0, 0, 0, 0, 0,
    0, 0, -6, 0, 0, -11, 0, 0,
    0, 0, 0, 0, 0, 0, 0, 0,
    0, 0, 0, 0, 0, 0, 0, 0,
    0, 0, 0, 0, 0, 0, 0, 0,
    0, 0, 0, 0, 0, 0, 0, 0,
    0, 0, 0, 0, -4, 0, 0, -4,
    0, 0, 0, 0, 0, 0, 0, 0,
    0, 0, 0, 0, 0, 0, 0, 0,
    0, 0, 0, 0, 0, 0, 0, 0,
    0, 0, 0, -6, 0, 0, -6, 0,
    0, 0, 0, 0, 0, 0, 0, 0,
    0, 0, 0, 0, 0, 0, 0, 0,
    0, 0, 0, 0, 0, 0, 0, 0,
    0, 0, 0, -10, 0, 0, 0, 0,
    0, 0, 0, -34, 0, 0, 0, 0,
    0, 0, 0, 0, 0, 0, 0, -14,
    -29, 0, -6, -40, 0, -65, 0, 0,
    0, 3, 0, 0, 0, 0, 0, 0,
    0, 0, -10, 0
};


/*Collect the kern class' data in one place*/
static const lv_font_fmt_txt_kern_classes_t kern_classes =
{
    .class_pair_values   = kern_class_values,
    .left_class_mapping  = kern_left_class_mapping,
    .right_class_mapping = kern_right_class_mapping,
    .left_class_cnt      = 42,
    .right_class_cnt     = 42,
};

/*--------------------
 *  ALL CUSTOM DATA
 *--------------------*/

#if LVGL_VERSION_MAJOR == 8
/*Store all the custom data of the font*/
static  lv_font_fmt_txt_glyph_cache_t cache;
#endif

#if LVGL_VERSION_MAJOR >= 8
static const lv_font_fmt_txt_dsc_t font_dsc = {
#else
static lv_font_fmt_txt_dsc_t font_dsc = {
#endif
    .glyph_bitmap = glyph_bitmap,
    .glyph_dsc = glyph_dsc,
    .cmaps = cmaps,
    .kern_dsc = &kern_classes,
    .kern_scale = 16,
    .cmap_num = 3,
    .bpp = 2,
    .kern_classes = 1,
    .bitmap_format = 0,
#if LVGL_VERSION_MAJOR == 8
    .cache = &cache
#endif
};



/*-----------------
 *  PUBLIC FONT
 *----------------*/

/*Initialize a public general font descriptor*/
#if LVGL_VERSION_MAJOR >= 8
const lv_font_t aurora_font_36 = {
#else
lv_font_t aurora_font_36 = {
#endif
    .get_glyph_dsc = lv_font_get_glyph_dsc_fmt_txt,    /*Function pointer to get glyph's data*/
    .get_glyph_bitmap = lv_font_get_bitmap_fmt_txt,    /*Function pointer to get glyph's bitmap*/
    .line_height = 44,          /*The maximum line height required by the font*/
    .base_line = 9,             /*Baseline measured from the bottom of the line*/
#if !(LVGL_VERSION_MAJOR == 6 && LVGL_VERSION_MINOR == 0)
    .subpx = LV_FONT_SUBPX_NONE,
#endif
#if LV_VERSION_CHECK(7, 4, 0) || LVGL_VERSION_MAJOR >= 8
    .underline_position = -3,
    .underline_thickness = 2,
#endif
    .dsc = &font_dsc,          /*The custom font data. Will be accessed by `get_glyph_bitmap/dsc` */
#if LV_VERSION_CHECK(8, 2, 0) || LVGL_VERSION_MAJOR >= 9
    .fallback = NULL,
#endif
    .user_data = NULL,
};



#endif /*#if AURORA_FONT_36*/

