/*******************************************************************************
 * Size: 24 px
 * Bpp: 2
 * Opts: --size 24 --bpp 2 --format lvgl --no-compress --font C:\Windows\Fonts\Roboto_Bold.ttf -r 0x20-0xFF,0x152-0x153,0x2000-0x206F -o targets/waveshare_p4/main/assets/aurora_font_24.c --lv-font-name aurora_font_24 --lv-include lvgl.h
 ******************************************************************************/

#ifdef LV_LVGL_H_INCLUDE_SIMPLE
#include "lvgl.h"
#else
#include "lvgl.h"
#endif

#ifndef AURORA_FONT_24
#define AURORA_FONT_24 1
#endif

#if AURORA_FONT_24

/*-----------------
 *    BITMAPS
 *----------------*/

/*Store the image of the glyphs*/
static LV_ATTRIBUTE_LARGE_CONST const uint8_t glyph_bitmap[] = {
    /* U+0020 " " */

    /* U+0021 "!" */
    0x7f, 0x1f, 0xc7, 0xf1, 0xfc, 0x7f, 0x1f, 0xc3,
    0xf0, 0xfc, 0x3f, 0xf, 0xc3, 0xf0, 0xf8, 0x0,
    0x6, 0x7, 0xf1, 0xfc, 0x3e, 0x0,

    /* U+0022 "\"" */
    0x7c, 0x7d, 0xf1, 0xf7, 0xc7, 0xdf, 0x1e, 0x7c,
    0x79, 0xe1, 0xe1, 0x41, 0x0,

    /* U+0023 "#" */
    0x0, 0x2e, 0xf, 0x0, 0x2, 0xd1, 0xf0, 0x0,
    0x3d, 0x1e, 0x0, 0x3, 0xc2, 0xe0, 0x0, 0x7c,
    0x3d, 0x1, 0xff, 0xff, 0xff, 0x1f, 0xff, 0xff,
    0xf0, 0xf, 0x47, 0xc0, 0x0, 0xf0, 0xb8, 0x0,
    0xf, 0xb, 0x40, 0x7f, 0xff, 0xff, 0xc7, 0xff,
    0xff, 0xfc, 0x2, 0xd1, 0xf0, 0x0, 0x3d, 0x1e,
    0x0, 0x3, 0xc2, 0xe0, 0x0, 0x3c, 0x3d, 0x0,
    0x7, 0xc3, 0xc0, 0x0,

    /* U+0024 "$" */
    0x0, 0x0, 0x0, 0x0, 0x2c, 0x0, 0x0, 0x2c,
    0x0, 0x0, 0xbe, 0x40, 0xb, 0xff, 0xf0, 0x2f,
    0xff, 0xf8, 0x3f, 0x82, 0xfc, 0x3f, 0x0, 0xfe,
    0x3f, 0x0, 0xbd, 0x3f, 0x80, 0x0, 0x2f, 0xf4,
    0x0, 0xb, 0xff, 0x80, 0x1, 0xff, 0xf0, 0x0,
    0x1b, 0xfc, 0x0, 0x1, 0xfd, 0xfd, 0x0, 0xfe,
    0xfe, 0x0, 0xfe, 0x7f, 0x82, 0xfd, 0x3f, 0xff,
    0xfc, 0xf, 0xff, 0xf0, 0x1, 0xbe, 0x40, 0x0,
    0x3c, 0x0, 0x0, 0x3c, 0x0,

    /* U+0025 "%" */
    0x1f, 0xe0, 0x0, 0x0, 0x7f, 0xfc, 0x0, 0x0,
    0xf8, 0x3d, 0x7, 0x40, 0xf4, 0x2e, 0xf, 0x0,
    0xf8, 0x3d, 0x2e, 0x0, 0x7f, 0xfc, 0x3c, 0x0,
    0x1f, 0xe0, 0xf4, 0x0, 0x0, 0x2, 0xe0, 0x0,
    0x0, 0x3, 0xc0, 0x0, 0x0, 0xf, 0x4b, 0xe0,
    0x0, 0x1e, 0x3f, 0xfc, 0x0, 0x3c, 0xbc, 0x3e,
    0x0, 0xf4, 0xb8, 0x2e, 0x1, 0xf0, 0xb8, 0x2e,
    0x3, 0xc0, 0xbc, 0x3e, 0x0, 0x0, 0x3f, 0xfc,
    0x0, 0x0, 0xb, 0xe0,

    /* U+0026 "&" */
    0x0, 0x7f, 0xd0, 0x0, 0x2, 0xff, 0xf4, 0x0,
    0x7, 0xff, 0xfc, 0x0, 0xb, 0xe0, 0xbd, 0x0,
    0xb, 0xd0, 0xbc, 0x0, 0x7, 0xe1, 0xfc, 0x0,
    0x3, 0xff, 0xf0, 0x0, 0x1, 0xff, 0xc0, 0x0,
    0x2, 0xff, 0x0, 0x50, 0xf, 0xff, 0xc2, 0xf4,
    0x2f, 0xcf, 0xf2, 0xf4, 0x3f, 0x43, 0xff, 0xf0,
    0x3f, 0x41, 0xff, 0xe0, 0x3f, 0x80, 0x7f, 0xc0,
    0x2f, 0xfa, 0xff, 0xd0, 0xf, 0xff, 0xff, 0xf0,
    0x1, 0xff, 0xe3, 0xfc,

    /* U+0027 "'" */
    0x7c, 0x7c, 0x7c, 0x7c, 0x7c, 0x7c, 0x24,

    /* U+0028 "(" */
    0x0, 0x0, 0x0, 0x90, 0xf, 0xc0, 0xbc, 0x7,
    0xd0, 0x3f, 0x1, 0xf4, 0xb, 0xc0, 0x3f, 0x0,
    0xf8, 0x7, 0xe0, 0x1f, 0x40, 0xbd, 0x2, 0xf4,
    0x7, 0xd0, 0x1f, 0x40, 0x7e, 0x0, 0xfc, 0x3,
    0xf0, 0x7, 0xd0, 0xf, 0x80, 0x1f, 0x0, 0x3f,
    0x0, 0x3e, 0x0, 0x38, 0x0, 0x0,

    /* U+0029 ")" */
    0x0, 0x0, 0x30, 0x0, 0x7d, 0x0, 0x2f, 0x0,
    0xf, 0xc0, 0x7, 0xd0, 0x3, 0xf0, 0x2, 0xf0,
    0x1, 0xf8, 0x0, 0xfc, 0x0, 0xfc, 0x0, 0xfc,
    0x0, 0xfc, 0x0, 0xfc, 0x0, 0xfc, 0x0, 0xfc,
    0x0, 0xfc, 0x1, 0xf8, 0x2, 0xf4, 0x3, 0xf0,
    0x7, 0xe0, 0xf, 0xc0, 0x1f, 0x40, 0x7e, 0x0,
    0x38, 0x0, 0x0, 0x0,

    /* U+002A "*" */
    0x0, 0xb8, 0x0, 0x1, 0xe0, 0x0, 0x7, 0x80,
    0x1f, 0x5e, 0x2d, 0xbf, 0xff, 0xf8, 0x1b, 0xfe,
    0x0, 0x2f, 0xd0, 0x1, 0xf7, 0xc0, 0xf, 0x4b,
    0xc0, 0x2c, 0xf, 0x0, 0x0, 0x0, 0x0,

    /* U+002B "+" */
    0x0, 0x2a, 0x0, 0x0, 0xf, 0xc0, 0x0, 0x3,
    0xf0, 0x0, 0x0, 0xfc, 0x0, 0x0, 0x3f, 0x0,
    0x1f, 0xff, 0xff, 0xd7, 0xff, 0xff, 0xf5, 0xff,
    0xff, 0xfd, 0x0, 0x3f, 0x0, 0x0, 0xf, 0xc0,
    0x0, 0x3, 0xf0, 0x0, 0x0, 0xfc, 0x0, 0x0,
    0x3f, 0x0, 0x0,

    /* U+002C "," */
    0x1f, 0x47, 0xd1, 0xf4, 0x7d, 0x2f, 0xf, 0x83,
    0xc0, 0x0,

    /* U+002D "-" */
    0xaa, 0xaa, 0xff, 0xfb, 0xff, 0xc0,

    /* U+002E "." */
    0x19, 0x1f, 0xc7, 0xf0, 0xf8,

    /* U+002F "/" */
    0x0, 0x3, 0xd0, 0x0, 0x7c, 0x0, 0xb, 0xc0,
    0x0, 0xf4, 0x0, 0x1f, 0x0, 0x2, 0xf0, 0x0,
    0x3d, 0x0, 0x7, 0xc0, 0x0, 0xfc, 0x0, 0xf,
    0x40, 0x1, 0xf0, 0x0, 0x3e, 0x0, 0x3, 0xd0,
    0x0, 0x7c, 0x0, 0xf, 0x80, 0x0, 0xf4, 0x0,
    0x1f, 0x0, 0x3, 0xe0, 0x0, 0x18, 0x0, 0x0,

    /* U+0030 "0" */
    0x2, 0xff, 0x40, 0xf, 0xff, 0xf0, 0x3f, 0xff,
    0xf8, 0x7f, 0x42, 0xfc, 0xbf, 0x0, 0xfd, 0xfe,
    0x0, 0xfe, 0xfe, 0x0, 0xbe, 0xfe, 0x0, 0xbe,
    0xfe, 0x0, 0xbe, 0xfe, 0x0, 0xbe, 0xfe, 0x0,
    0xbe, 0xfe, 0x0, 0xfe, 0xbf, 0x0, 0xfd, 0x7f,
    0x42, 0xfc, 0x3f, 0xff, 0xf8, 0xf, 0xff, 0xf0,
    0x2, 0xff, 0x40,

    /* U+0031 "1" */
    0x0, 0x7, 0x40, 0x6f, 0xd2, 0xff, 0xf4, 0xff,
    0xfd, 0x3d, 0x3f, 0x40, 0xf, 0xd0, 0x3, 0xf4,
    0x0, 0xfd, 0x0, 0x3f, 0x40, 0xf, 0xd0, 0x3,
    0xf4, 0x0, 0xfd, 0x0, 0x3f, 0x40, 0xf, 0xd0,
    0x3, 0xf4, 0x0, 0xfd, 0x0, 0x3f, 0x40,

    /* U+0032 "2" */
    0x0, 0xbf, 0xe0, 0x1, 0xff, 0xff, 0x1, 0xff,
    0xff, 0xf0, 0xff, 0x2, 0xfc, 0x3f, 0x40, 0x3f,
    0x4a, 0x80, 0xf, 0xc0, 0x0, 0x7, 0xf0, 0x0,
    0x3, 0xf4, 0x0, 0x3, 0xfc, 0x0, 0x3, 0xfc,
    0x0, 0x3, 0xfc, 0x0, 0x3, 0xfc, 0x0, 0x2,
    0xfd, 0x0, 0x2, 0xfd, 0x0, 0x2, 0xff, 0xff,
    0xf8, 0xff, 0xff, 0xff, 0x3f, 0xff, 0xff, 0xc0,

    /* U+0033 "3" */
    0x1, 0xbf, 0xd0, 0x2, 0xff, 0xff, 0x1, 0xff,
    0xff, 0xf0, 0xff, 0x2, 0xfc, 0x2a, 0x0, 0x3f,
    0x40, 0x0, 0xf, 0xc0, 0x0, 0xf, 0xf0, 0x1,
    0xff, 0xf0, 0x0, 0x7f, 0xf4, 0x0, 0x1a, 0xff,
    0x80, 0x0, 0x7, 0xf0, 0x0, 0x0, 0xfe, 0x3f,
    0x0, 0x3f, 0x8f, 0xe0, 0x1f, 0xd2, 0xff, 0xff,
    0xf0, 0x2f, 0xff, 0xf0, 0x1, 0xbf, 0xd0, 0x0,

    /* U+0034 "4" */
    0x0, 0x2, 0xfc, 0x0, 0x0, 0x3f, 0xc0, 0x0,
    0xf, 0xfc, 0x0, 0x2, 0xff, 0xc0, 0x0, 0x3f,
    0xfc, 0x0, 0xf, 0xdf, 0xc0, 0x1, 0xf4, 0xfc,
    0x0, 0x3f, 0xf, 0xc0, 0xf, 0xc0, 0xfc, 0x1,
    0xf8, 0xf, 0xc0, 0x3f, 0xeb, 0xff, 0x87, 0xff,
    0xff, 0xfc, 0x3f, 0xff, 0xff, 0xc0, 0x0, 0xf,
    0xc0, 0x0, 0x0, 0xfc, 0x0, 0x0, 0xf, 0xc0,
    0x0, 0x0, 0xfc, 0x0,

    /* U+0035 "5" */
    0x1f, 0xff, 0xfc, 0x2f, 0xff, 0xfc, 0x2f, 0xff,
    0xfc, 0x3f, 0x40, 0x0, 0x3f, 0x0, 0x0, 0x3f,
    0x19, 0x0, 0x3f, 0xff, 0xe0, 0x3f, 0xff, 0xfc,
    0x2f, 0x2, 0xfd, 0x0, 0x0, 0xfe, 0x0, 0x0,
    0xbe, 0x0, 0x0, 0xbe, 0xbe, 0x0, 0xfe, 0x7f,
    0x41, 0xfd, 0x3f, 0xff, 0xfc, 0xf, 0xff, 0xf0,
    0x1, 0xff, 0x80,

    /* U+0036 "6" */
    0x0, 0x1b, 0xd0, 0x1, 0xff, 0xd0, 0x7, 0xff,
    0xd0, 0xf, 0xe0, 0x0, 0x3f, 0x80, 0x0, 0x7f,
    0x1a, 0x80, 0xbf, 0xff, 0xf4, 0xbf, 0xff, 0xfc,
    0xff, 0x82, 0xfd, 0xfe, 0x0, 0xff, 0xfe, 0x0,
    0xbf, 0xbe, 0x0, 0xbf, 0xbf, 0x0, 0xbf, 0x3f,
    0x41, 0xfd, 0x2f, 0xff, 0xfc, 0xf, 0xff, 0xf0,
    0x1, 0xff, 0x80,

    /* U+0037 "7" */
    0x7f, 0xff, 0xff, 0xdf, 0xff, 0xff, 0xf3, 0xff,
    0xff, 0xf8, 0x0, 0x0, 0xfc, 0x0, 0x0, 0xbe,
    0x0, 0x0, 0x3f, 0x0, 0x0, 0x2f, 0xc0, 0x0,
    0xf, 0xd0, 0x0, 0x7, 0xf0, 0x0, 0x3, 0xf4,
    0x0, 0x1, 0xfc, 0x0, 0x0, 0xfe, 0x0, 0x0,
    0x7f, 0x0, 0x0, 0x3f, 0x80, 0x0, 0xf, 0xd0,
    0x0, 0xb, 0xf0, 0x0, 0x3, 0xf4, 0x0, 0x0,

    /* U+0038 "8" */
    0x2, 0xff, 0x80, 0x1f, 0xff, 0xf0, 0x3f, 0xff,
    0xfc, 0x7f, 0x1, 0xfc, 0x7f, 0x0, 0xfc, 0x3f,
    0x1, 0xfc, 0x2f, 0xff, 0xf4, 0xb, 0xff, 0xd0,
    0x1f, 0xff, 0xf0, 0x3f, 0x42, 0xfc, 0xbe, 0x0,
    0xfd, 0xfe, 0x0, 0xfe, 0xfe, 0x0, 0xfe, 0xbf,
    0x1, 0xfd, 0x3f, 0xff, 0xfc, 0x1f, 0xff, 0xf0,
    0x2, 0xff, 0x80,

    /* U+0039 "9" */
    0x2, 0xfe, 0x0, 0xf, 0xff, 0xd0, 0x3f, 0xff,
    0xf4, 0x7f, 0x42, 0xfc, 0xfe, 0x0, 0xfc, 0xfd,
    0x0, 0xfd, 0xfd, 0x0, 0xfd, 0xfe, 0x0, 0xfe,
    0xbf, 0x42, 0xfd, 0x3f, 0xff, 0xfd, 0xf, 0xff,
    0xfd, 0x1, 0xa4, 0xfc, 0x0, 0x2, 0xf8, 0x0,
    0xb, 0xf0, 0x7, 0xff, 0xd0, 0x7, 0xff, 0x40,
    0x7, 0xf4, 0x0,

    /* U+003A ":" */
    0x3e, 0x1f, 0xc7, 0xf0, 0x64, 0x0, 0x0, 0x0,
    0x0, 0x0, 0x0, 0x6, 0x47, 0xf1, 0xfc, 0x3e,
    0x0,

    /* U+003B ";" */
    0xf, 0x42, 0xfc, 0x2f, 0xc0, 0x60, 0x0, 0x0,
    0x0, 0x0, 0x0, 0x0, 0x0, 0x0, 0x0, 0xf,
    0x80, 0xfc, 0xf, 0x80, 0xf8, 0x1f, 0x43, 0xf0,
    0x3c, 0x0, 0x0,

    /* U+003C "<" */
    0x0, 0x0, 0x18, 0x0, 0xb, 0xe0, 0x7, 0xff,
    0x81, 0xff, 0xf9, 0x7f, 0xfd, 0x1, 0xfe, 0x0,
    0x7, 0xff, 0x40, 0x7, 0xff, 0xe4, 0x1, 0xbf,
    0xf8, 0x0, 0x2f, 0xe0, 0x0, 0x7, 0x80, 0x0,
    0x0,

    /* U+003D "=" */
    0x7f, 0xff, 0xfc, 0x7f, 0xff, 0xfc, 0x7f, 0xff,
    0xfc, 0x0, 0x0, 0x0, 0x0, 0x0, 0x0, 0x7f,
    0xff, 0xfc, 0x7f, 0xff, 0xfc, 0x7f, 0xff, 0xfc,

    /* U+003E ">" */
    0xa0, 0x0, 0x2, 0xf9, 0x0, 0xb, 0xff, 0x40,
    0xb, 0xff, 0xe0, 0x1, 0xbf, 0xf4, 0x0, 0x2f,
    0xe0, 0x6, 0xff, 0x86, 0xff, 0xf8, 0xbf, 0xfd,
    0x2, 0xfe, 0x0, 0xb, 0x80, 0x0, 0x0, 0x0,
    0x0,

    /* U+003F "?" */
    0x2, 0xff, 0x80, 0x1f, 0xff, 0xf0, 0x3f, 0xff,
    0xf8, 0x7f, 0x42, 0xfc, 0x6a, 0x1, 0xfc, 0x0,
    0x2, 0xfc, 0x0, 0x3, 0xf4, 0x0, 0x1f, 0xe0,
    0x0, 0x3f, 0x80, 0x0, 0xbf, 0x0, 0x0, 0xfd,
    0x0, 0x0, 0xa8, 0x0, 0x0, 0x0, 0x0, 0x0,
    0x24, 0x0, 0x0, 0xfd, 0x0, 0x0, 0xfd, 0x0,
    0x0, 0xbc, 0x0,

    /* U+0040 "@" */
    0x0, 0x1, 0xbf, 0xf8, 0x0, 0x0, 0x3, 0xff,
    0xff, 0xe0, 0x0, 0x7, 0xf4, 0x0, 0xbf, 0x0,
    0x7, 0xe0, 0x0, 0x3, 0xe0, 0x3, 0xe0, 0x0,
    0x0, 0x3d, 0x2, 0xf0, 0x7, 0xf8, 0x7, 0xc0,
    0xf4, 0xb, 0xff, 0xc0, 0xf0, 0x7c, 0x7, 0xd1,
    0xf0, 0x3d, 0x2e, 0x3, 0xe0, 0x7c, 0xb, 0x4f,
    0x81, 0xf0, 0x1f, 0x2, 0xd3, 0xd0, 0xbc, 0xb,
    0xc0, 0xb4, 0xf4, 0x3e, 0x2, 0xe0, 0x2d, 0x3d,
    0xf, 0x80, 0xf8, 0xf, 0xf, 0x43, 0xf0, 0x3e,
    0x7, 0xc3, 0xe0, 0xbd, 0x3f, 0xc3, 0xd0, 0xbc,
    0xf, 0xfe, 0xff, 0xe0, 0xf, 0x1, 0xfd, 0x1f,
    0xd0, 0x3, 0xf0, 0x0, 0x0, 0x0, 0x0, 0x3f,
    0x0, 0x0, 0x0, 0x0, 0x7, 0xf9, 0x1, 0x90,
    0x0, 0x0, 0x7f, 0xff, 0xf8, 0x0, 0x0, 0x1,
    0xbf, 0xf8, 0x0, 0x0,

    /* U+0041 "A" */
    0x0, 0xf, 0xf0, 0x0, 0x0, 0x3, 0xfd, 0x0,
    0x0, 0x2, 0xff, 0x80, 0x0, 0x0, 0xff, 0xf0,
    0x0, 0x0, 0x3f, 0xfd, 0x0, 0x0, 0x2f, 0xaf,
    0xc0, 0x0, 0xf, 0xd7, 0xf0, 0x0, 0x7, 0xf0,
    0xfe, 0x0, 0x2, 0xf8, 0x2f, 0xc0, 0x0, 0xfd,
    0x7, 0xf4, 0x0, 0x7f, 0x0, 0xfe, 0x0, 0x3f,
    0xff, 0xff, 0xc0, 0xf, 0xff, 0xff, 0xf4, 0xb,
    0xff, 0xff, 0xff, 0x3, 0xfc, 0x0, 0x2f, 0xc1,
    0xfd, 0x0, 0x3, 0xf8, 0xbf, 0x0, 0x0, 0xff,
    0x0,

    /* U+0042 "B" */
    0x7f, 0xff, 0xe0, 0x7, 0xff, 0xff, 0xe0, 0x7f,
    0xff, 0xff, 0x47, 0xf0, 0x7, 0xf8, 0x7f, 0x0,
    0x3f, 0xc7, 0xf0, 0x3, 0xf8, 0x7f, 0x0, 0x7f,
    0x47, 0xff, 0xff, 0xd0, 0x7f, 0xff, 0xfd, 0x7,
    0xfa, 0xaf, 0xf4, 0x7f, 0x0, 0x2f, 0xc7, 0xf0,
    0x1, 0xfc, 0x7f, 0x0, 0x1f, 0xc7, 0xf0, 0x3,
    0xfc, 0x7f, 0xff, 0xff, 0x87, 0xff, 0xff, 0xf0,
    0x7f, 0xff, 0xe4, 0x0,

    /* U+0043 "C" */
    0x0, 0xbf, 0xe4, 0x0, 0x7f, 0xff, 0xe0, 0x1f,
    0xff, 0xff, 0x83, 0xfd, 0x2, 0xfd, 0x7f, 0x40,
    0xf, 0xeb, 0xf0, 0x0, 0xbf, 0xfe, 0x0, 0x0,
    0xf, 0xe0, 0x0, 0x0, 0xfe, 0x0, 0x0, 0xf,
    0xe0, 0x0, 0x0, 0xfe, 0x0, 0x0, 0xb, 0xf0,
    0x0, 0xbe, 0x7f, 0x0, 0xf, 0xe3, 0xfc, 0x2,
    0xfd, 0x1f, 0xff, 0xff, 0x80, 0x7f, 0xff, 0xe0,
    0x0, 0xbf, 0xe4, 0x0,

    /* U+0044 "D" */
    0x7f, 0xff, 0x80, 0x7, 0xff, 0xff, 0x40, 0x7f,
    0xff, 0xfe, 0x7, 0xf0, 0xf, 0xf4, 0x7f, 0x0,
    0x3f, 0xc7, 0xf0, 0x1, 0xfc, 0x7f, 0x0, 0xf,
    0xd7, 0xf0, 0x0, 0xfd, 0x7f, 0x0, 0xf, 0xe7,
    0xf0, 0x0, 0xfd, 0x7f, 0x0, 0xf, 0xd7, 0xf0,
    0x1, 0xfc, 0x7f, 0x0, 0x3f, 0xc7, 0xf0, 0xf,
    0xf4, 0x7f, 0xff, 0xfe, 0x7, 0xff, 0xff, 0x40,
    0x7f, 0xff, 0x80, 0x0,

    /* U+0045 "E" */
    0x7f, 0xff, 0xff, 0x7f, 0xff, 0xff, 0x7f, 0xff,
    0xff, 0x7f, 0x0, 0x0, 0x7f, 0x0, 0x0, 0x7f,
    0x0, 0x0, 0x7f, 0x0, 0x0, 0x7f, 0xff, 0xfc,
    0x7f, 0xff, 0xfc, 0x7f, 0xff, 0xf8, 0x7f, 0x0,
    0x0, 0x7f, 0x0, 0x0, 0x7f, 0x0, 0x0, 0x7f,
    0x0, 0x0, 0x7f, 0xff, 0xff, 0x7f, 0xff, 0xff,
    0x7f, 0xff, 0xff,

    /* U+0046 "F" */
    0x7f, 0xff, 0xfe, 0x7f, 0xff, 0xfe, 0x7f, 0xff,
    0xfe, 0x7f, 0x0, 0x0, 0x7f, 0x0, 0x0, 0x7f,
    0x0, 0x0, 0x7f, 0x0, 0x0, 0x7f, 0xff, 0xf8,
    0x7f, 0xff, 0xfc, 0x7f, 0xff, 0xfc, 0x7f, 0x0,
    0x0, 0x7f, 0x0, 0x0, 0x7f, 0x0, 0x0, 0x7f,
    0x0, 0x0, 0x7f, 0x0, 0x0, 0x7f, 0x0, 0x0,
    0x7f, 0x0, 0x0,

    /* U+0047 "G" */
    0x0, 0x7f, 0xe4, 0x0, 0x1f, 0xff, 0xfc, 0x0,
    0xff, 0xff, 0xfc, 0xf, 0xf4, 0xb, 0xf4, 0x7f,
    0x40, 0xb, 0xf2, 0xfc, 0x0, 0xa, 0x4f, 0xf0,
    0x0, 0x0, 0x3f, 0x80, 0x0, 0x0, 0xfe, 0x2,
    0xff, 0xf3, 0xf8, 0xb, 0xff, 0xcf, 0xf0, 0x1a,
    0xff, 0x2f, 0xc0, 0x1, 0xfc, 0x7f, 0x40, 0x7,
    0xf0, 0xff, 0x40, 0x2f, 0xc0, 0xff, 0xff, 0xff,
    0x0, 0xff, 0xff, 0xf0, 0x0, 0x7f, 0xf9, 0x0,

    /* U+0048 "H" */
    0x7f, 0x0, 0x3, 0xf5, 0xfc, 0x0, 0xf, 0xd7,
    0xf0, 0x0, 0x3f, 0x5f, 0xc0, 0x0, 0xfd, 0x7f,
    0x0, 0x3, 0xf5, 0xfc, 0x0, 0xf, 0xd7, 0xf0,
    0x0, 0x3f, 0x5f, 0xff, 0xff, 0xfd, 0x7f, 0xff,
    0xff, 0xf5, 0xff, 0xff, 0xff, 0xd7, 0xf0, 0x0,
    0x3f, 0x5f, 0xc0, 0x0, 0xfd, 0x7f, 0x0, 0x3,
    0xf5, 0xfc, 0x0, 0xf, 0xd7, 0xf0, 0x0, 0x3f,
    0x5f, 0xc0, 0x0, 0xfd, 0x7f, 0x0, 0x3, 0xf4,

    /* U+0049 "I" */
    0x7f, 0x5f, 0xd7, 0xf5, 0xfd, 0x7f, 0x5f, 0xd7,
    0xf5, 0xfd, 0x7f, 0x5f, 0xd7, 0xf5, 0xfd, 0x7f,
    0x5f, 0xd7, 0xf5, 0xfd, 0x7f, 0x40,

    /* U+004A "J" */
    0x0, 0x0, 0xbf, 0x0, 0x0, 0xbf, 0x0, 0x0,
    0xbf, 0x0, 0x0, 0xbf, 0x0, 0x0, 0xbf, 0x0,
    0x0, 0xbf, 0x0, 0x0, 0xbf, 0x0, 0x0, 0xbf,
    0x0, 0x0, 0xbf, 0x0, 0x0, 0xbf, 0x0, 0x0,
    0xbf, 0x0, 0x0, 0xbf, 0x7f, 0x0, 0xbf, 0x7f,
    0x81, 0xfe, 0x3f, 0xff, 0xfc, 0xf, 0xff, 0xf4,
    0x2, 0xff, 0x80,

    /* U+004B "K" */
    0x7f, 0x0, 0x1f, 0xf1, 0xfc, 0x0, 0xff, 0x7,
    0xf0, 0xf, 0xf4, 0x1f, 0xc0, 0xff, 0x40, 0x7f,
    0xb, 0xf8, 0x1, 0xfc, 0x7f, 0xc0, 0x7, 0xf3,
    0xfc, 0x0, 0x1f, 0xff, 0xd0, 0x0, 0x7f, 0xff,
    0xc0, 0x1, 0xff, 0xff, 0x40, 0x7, 0xfe, 0xff,
    0x0, 0x1f, 0xe1, 0xff, 0x0, 0x7f, 0x2, 0xfd,
    0x1, 0xfc, 0x3, 0xfc, 0x7, 0xf0, 0x7, 0xfc,
    0x1f, 0xc0, 0xb, 0xf4, 0x7f, 0x0, 0xf, 0xf0,

    /* U+004C "L" */
    0x7f, 0x0, 0x0, 0x7f, 0x0, 0x0, 0x7f, 0x0,
    0x0, 0x7f, 0x0, 0x0, 0x7f, 0x0, 0x0, 0x7f,
    0x0, 0x0, 0x7f, 0x0, 0x0, 0x7f, 0x0, 0x0,
    0x7f, 0x0, 0x0, 0x7f, 0x0, 0x0, 0x7f, 0x0,
    0x0, 0x7f, 0x0, 0x0, 0x7f, 0x0, 0x0, 0x7f,
    0x0, 0x0, 0x7f, 0xff, 0xfd, 0x7f, 0xff, 0xfe,
    0x7f, 0xff, 0xfe,

    /* U+004D "M" */
    0x7f, 0xd0, 0x0, 0x1f, 0xf5, 0xff, 0x80, 0x0,
    0xbf, 0xd7, 0xff, 0x0, 0x3, 0xff, 0x5f, 0xfd,
    0x0, 0x1f, 0xfd, 0x7f, 0xf8, 0x0, 0xbf, 0xf5,
    0xfb, 0xf0, 0x3, 0xff, 0xd7, 0xfb, 0xd0, 0x1f,
    0xbf, 0x5f, 0xcf, 0xc0, 0xfc, 0xfd, 0x7f, 0x3f,
    0x3, 0xf3, 0xf5, 0xfc, 0x7d, 0x2f, 0x4f, 0xd7,
    0xf0, 0xfc, 0xfc, 0x3f, 0x5f, 0xc2, 0xf7, 0xe0,
    0xfd, 0x7f, 0x7, 0xff, 0x43, 0xf5, 0xfc, 0xf,
    0xfc, 0xf, 0xd7, 0xf0, 0x2f, 0xe0, 0x3f, 0x5f,
    0xc0, 0x7f, 0x0, 0xfd, 0x7f, 0x0, 0xfc, 0x3,
    0xf4,

    /* U+004E "N" */
    0x7f, 0x40, 0x3, 0xf5, 0xff, 0x0, 0xf, 0xd7,
    0xfe, 0x0, 0x3f, 0x5f, 0xfc, 0x0, 0xfd, 0x7f,
    0xfc, 0x3, 0xf5, 0xff, 0xf4, 0xf, 0xd7, 0xfb,
    0xf0, 0x3f, 0x5f, 0xcf, 0xe0, 0xfd, 0x7f, 0x1f,
    0xc3, 0xf5, 0xfc, 0x2f, 0xcf, 0xd7, 0xf0, 0x3f,
    0xbf, 0x5f, 0xc0, 0x7f, 0xfd, 0x7f, 0x0, 0xff,
    0xf5, 0xfc, 0x1, 0xff, 0xd7, 0xf0, 0x2, 0xff,
    0x5f, 0xc0, 0x3, 0xfd, 0x7f, 0x0, 0x7, 0xf4,

    /* U+004F "O" */
    0x0, 0x7f, 0xe0, 0x0, 0xf, 0xff, 0xf8, 0x0,
    0xff, 0xff, 0xf8, 0xf, 0xf4, 0xb, 0xf4, 0x7f,
    0x40, 0xf, 0xf2, 0xfc, 0x0, 0x1f, 0xcf, 0xe0,
    0x0, 0x3f, 0x7f, 0x80, 0x0, 0xfd, 0xfe, 0x0,
    0x3, 0xfb, 0xf8, 0x0, 0xf, 0xdf, 0xe0, 0x0,
    0x3f, 0x6f, 0xc0, 0x1, 0xfc, 0x7f, 0x40, 0xf,
    0xf0, 0xff, 0x40, 0xbf, 0x40, 0xff, 0xff, 0xf8,
    0x0, 0xff, 0xff, 0x80, 0x0, 0x7f, 0xe4, 0x0,

    /* U+0050 "P" */
    0x7f, 0xff, 0xe4, 0x7, 0xff, 0xff, 0xe0, 0x7f,
    0xff, 0xff, 0x87, 0xf0, 0x3, 0xfc, 0x7f, 0x0,
    0xf, 0xd7, 0xf0, 0x0, 0xfe, 0x7f, 0x0, 0xf,
    0xe7, 0xf0, 0x2, 0xfd, 0x7f, 0xff, 0xff, 0xc7,
    0xff, 0xff, 0xf0, 0x7f, 0xff, 0xe4, 0x7, 0xf0,
    0x0, 0x0, 0x7f, 0x0, 0x0, 0x7, 0xf0, 0x0,
    0x0, 0x7f, 0x0, 0x0, 0x7, 0xf0, 0x0, 0x0,
    0x7f, 0x0, 0x0, 0x0,

    /* U+0051 "Q" */
    0x0, 0x1f, 0xf8, 0x0, 0x0, 0xff, 0xff, 0x80,
    0x3, 0xff, 0xff, 0xe0, 0xf, 0xf4, 0xb, 0xf4,
    0x1f, 0xd0, 0x3, 0xfc, 0x2f, 0xc0, 0x1, 0xfc,
    0x3f, 0x80, 0x0, 0xfd, 0x3f, 0x80, 0x0, 0xfd,
    0x3f, 0x80, 0x0, 0xfe, 0x3f, 0x80, 0x0, 0xfd,
    0x3f, 0x80, 0x0, 0xfd, 0x2f, 0xc0, 0x1, 0xfc,
    0x1f, 0xd0, 0x3, 0xfc, 0xf, 0xf4, 0xb, 0xf4,
    0x3, 0xff, 0xff, 0xe0, 0x0, 0xff, 0xff, 0xc0,
    0x0, 0x1f, 0xff, 0xe0, 0x0, 0x0, 0xb, 0xfc,
    0x0, 0x0, 0x1, 0xf8, 0x0, 0x0, 0x0, 0x60,

    /* U+0052 "R" */
    0x7f, 0xff, 0xe4, 0x7, 0xff, 0xff, 0xe0, 0x7f,
    0xff, 0xff, 0x47, 0xf0, 0x7, 0xfc, 0x7f, 0x0,
    0x2f, 0xc7, 0xf0, 0x1, 0xfc, 0x7f, 0x0, 0x2f,
    0xc7, 0xf0, 0x7, 0xf8, 0x7f, 0xff, 0xff, 0x7,
    0xff, 0xff, 0x80, 0x7f, 0xff, 0xf4, 0x7, 0xf0,
    0x3f, 0xc0, 0x7f, 0x1, 0xfd, 0x7, 0xf0, 0xf,
    0xf0, 0x7f, 0x0, 0x7f, 0x87, 0xf0, 0x2, 0xfc,
    0x7f, 0x0, 0xf, 0xe0,

    /* U+0053 "S" */
    0x0, 0x6f, 0xf4, 0x0, 0x3f, 0xff, 0xf0, 0xf,
    0xff, 0xff, 0xc1, 0xfd, 0x1, 0xfe, 0x2f, 0xc0,
    0xf, 0xf2, 0xfc, 0x0, 0x0, 0xf, 0xf8, 0x0,
    0x0, 0x7f, 0xfd, 0x0, 0x0, 0xff, 0xfe, 0x0,
    0x0, 0xbf, 0xf8, 0x0, 0x0, 0x7f, 0xd1, 0x50,
    0x0, 0xff, 0x3f, 0x80, 0xb, 0xf3, 0xfd, 0x0,
    0xff, 0xf, 0xff, 0xff, 0xd0, 0x7f, 0xff, 0xf8,
    0x0, 0x6f, 0xf8, 0x0,

    /* U+0054 "T" */
    0xbf, 0xff, 0xff, 0xf6, 0xff, 0xff, 0xff, 0xd7,
    0xff, 0xff, 0xff, 0x40, 0x7, 0xf0, 0x0, 0x0,
    0x1f, 0xc0, 0x0, 0x0, 0x7f, 0x0, 0x0, 0x1,
    0xfc, 0x0, 0x0, 0x7, 0xf0, 0x0, 0x0, 0x1f,
    0xc0, 0x0, 0x0, 0x7f, 0x0, 0x0, 0x1, 0xfc,
    0x0, 0x0, 0x7, 0xf0, 0x0, 0x0, 0x1f, 0xc0,
    0x0, 0x0, 0x7f, 0x0, 0x0, 0x1, 0xfc, 0x0,
    0x0, 0x7, 0xf0, 0x0, 0x0, 0x1f, 0xc0, 0x0,

    /* U+0055 "U" */
    0xbf, 0x0, 0xf, 0xdb, 0xf0, 0x0, 0xfd, 0xbf,
    0x0, 0xf, 0xdb, 0xf0, 0x0, 0xfd, 0xbf, 0x0,
    0xf, 0xdb, 0xf0, 0x0, 0xfd, 0xbf, 0x0, 0xf,
    0xdb, 0xf0, 0x0, 0xfd, 0xbf, 0x0, 0xf, 0xdb,
    0xf0, 0x0, 0xfd, 0xbf, 0x0, 0xf, 0xdb, 0xf0,
    0x0, 0xfd, 0x7f, 0x0, 0x1f, 0xd3, 0xfc, 0x3,
    0xfc, 0x2f, 0xff, 0xff, 0x40, 0xbf, 0xff, 0xe0,
    0x1, 0xbf, 0xe0, 0x0,

    /* U+0056 "V" */
    0xff, 0x0, 0x1, 0xfd, 0x7f, 0x40, 0x2, 0xfc,
    0x3f, 0x80, 0x3, 0xf8, 0x2f, 0xc0, 0x7, 0xf4,
    0x1f, 0xd0, 0xb, 0xf0, 0xf, 0xe0, 0xf, 0xe0,
    0xb, 0xf0, 0xf, 0xd0, 0x7, 0xf0, 0x2f, 0xc0,
    0x3, 0xf8, 0x3f, 0x80, 0x2, 0xfc, 0x3f, 0x40,
    0x1, 0xfc, 0x7f, 0x0, 0x0, 0xfd, 0xbe, 0x0,
    0x0, 0xbf, 0xfc, 0x0, 0x0, 0x3f, 0xfc, 0x0,
    0x0, 0x3f, 0xf8, 0x0, 0x0, 0x2f, 0xf0, 0x0,
    0x0, 0xf, 0xf0, 0x0,

    /* U+0057 "W" */
    0x7f, 0x0, 0x3f, 0x0, 0x3f, 0x5f, 0xc0, 0x1f,
    0xd0, 0xf, 0xd3, 0xf4, 0xb, 0xf8, 0x7, 0xf0,
    0xfe, 0x3, 0xff, 0x2, 0xfc, 0x2f, 0xc0, 0xff,
    0xc0, 0xbe, 0x7, 0xf0, 0x7f, 0xf4, 0x3f, 0x40,
    0xfc, 0x1f, 0xbe, 0xf, 0xc0, 0x3f, 0x4b, 0xcf,
    0x87, 0xf0, 0xb, 0xe3, 0xf3, 0xf1, 0xf8, 0x1,
    0xf8, 0xf8, 0xbc, 0xbd, 0x0, 0x7f, 0x7d, 0x1f,
    0x7f, 0x40, 0xf, 0xff, 0x3, 0xef, 0xc0, 0x3,
    0xff, 0xc0, 0xff, 0xf0, 0x0, 0xbf, 0xe0, 0x2f,
    0xf8, 0x0, 0x1f, 0xf4, 0x7, 0xfd, 0x0, 0x3,
    0xfc, 0x0, 0xff, 0x0, 0x0, 0xff, 0x0, 0x3f,
    0xc0, 0x0,

    /* U+0058 "X" */
    0x7f, 0x80, 0x7, 0xf8, 0xbf, 0x0, 0x3f, 0xc0,
    0xff, 0x2, 0xfd, 0x2, 0xfd, 0xf, 0xf0, 0x3,
    0xfc, 0xbf, 0x0, 0x7, 0xfb, 0xf8, 0x0, 0xf,
    0xff, 0xc0, 0x0, 0xf, 0xfd, 0x0, 0x0, 0x3f,
    0xf0, 0x0, 0x1, 0xff, 0xe0, 0x0, 0xf, 0xff,
    0xc0, 0x0, 0x7f, 0xbf, 0x80, 0x3, 0xfc, 0xbf,
    0x40, 0x2f, 0xd0, 0xff, 0x0, 0xfe, 0x1, 0xfe,
    0xf, 0xf0, 0x3, 0xfc, 0x7f, 0x80, 0x7, 0xf8,

    /* U+0059 "Y" */
    0xbf, 0x0, 0x7, 0xf8, 0xfe, 0x0, 0x2f, 0xc2,
    0xfc, 0x0, 0xfe, 0x3, 0xf4, 0xb, 0xf0, 0xb,
    0xf0, 0x3f, 0x40, 0xf, 0xd2, 0xfc, 0x0, 0x2f,
    0xcf, 0xd0, 0x0, 0x3f, 0xff, 0x0, 0x0, 0xbf,
    0xf4, 0x0, 0x0, 0xff, 0xc0, 0x0, 0x2, 0xfd,
    0x0, 0x0, 0x7, 0xf0, 0x0, 0x0, 0x1f, 0xc0,
    0x0, 0x0, 0x7f, 0x0, 0x0, 0x1, 0xfc, 0x0,
    0x0, 0x7, 0xf0, 0x0, 0x0, 0x1f, 0xc0, 0x0,

    /* U+005A "Z" */
    0x3f, 0xff, 0xff, 0xe3, 0xff, 0xff, 0xfe, 0x3f,
    0xff, 0xff, 0xd0, 0x0, 0x3, 0xf8, 0x0, 0x0,
    0xff, 0x0, 0x0, 0x2f, 0xd0, 0x0, 0x7, 0xf8,
    0x0, 0x0, 0xff, 0x0, 0x0, 0x2f, 0xc0, 0x0,
    0x7, 0xf4, 0x0, 0x0, 0xff, 0x0, 0x0, 0x2f,
    0xc0, 0x0, 0x7, 0xf4, 0x0, 0x0, 0xfe, 0x0,
    0x0, 0x3f, 0xff, 0xff, 0xe3, 0xff, 0xff, 0xff,
    0x3f, 0xff, 0xff, 0xf0,

    /* U+005B "[" */
    0xbf, 0xdb, 0xfd, 0xbf, 0x9b, 0xf0, 0xbf, 0xb,
    0xf0, 0xbf, 0xb, 0xf0, 0xbf, 0xb, 0xf0, 0xbf,
    0xb, 0xf0, 0xbf, 0xb, 0xf0, 0xbf, 0xb, 0xf0,
    0xbf, 0xb, 0xf0, 0xbf, 0xb, 0xf0, 0xbf, 0xb,
    0xf9, 0xbf, 0xdb, 0xfd,

    /* U+005C "\\" */
    0xfe, 0x0, 0x1, 0xfc, 0x0, 0x3, 0xf4, 0x0,
    0xb, 0xf0, 0x0, 0x1f, 0xc0, 0x0, 0x3f, 0x80,
    0x0, 0xbf, 0x0, 0x0, 0xfd, 0x0, 0x2, 0xf8,
    0x0, 0x7, 0xf0, 0x0, 0xf, 0xd0, 0x0, 0x2f,
    0xc0, 0x0, 0x3f, 0x40, 0x0, 0xfe, 0x0, 0x1,
    0xfc, 0x0, 0x3, 0xf4, 0x0, 0xb, 0xf0, 0x0,
    0x1f, 0xc0, 0x0, 0x1a, 0x0,

    /* U+005D "]" */
    0xff, 0xcf, 0xfc, 0xaf, 0xc0, 0xfc, 0xf, 0xc0,
    0xfc, 0xf, 0xc0, 0xfc, 0xf, 0xc0, 0xfc, 0xf,
    0xc0, 0xfc, 0xf, 0xc0, 0xfc, 0xf, 0xc0, 0xfc,
    0xf, 0xc0, 0xfc, 0xf, 0xc0, 0xfc, 0xf, 0xca,
    0xfc, 0xff, 0xcf, 0xfc,

    /* U+005E "^" */
    0x0, 0x64, 0x0, 0x1f, 0xc0, 0x3, 0xfd, 0x0,
    0x3f, 0xe0, 0xb, 0xdf, 0x0, 0xf8, 0xf8, 0x1f,
    0xb, 0xc3, 0xf0, 0x7d, 0x7d, 0x3, 0xf0,

    /* U+005F "_" */
    0xaa, 0xaa, 0xa7, 0xff, 0xff, 0xef, 0xff, 0xff,
    0x80,

    /* U+0060 "`" */
    0x2a, 0x40, 0x7f, 0x0, 0x7e, 0x0, 0xbd,

    /* U+0061 "a" */
    0x1, 0xbf, 0x90, 0x2, 0xff, 0xfd, 0x2, 0xfe,
    0xbf, 0xc0, 0xfe, 0x3, 0xf4, 0x0, 0x0, 0xfe,
    0x0, 0xbf, 0xff, 0x80, 0xff, 0xff, 0xe0, 0xff,
    0x3, 0xf8, 0x3f, 0x40, 0xfe, 0xf, 0xd0, 0x3f,
    0x83, 0xfe, 0xbf, 0xe0, 0x7f, 0xff, 0xf8, 0x6,
    0xfd, 0x7f, 0x0,

    /* U+0062 "b" */
    0xbe, 0x0, 0x0, 0xbe, 0x0, 0x0, 0xbe, 0x0,
    0x0, 0xbe, 0x0, 0x0, 0xbe, 0x0, 0x0, 0xbe,
    0x7f, 0x80, 0xbf, 0xff, 0xf0, 0xbf, 0xff, 0xfc,
    0xbf, 0x1, 0xfd, 0xbe, 0x0, 0xfe, 0xbe, 0x0,
    0xbe, 0xbe, 0x0, 0xbe, 0xbe, 0x0, 0xbe, 0xbe,
    0x0, 0xfe, 0xbf, 0x1, 0xfd, 0xbf, 0xff, 0xfc,
    0xbf, 0xff, 0xf4, 0xbd, 0x7f, 0x80,

    /* U+0063 "c" */
    0x0, 0xbf, 0x90, 0x7, 0xff, 0xf8, 0xf, 0xff,
    0xfd, 0x2f, 0xc0, 0xfe, 0x3f, 0x40, 0x7f, 0x3f,
    0x0, 0x0, 0x3f, 0x0, 0x0, 0x3f, 0x0, 0x0,
    0x3f, 0x40, 0x2a, 0x2f, 0xc0, 0xbe, 0xf, 0xff,
    0xfd, 0x7, 0xff, 0xf8, 0x0, 0xbf, 0x90,

    /* U+0064 "d" */
    0x0, 0x0, 0x3f, 0x0, 0x0, 0xf, 0xc0, 0x0,
    0x3, 0xf0, 0x0, 0x0, 0xfc, 0x0, 0x0, 0x3f,
    0x0, 0x7f, 0x9f, 0xc0, 0xbf, 0xff, 0xf0, 0x7f,
    0xff, 0xfc, 0x3f, 0xc0, 0xbf, 0xf, 0xe0, 0xf,
    0xc3, 0xf4, 0x3, 0xf0, 0xfc, 0x0, 0xfc, 0x3f,
    0x0, 0x3f, 0xf, 0xd0, 0xf, 0xc3, 0xfc, 0x7,
    0xf0, 0x7f, 0xeb, 0xfc, 0xb, 0xff, 0xff, 0x0,
    0x7f, 0x8f, 0xc0,

    /* U+0065 "e" */
    0x0, 0xbf, 0xd0, 0x1, 0xff, 0xfe, 0x0, 0xff,
    0xff, 0xe0, 0xbf, 0x1, 0xfc, 0x3f, 0x40, 0x3f,
    0xf, 0xff, 0xff, 0xd3, 0xff, 0xff, 0xf4, 0xfe,
    0x55, 0x54, 0x3f, 0x80, 0x0, 0xb, 0xf4, 0x7,
    0x0, 0xff, 0xff, 0xf0, 0xf, 0xff, 0xf4, 0x0,
    0xbf, 0xe0, 0x0,

    /* U+0066 "f" */
    0x0, 0xbf, 0x40, 0xff, 0xe0, 0x7f, 0xf4, 0x2f,
    0xc0, 0xf, 0xe0, 0x2f, 0xff, 0xcb, 0xff, 0xf1,
    0xbf, 0xe8, 0xf, 0xe0, 0x3, 0xf8, 0x0, 0xfe,
    0x0, 0x3f, 0x80, 0xf, 0xe0, 0x3, 0xf8, 0x0,
    0xfe, 0x0, 0x3f, 0x80, 0xf, 0xe0, 0x3, 0xf8,
    0x0,

    /* U+0067 "g" */
    0x1, 0xfe, 0x2f, 0x42, 0xff, 0xff, 0xd1, 0xff,
    0xff, 0xf4, 0xbf, 0x1, 0xfd, 0x3f, 0x80, 0x3f,
    0x4f, 0xd0, 0xf, 0xd3, 0xf0, 0x3, 0xf4, 0xfd,
    0x0, 0xfd, 0x3f, 0x80, 0x3f, 0x4b, 0xf0, 0x1f,
    0xd1, 0xff, 0xff, 0xf4, 0x2f, 0xff, 0xfd, 0x1,
    0xfe, 0x3f, 0x40, 0x0, 0xf, 0xd0, 0x60, 0xb,
    0xf0, 0x3f, 0xaf, 0xf8, 0xf, 0xff, 0xf8, 0x0,
    0x6f, 0xe4, 0x0,

    /* U+0068 "h" */
    0xfe, 0x0, 0x0, 0xfe, 0x0, 0x0, 0xfe, 0x0,
    0x0, 0xfe, 0x0, 0x0, 0xfe, 0x0, 0x0, 0xfe,
    0x2f, 0xd0, 0xff, 0xff, 0xf4, 0xff, 0xff, 0xfc,
    0xff, 0x2, 0xfc, 0xfe, 0x1, 0xfc, 0xfe, 0x0,
    0xfc, 0xfe, 0x0, 0xfc, 0xfe, 0x0, 0xfc, 0xfe,
    0x0, 0xfc, 0xfe, 0x0, 0xfc, 0xfe, 0x0, 0xfc,
    0xfe, 0x0, 0xfc, 0xfe, 0x0, 0xfc,

    /* U+0069 "i" */
    0x3d, 0x2f, 0xcb, 0xf0, 0x50, 0x0, 0x2f, 0xcb,
    0xf2, 0xfc, 0xbf, 0x2f, 0xcb, 0xf2, 0xfc, 0xbf,
    0x2f, 0xcb, 0xf2, 0xfc, 0xbf, 0x2f, 0xc0,

    /* U+006A "j" */
    0x0, 0xf4, 0x2, 0xfc, 0x2, 0xfc, 0x0, 0x50,
    0x0, 0x0, 0x2, 0xfc, 0x2, 0xfc, 0x2, 0xfc,
    0x2, 0xfc, 0x2, 0xfc, 0x2, 0xfc, 0x2, 0xfc,
    0x2, 0xfc, 0x2, 0xfc, 0x2, 0xfc, 0x2, 0xfc,
    0x2, 0xfc, 0x2, 0xfc, 0x2, 0xfc, 0x3, 0xfc,
    0x3f, 0xf8, 0x3f, 0xf0, 0x3f, 0x80,

    /* U+006B "k" */
    0xbe, 0x0, 0x0, 0x2f, 0x80, 0x0, 0xb, 0xe0,
    0x0, 0x2, 0xf8, 0x0, 0x0, 0xbe, 0x0, 0x0,
    0x2f, 0x80, 0xff, 0x4b, 0xe0, 0xbf, 0x42, 0xf8,
    0x7f, 0x80, 0xbe, 0x7f, 0x80, 0x2f, 0xff, 0xc0,
    0xb, 0xff, 0xd0, 0x2, 0xff, 0xfc, 0x0, 0xbf,
    0xff, 0x40, 0x2f, 0xdb, 0xf0, 0xb, 0xe0, 0xff,
    0x2, 0xf8, 0x1f, 0xd0, 0xbe, 0x3, 0xfc, 0x2f,
    0x80, 0x3f, 0x80,

    /* U+006C "l" */
    0xbf, 0xbf, 0xbf, 0xbf, 0xbf, 0xbf, 0xbf, 0xbf,
    0xbf, 0xbf, 0xbf, 0xbf, 0xbf, 0xbf, 0xbf, 0xbf,
    0xbf, 0xbf,

    /* U+006D "m" */
    0xbe, 0x2f, 0xd0, 0xbf, 0x82, 0xff, 0xff, 0xdf,
    0xff, 0x8b, 0xff, 0xff, 0xff, 0xff, 0x2f, 0xc0,
    0xbf, 0x81, 0xfd, 0xbe, 0x1, 0xfc, 0x3, 0xf6,
    0xf8, 0x7, 0xf0, 0xf, 0xdb, 0xe0, 0x1f, 0xc0,
    0x3f, 0x6f, 0x80, 0x7f, 0x0, 0xfd, 0xbe, 0x1,
    0xfc, 0x3, 0xf6, 0xf8, 0x7, 0xf0, 0xf, 0xdb,
    0xe0, 0x1f, 0xc0, 0x3f, 0x6f, 0x80, 0x7f, 0x0,
    0xfd, 0xbe, 0x1, 0xfc, 0x3, 0xf4,

    /* U+006E "n" */
    0xfd, 0x2f, 0xd0, 0xff, 0xff, 0xf4, 0xff, 0xff,
    0xfc, 0xff, 0x2, 0xfc, 0xfe, 0x0, 0xfc, 0xfe,
    0x0, 0xfc, 0xfe, 0x0, 0xfc, 0xfe, 0x0, 0xfc,
    0xfe, 0x0, 0xfc, 0xfe, 0x0, 0xfc, 0xfe, 0x0,
    0xfc, 0xfe, 0x0, 0xfc, 0xfe, 0x0, 0xfc,

    /* U+006F "o" */
    0x0, 0xbf, 0xd0, 0x1, 0xff, 0xff, 0x0, 0xff,
    0xff, 0xe0, 0xbf, 0x2, 0xfc, 0x3f, 0x40, 0x3f,
    0x8f, 0xc0, 0xb, 0xe3, 0xf0, 0x2, 0xfc, 0xfd,
    0x0, 0xbe, 0x3f, 0x40, 0x3f, 0x8b, 0xf0, 0x2f,
    0xc0, 0xff, 0xff, 0xe0, 0x1f, 0xff, 0xf0, 0x0,
    0xbf, 0xd0, 0x0,

    /* U+0070 "p" */
    0xbd, 0x7f, 0x80, 0xbf, 0xff, 0xf0, 0xbf, 0xeb,
    0xfc, 0xbf, 0x1, 0xfd, 0xbe, 0x0, 0xfe, 0xbe,
    0x0, 0xbe, 0xbe, 0x0, 0xbe, 0xbe, 0x0, 0xfe,
    0xbe, 0x0, 0xfe, 0xbf, 0x2, 0xfd, 0xbf, 0xff,
    0xfc, 0xbf, 0xff, 0xf0, 0xbe, 0x7f, 0x80, 0xbe,
    0x0, 0x0, 0xbe, 0x0, 0x0, 0xbe, 0x0, 0x0,
    0xbe, 0x0, 0x0, 0xbe, 0x0, 0x0,

    /* U+0071 "q" */
    0x1, 0xfe, 0x3f, 0x2, 0xff, 0xff, 0xc1, 0xff,
    0xff, 0xf0, 0xff, 0x2, 0xfc, 0x3f, 0x40, 0x3f,
    0xf, 0xc0, 0xf, 0xc3, 0xf0, 0x3, 0xf0, 0xfc,
    0x0, 0xfc, 0x3f, 0x40, 0x3f, 0xf, 0xf0, 0x2f,
    0xc1, 0xff, 0xff, 0xf0, 0x2f, 0xff, 0xfc, 0x1,
    0xfe, 0x7f, 0x0, 0x0, 0xf, 0xc0, 0x0, 0x3,
    0xf0, 0x0, 0x0, 0xfc, 0x0, 0x0, 0x3f, 0x0,
    0x0, 0xf, 0xc0,

    /* U+0072 "r" */
    0x0, 0x0, 0xbe, 0x7d, 0xbf, 0xfd, 0xbf, 0xfd,
    0xbf, 0x80, 0xbe, 0x0, 0xbe, 0x0, 0xbe, 0x0,
    0xbe, 0x0, 0xbe, 0x0, 0xbe, 0x0, 0xbe, 0x0,
    0xbe, 0x0, 0xbe, 0x0,

    /* U+0073 "s" */
    0x1, 0xff, 0x80, 0xf, 0xff, 0xf4, 0x2f, 0xe7,
    0xfc, 0x3f, 0x40, 0xfd, 0x3f, 0x80, 0x0, 0x1f,
    0xfe, 0x40, 0x7, 0xff, 0xf0, 0x0, 0x6f, 0xfc,
    0x14, 0x1, 0xfd, 0x3f, 0x0, 0xfd, 0x3f, 0xe6,
    0xfc, 0xf, 0xff, 0xf4, 0x1, 0xff, 0x80,

    /* U+0074 "t" */
    0xf, 0xd0, 0xf, 0xd0, 0xf, 0xd0, 0xff, 0xfe,
    0xff, 0xfe, 0x6f, 0xe9, 0xf, 0xd0, 0xf, 0xd0,
    0xf, 0xd0, 0xf, 0xd0, 0xf, 0xd0, 0xf, 0xd0,
    0xf, 0xd0, 0xf, 0xfe, 0x7, 0xfe, 0x1, 0xfe,

    /* U+0075 "u" */
    0xfe, 0x0, 0xfc, 0xfe, 0x0, 0xfc, 0xfe, 0x0,
    0xfc, 0xfe, 0x0, 0xfc, 0xfe, 0x0, 0xfc, 0xfe,
    0x0, 0xfc, 0xfe, 0x0, 0xfc, 0xfe, 0x0, 0xfc,
    0xfe, 0x0, 0xfc, 0xbf, 0x2, 0xfc, 0x7f, 0xff,
    0xfc, 0x3f, 0xff, 0xfc, 0xb, 0xf8, 0xfc,

    /* U+0076 "v" */
    0xbf, 0x0, 0xbf, 0x7f, 0x0, 0xfd, 0x3f, 0x41,
    0xfc, 0x2f, 0x82, 0xfc, 0x1f, 0xc3, 0xf4, 0xf,
    0xc3, 0xf0, 0xb, 0xd7, 0xf0, 0x7, 0xeb, 0xd0,
    0x3, 0xff, 0xc0, 0x2, 0xff, 0xc0, 0x1, 0xff,
    0x40, 0x0, 0xff, 0x0, 0x0, 0xbf, 0x0,

    /* U+0077 "w" */
    0xbe, 0x2, 0xf0, 0xf, 0xc7, 0xf0, 0x3f, 0x41,
    0xfc, 0x3f, 0x3, 0xf8, 0x2f, 0x83, 0xf4, 0x7f,
    0xc2, 0xf4, 0x2f, 0x4b, 0xfd, 0x3f, 0x1, 0xf8,
    0xfb, 0xe3, 0xf0, 0xf, 0xdf, 0x6f, 0x7e, 0x0,
    0xfe, 0xf1, 0xfb, 0xd0, 0xb, 0xfe, 0xf, 0xfc,
    0x0, 0x7f, 0xd0, 0xff, 0xc0, 0x3, 0xfc, 0xb,
    0xf8, 0x0, 0x3f, 0xc0, 0x7f, 0x40, 0x2, 0xf8,
    0x3, 0xf0, 0x0,

    /* U+0078 "x" */
    0x7f, 0x40, 0xfe, 0xb, 0xf0, 0xbf, 0x0, 0xfd,
    0x3f, 0x40, 0x2f, 0xef, 0xc0, 0x3, 0xff, 0xd0,
    0x0, 0x7f, 0xf0, 0x0, 0xf, 0xf4, 0x0, 0xb,
    0xff, 0x0, 0x3, 0xff, 0xd0, 0x3, 0xfe, 0xfc,
    0x1, 0xfd, 0x3f, 0x80, 0xfe, 0x7, 0xf0, 0x7f,
    0x0, 0xfe, 0x0,

    /* U+0079 "y" */
    0xff, 0x0, 0xff, 0x1f, 0xc0, 0x3f, 0x43, 0xf4,
    0x1f, 0xc0, 0xfe, 0xb, 0xf0, 0x1f, 0xc3, 0xf4,
    0x3, 0xf5, 0xfc, 0x0, 0xbe, 0xbf, 0x0, 0x1f,
    0xff, 0x40, 0x3, 0xff, 0xc0, 0x0, 0xbf, 0xe0,
    0x0, 0x1f, 0xf4, 0x0, 0x3, 0xfc, 0x0, 0x0,
    0xbe, 0x0, 0x0, 0x3f, 0x40, 0x0, 0x1f, 0xc0,
    0x0, 0x7f, 0xe0, 0x0, 0x2f, 0xf0, 0x0, 0xb,
    0xe0, 0x0, 0x0,

    /* U+007A "z" */
    0x3f, 0xff, 0xfc, 0x3f, 0xff, 0xfc, 0x2f, 0xff,
    0xfc, 0x0, 0xb, 0xf0, 0x0, 0x1f, 0xd0, 0x0,
    0x3f, 0x80, 0x0, 0xff, 0x0, 0x2, 0xfc, 0x0,
    0x7, 0xf4, 0x0, 0xf, 0xe0, 0x0, 0x3f, 0xff,
    0xfd, 0x3f, 0xff, 0xfd, 0x3f, 0xff, 0xfd,

    /* U+007B "{" */
    0x0, 0x8, 0x0, 0xbd, 0x1, 0xfc, 0x3, 0xf0,
    0x3, 0xf0, 0x7, 0xe0, 0x7, 0xe0, 0x7, 0xe0,
    0x7, 0xe0, 0xb, 0xd0, 0x2f, 0xc0, 0x7f, 0x0,
    0x7f, 0x80, 0xf, 0xd0, 0x7, 0xe0, 0x7, 0xe0,
    0x7, 0xe0, 0x7, 0xe0, 0x7, 0xe0, 0x3, 0xf0,
    0x3, 0xf4, 0x0, 0xfd, 0x0, 0x3c, 0x0, 0x0,

    /* U+007C "|" */
    0xf3, 0xcf, 0x3c, 0xf3, 0xcf, 0x3c, 0xf3, 0xcf,
    0x3c, 0xf3, 0xcf, 0x3c, 0xf3, 0xcf, 0x3c, 0x50,

    /* U+007D "}" */
    0x20, 0x0, 0x7d, 0x0, 0x3f, 0x40, 0xf, 0xc0,
    0xf, 0xc0, 0xf, 0xd0, 0xf, 0xd0, 0xf, 0xd0,
    0xb, 0xd0, 0xb, 0xe0, 0x3, 0xf8, 0x0, 0xfd,
    0x2, 0xfd, 0x7, 0xf0, 0xb, 0xd0, 0xf, 0xd0,
    0xf, 0xd0, 0xf, 0xd0, 0xf, 0xc0, 0xf, 0xc0,
    0x1f, 0x80, 0x7f, 0x0, 0x38, 0x0, 0x0, 0x0,

    /* U+007E "~" */
    0xb, 0xf4, 0x2, 0x83, 0xff, 0xe0, 0xbc, 0x7f,
    0xff, 0xff, 0xcb, 0xc0, 0xff, 0xf4, 0x64, 0x2,
    0xfd, 0x0,

    /* U+00A0 " " */

    /* U+00A1 "¡" */
    0x3e, 0x1f, 0xc7, 0xf0, 0x64, 0x0, 0xf, 0x83,
    0xf0, 0xfc, 0x3f, 0xf, 0xc3, 0xf0, 0xfc, 0x3f,
    0x1f, 0xc7, 0xf1, 0xfc, 0x7f, 0x0,

    /* U+00A2 "¢" */
    0x0, 0x14, 0x0, 0x0, 0x3c, 0x0, 0x0, 0x3c,
    0x0, 0x0, 0xbe, 0x0, 0xb, 0xff, 0xe0, 0x2f,
    0xff, 0xf8, 0x3f, 0x82, 0xfc, 0xbf, 0x0, 0xfc,
    0xfe, 0x0, 0x0, 0xfe, 0x0, 0x0, 0xfe, 0x0,
    0x0, 0xbe, 0x0, 0x14, 0x7f, 0x0, 0xfc, 0x3f,
    0xd7, 0xfc, 0x1f, 0xff, 0xf4, 0x7, 0xff, 0xc0,
    0x0, 0x7d, 0x0, 0x0, 0x3c, 0x0, 0x0, 0x3c,
    0x0,

    /* U+00A3 "£" */
    0x0, 0x7f, 0xe0, 0x0, 0xff, 0xff, 0x40, 0xbf,
    0xff, 0xf0, 0x3f, 0xc1, 0xfd, 0xf, 0xd0, 0x2a,
    0x43, 0xf4, 0x0, 0x0, 0xfd, 0x0, 0x2, 0xff,
    0xff, 0x0, 0xff, 0xff, 0xc0, 0x3f, 0xff, 0xf0,
    0x0, 0xfe, 0x0, 0x0, 0x3f, 0x80, 0x0, 0xf,
    0xe0, 0x0, 0x3, 0xf4, 0x0, 0xb, 0xff, 0xff,
    0xfb, 0xff, 0xff, 0xfe, 0xff, 0xff, 0xff, 0x80,

    /* U+00A4 "¤" */
    0x0, 0x0, 0x0, 0x0, 0x1d, 0x1b, 0xf8, 0x2c,
    0x3f, 0xff, 0xff, 0xfe, 0xf, 0xf9, 0x5f, 0xf8,
    0xb, 0xd0, 0x2, 0xf4, 0xf, 0x40, 0x0, 0xb8,
    0x1f, 0x0, 0x0, 0x7c, 0x2e, 0x0, 0x0, 0x3c,
    0x2e, 0x0, 0x0, 0x3d, 0x2e, 0x0, 0x0, 0x3c,
    0x1f, 0x0, 0x0, 0x7c, 0xf, 0x40, 0x0, 0xf8,
    0xb, 0xd0, 0x2, 0xf4, 0xf, 0xf9, 0x5f, 0xfc,
    0x3f, 0xff, 0xff, 0xbe, 0xc, 0x1b, 0xf8, 0x18,
    0x0, 0x0, 0x0, 0x0,

    /* U+00A5 "¥" */
    0x7f, 0x40, 0xb, 0xf0, 0xff, 0x0, 0x3f, 0x81,
    0xfc, 0x2, 0xfc, 0x3, 0xf8, 0xf, 0xe0, 0x7,
    0xf0, 0x7f, 0x0, 0xb, 0xe3, 0xf4, 0x0, 0xf,
    0xdf, 0xc0, 0x0, 0x2f, 0xfd, 0x0, 0x1f, 0xff,
    0xff, 0xc0, 0x7f, 0xff, 0xff, 0x0, 0x2, 0xfc,
    0x0, 0x0, 0x7, 0xf0, 0x0, 0x1f, 0xff, 0xff,
    0xc0, 0x7f, 0xff, 0xff, 0x0, 0x1, 0xfc, 0x0,
    0x0, 0x7, 0xf0, 0x0, 0x0, 0x1f, 0xc0, 0x0,

    /* U+00A6 "¦" */
    0xbe, 0xbe, 0xbe, 0xbe, 0xbe, 0xbe, 0xbe, 0xbe,
    0x7e, 0x0, 0x0, 0xbe, 0xbe, 0xbe, 0xbe, 0xbe,
    0xbe, 0xbe, 0xbe, 0xbe, 0x14,

    /* U+00A7 "§" */
    0x2, 0xff, 0xd0, 0x7, 0xff, 0xff, 0x3, 0xff,
    0xff, 0xf1, 0xfd, 0x1, 0xfd, 0xbf, 0x0, 0x3f,
    0x5f, 0xd0, 0x0, 0x3, 0xff, 0x90, 0x0, 0x7f,
    0xff, 0x80, 0x3f, 0xff, 0xfe, 0x2f, 0x81, 0xbf,
    0xdf, 0xe0, 0x3, 0xfb, 0xfc, 0x0, 0xbf, 0x7f,
    0xe4, 0x3f, 0x8b, 0xff, 0xff, 0xc0, 0x7f, 0xff,
    0xc0, 0x0, 0x7f, 0xfc, 0x0, 0x0, 0xbf, 0x6f,
    0x40, 0xf, 0xdb, 0xf0, 0x7, 0xf5, 0xff, 0xff,
    0xfc, 0x2f, 0xff, 0xfd, 0x0, 0xbf, 0xf8, 0x0,

    /* U+00A8 "¨" */
    0x78, 0xb, 0x8f, 0xd0, 0xfc, 0x7c, 0xb, 0x80,

    /* U+00A9 "©" */
    0x0, 0x0, 0x0, 0x0, 0x0, 0xb, 0xff, 0x40,
    0x0, 0x1f, 0x95, 0xbc, 0x0, 0x2e, 0x0, 0x3,
    0xd0, 0x1d, 0x6, 0x90, 0x2c, 0xe, 0xb, 0xff,
    0x3, 0x87, 0x7, 0xc1, 0xf0, 0x72, 0x83, 0xc0,
    0x3c, 0xd, 0xe0, 0xf0, 0x0, 0x3, 0xb4, 0x3c,
    0x0, 0x0, 0xee, 0xf, 0x0, 0x0, 0x3b, 0x83,
    0xc0, 0x3c, 0xd, 0xb0, 0x7c, 0x1f, 0x7, 0xe,
    0xb, 0xff, 0x3, 0xc2, 0xd0, 0x69, 0x2, 0xc0,
    0x3d, 0x0, 0x2, 0xd0, 0x2, 0xf5, 0x1b, 0xd0,
    0x0, 0x1f, 0xff, 0x80, 0x0, 0x0, 0x14, 0x0,
    0x0,

    /* U+00AA "ª" */
    0xb, 0xf4, 0xf, 0xff, 0x43, 0xc1, 0xe0, 0x0,
    0x7c, 0x1f, 0xff, 0xf, 0x57, 0xc7, 0x81, 0xf0,
    0xff, 0xfc, 0x1f, 0xdf, 0x0,

    /* U+00AB "«" */
    0x0, 0x50, 0x14, 0x7, 0xc3, 0xd0, 0x3c, 0x2e,
    0x3, 0xe1, 0xf0, 0x2f, 0xf, 0x80, 0xf8, 0x7c,
    0x1, 0xf4, 0xfc, 0x2, 0xf0, 0xf4, 0x3, 0xd1,
    0xf0, 0x3, 0xc2, 0xe0,

    /* U+00AC "¬" */
    0x0, 0x0, 0x2, 0xff, 0xff, 0xdb, 0xff, 0xff,
    0x40, 0x0, 0x3d, 0x0, 0x0, 0xf4, 0x0, 0x3,
    0xd0,

    /* U+00AD "­" */
    0xaa, 0xaa, 0xff, 0xfb, 0xff, 0xc0,

    /* U+00AE "®" */
    0x0, 0x0, 0x0, 0x0, 0x0, 0xb, 0xff, 0x40,
    0x0, 0x1f, 0x95, 0xbc, 0x0, 0x2e, 0x0, 0x3,
    0xd0, 0x1d, 0x2a, 0x90, 0x2c, 0xe, 0xf, 0xff,
    0x3, 0x87, 0x3, 0x81, 0xf0, 0x72, 0x80, 0xe0,
    0x3c, 0xd, 0xe0, 0x38, 0x1f, 0x3, 0xb4, 0xf,
    0xff, 0x0, 0xee, 0x3, 0xeb, 0xd0, 0x3b, 0x80,
    0xe0, 0x3c, 0xd, 0xb0, 0x38, 0xf, 0x7, 0xe,
    0xe, 0x3, 0xc3, 0xc2, 0xd1, 0x40, 0x52, 0xc0,
    0x3d, 0x0, 0x2, 0xd0, 0x2, 0xf5, 0x1b, 0xd0,
    0x0, 0x1f, 0xff, 0x80, 0x0, 0x0, 0x14, 0x0,
    0x0,

    /* U+00AF "¯" */
    0x7f, 0xff, 0xd7, 0xff, 0xfd,

    /* U+00B0 "°" */
    0x6, 0x80, 0xbf, 0xc7, 0x87, 0x9c, 0xf, 0x74,
    0x38, 0xff, 0xc0, 0xbd, 0x0,

    /* U+00B1 "±" */
    0x0, 0x0, 0x0, 0x3, 0xf0, 0x0, 0xf, 0xc0,
    0x0, 0x3f, 0x0, 0x0, 0xfc, 0x3, 0xff, 0xff,
    0xff, 0xff, 0xff, 0xff, 0xff, 0xfe, 0x0, 0xfc,
    0x0, 0x3, 0xf0, 0x0, 0xf, 0xc0, 0x0, 0x3f,
    0x0, 0x0, 0x0, 0x2, 0xff, 0xff, 0xdb, 0xff,
    0xff, 0x6f, 0xff, 0xfd,

    /* U+00B2 "²" */
    0xb, 0xf4, 0xf, 0xff, 0x43, 0xd2, 0xf0, 0x0,
    0xf8, 0x0, 0xbc, 0x0, 0xfc, 0x0, 0xf8, 0x0,
    0xff, 0xfc, 0x3f, 0xff, 0x0,

    /* U+00B3 "³" */
    0xb, 0xf8, 0xf, 0xff, 0x82, 0x82, 0xf0, 0x6,
    0xf4, 0x3, 0xfc, 0x0, 0xb, 0xc7, 0xc1, 0xf0,
    0xff, 0xf8, 0xb, 0xf8, 0x0,

    /* U+00B4 "´" */
    0x6, 0xa0, 0x3f, 0x3, 0xf4, 0x1f, 0x40,

    /* U+00B5 "µ" */
    0x7f, 0x0, 0x7f, 0x7f, 0x0, 0x7f, 0x7f, 0x0,
    0x7f, 0x7f, 0x0, 0x7f, 0x7f, 0x0, 0x7f, 0x7f,
    0x0, 0x7f, 0x7f, 0x0, 0x7f, 0x7f, 0x0, 0x7f,
    0x7f, 0x0, 0x7f, 0x7f, 0x80, 0xff, 0x7f, 0xff,
    0xff, 0x7f, 0xff, 0xff, 0x7f, 0xfe, 0x7f, 0x7f,
    0x0, 0x0, 0x7f, 0x0, 0x0, 0x7f, 0x0, 0x0,
    0x7f, 0x0, 0x0, 0x7f, 0x0, 0x0,

    /* U+00B6 "¶" */
    0x0, 0xbf, 0xf0, 0x1f, 0xff, 0xc1, 0xff, 0xff,
    0xf, 0xff, 0xfc, 0x3f, 0xff, 0xf0, 0xff, 0xff,
    0xc3, 0xff, 0xff, 0xf, 0xff, 0xfc, 0x1f, 0xff,
    0xf0, 0x2f, 0xff, 0xc0, 0x1b, 0xff, 0x0, 0x0,
    0x7c, 0x0, 0x1, 0xf0, 0x0, 0x7, 0xc0, 0x0,
    0x1f, 0x0, 0x0, 0x7c, 0x0, 0x1, 0xf0,

    /* U+00B7 "·" */
    0x19, 0xf, 0xd7, 0xf4, 0xb8,

    /* U+00B8 "¸" */
    0x68, 0x2f, 0xc1, 0xf8, 0x7e, 0x7f, 0x5e, 0x0,

    /* U+00B9 "¹" */
    0x0, 0x0, 0x6c, 0x7f, 0xc7, 0xbc, 0x3, 0xc0,
    0x3c, 0x3, 0xc0, 0x3c, 0x3, 0xc0, 0x3c,

    /* U+00BA "º" */
    0xb, 0xf8, 0xf, 0xff, 0x87, 0xc0, 0xf2, 0xe0,
    0x2d, 0xb4, 0xb, 0x6e, 0x2, 0xd7, 0xc0, 0xf0,
    0xfe, 0xf8, 0xb, 0xf8, 0x0,

    /* U+00BB "»" */
    0x50, 0x14, 0x1, 0xf0, 0xf4, 0x3, 0xe1, 0xf0,
    0x7, 0xd2, 0xf0, 0xb, 0xc3, 0xe0, 0x1f, 0x4f,
    0xc0, 0xf8, 0x7d, 0xb, 0xc3, 0xe0, 0x3d, 0x1f,
    0x2, 0xe0, 0xf0, 0x0,

    /* U+00BC "¼" */
    0x0, 0x0, 0x0, 0x0, 0x6, 0xc0, 0x0, 0x0,
    0xbf, 0xc0, 0x1, 0x0, 0xff, 0xc0, 0xb, 0x40,
    0xb, 0xc0, 0x1f, 0x0, 0xb, 0xc0, 0x3d, 0x0,
    0xb, 0xc0, 0xb8, 0x0, 0xb, 0xc0, 0xf0, 0x0,
    0xb, 0xc3, 0xd0, 0x50, 0xb, 0xc7, 0xc2, 0xf4,
    0x0, 0xf, 0x7, 0xf4, 0x0, 0x2e, 0xf, 0xf4,
    0x0, 0x7c, 0x3d, 0xf4, 0x0, 0xf4, 0xb4, 0xf4,
    0x2, 0xe1, 0xff, 0xfd, 0x3, 0xc1, 0xff, 0xfd,
    0x0, 0x0, 0x0, 0xf4, 0x0, 0x0, 0x0, 0xf4,

    /* U+00BD "½" */
    0x0, 0x50, 0x0, 0x0, 0x1, 0xfe, 0x0, 0x0,
    0x0, 0x3f, 0xe0, 0x3, 0x80, 0x1, 0x3e, 0x0,
    0xb8, 0x0, 0x3, 0xe0, 0xf, 0x0, 0x0, 0x3e,
    0x3, 0xd0, 0x0, 0x3, 0xe0, 0x78, 0x0, 0x0,
    0x3e, 0xf, 0x0, 0x0, 0x3, 0xe3, 0xd1, 0xfe,
    0x0, 0x19, 0x7c, 0xbf, 0xf8, 0x0, 0xf, 0xf,
    0x8b, 0xc0, 0x2, 0xe0, 0x0, 0xbc, 0x0, 0x7c,
    0x0, 0x2f, 0x40, 0xf, 0x40, 0xb, 0xd0, 0x2,
    0xe0, 0x3, 0xf0, 0x0, 0x4, 0x0, 0xff, 0xfd,
    0x0, 0x0, 0xf, 0xff, 0xd0,

    /* U+00BE "¾" */
    0x1f, 0xf4, 0x0, 0x0, 0x7, 0xff, 0xc0, 0x0,
    0x0, 0x68, 0x3d, 0x0, 0xb4, 0x0, 0x2b, 0xc0,
    0x1f, 0x0, 0x7, 0xf8, 0x3, 0xd0, 0x0, 0x3,
    0xd0, 0xb8, 0x0, 0xb8, 0x3e, 0xf, 0x0, 0x7,
    0xff, 0xd3, 0xd0, 0x50, 0x1f, 0xe4, 0x78, 0x3f,
    0x0, 0x0, 0xf, 0xb, 0xf0, 0x0, 0x3, 0xd1,
    0xff, 0x0, 0x0, 0x7c, 0x3d, 0xf0, 0x0, 0xf,
    0xf, 0x1f, 0x0, 0x2, 0xe1, 0xff, 0xfc, 0x0,
    0x3c, 0x1f, 0xff, 0xc0, 0x0, 0x0, 0x1, 0xf0,
    0x0, 0x0, 0x0, 0x1f, 0x0,

    /* U+00BF "¿" */
    0x0, 0x3e, 0x0, 0x0, 0xbf, 0x0, 0x0, 0x7f,
    0x0, 0x0, 0x18, 0x0, 0x0, 0x0, 0x0, 0x0,
    0x29, 0x0, 0x0, 0x7e, 0x0, 0x0, 0xbe, 0x0,
    0x1, 0xfc, 0x0, 0x7, 0xf8, 0x0, 0xf, 0xe0,
    0x0, 0x3f, 0xc0, 0x0, 0x3f, 0x40, 0x0, 0x3f,
    0x0, 0xfd, 0x3f, 0x81, 0xfc, 0x2f, 0xff, 0xfc,
    0xf, 0xff, 0xf0, 0x2, 0xff, 0x80,

    /* U+00C0 "À" */
    0x0, 0xa9, 0x0, 0x0, 0x0, 0xf, 0xc0, 0x0,
    0x0, 0x1, 0xfc, 0x0, 0x0, 0x0, 0x1f, 0x40,
    0x0, 0x0, 0x0, 0x0, 0x0, 0x0, 0x3, 0xfc,
    0x0, 0x0, 0x0, 0xff, 0x40, 0x0, 0x0, 0xbf,
    0xe0, 0x0, 0x0, 0x3f, 0xfc, 0x0, 0x0, 0xf,
    0xff, 0x40, 0x0, 0xb, 0xeb, 0xf0, 0x0, 0x3,
    0xf5, 0xfc, 0x0, 0x1, 0xfc, 0x3f, 0x80, 0x0,
    0xbe, 0xb, 0xf0, 0x0, 0x3f, 0x41, 0xfd, 0x0,
    0x1f, 0xc0, 0x3f, 0x80, 0xf, 0xff, 0xff, 0xf0,
    0x3, 0xff, 0xff, 0xfd, 0x2, 0xff, 0xff, 0xff,
    0xc0, 0xff, 0x0, 0xb, 0xf0, 0x7f, 0x40, 0x0,
    0xfe, 0x2f, 0xc0, 0x0, 0x3f, 0xc0,

    /* U+00C1 "Á" */
    0x0, 0x0, 0x6a, 0x0, 0x0, 0x0, 0x3f, 0x40,
    0x0, 0x0, 0x2f, 0x80, 0x0, 0x0, 0xf, 0x80,
    0x0, 0x0, 0x0, 0x0, 0x0, 0x0, 0x3, 0xfc,
    0x0, 0x0, 0x0, 0xff, 0x40, 0x0, 0x0, 0xbf,
    0xe0, 0x0, 0x0, 0x3f, 0xfc, 0x0, 0x0, 0xf,
    0xff, 0x40, 0x0, 0xb, 0xeb, 0xf0, 0x0, 0x3,
    0xf5, 0xfc, 0x0, 0x1, 0xfc, 0x3f, 0x80, 0x0,
    0xbe, 0xb, 0xf0, 0x0, 0x3f, 0x41, 0xfd, 0x0,
    0x1f, 0xc0, 0x3f, 0x80, 0xf, 0xff, 0xff, 0xf0,
    0x3, 0xff, 0xff, 0xfd, 0x2, 0xff, 0xff, 0xff,
    0xc0, 0xff, 0x0, 0xb, 0xf0, 0x7f, 0x40, 0x0,
    0xfe, 0x2f, 0xc0, 0x0, 0x3f, 0xc0,

    /* U+00C2 "Â" */
    0x0, 0x7, 0xe0, 0x0, 0x0, 0x7, 0xfe, 0x0,
    0x0, 0x7, 0xd3, 0xe0, 0x0, 0x2, 0x90, 0x28,
    0x0, 0x0, 0x0, 0x0, 0x0, 0x0, 0x3, 0xfc,
    0x0, 0x0, 0x0, 0xff, 0x40, 0x0, 0x0, 0xbf,
    0xe0, 0x0, 0x0, 0x3f, 0xfc, 0x0, 0x0, 0xf,
    0xff, 0x40, 0x0, 0xb, 0xeb, 0xf0, 0x0, 0x3,
    0xf5, 0xfc, 0x0, 0x1, 0xfc, 0x3f, 0x80, 0x0,
    0xbe, 0xb, 0xf0, 0x0, 0x3f, 0x41, 0xfd, 0x0,
    0x1f, 0xc0, 0x3f, 0x80, 0xf, 0xff, 0xff, 0xf0,
    0x3, 0xff, 0xff, 0xfd, 0x2, 0xff, 0xff, 0xff,
    0xc0, 0xff, 0x0, 0xb, 0xf0, 0x7f, 0x40, 0x0,
    0xfe, 0x2f, 0xc0, 0x0, 0x3f, 0xc0,

    /* U+00C3 "Ã" */
    0x0, 0x3e, 0x4b, 0x40, 0x0, 0x3f, 0xff, 0xc0,
    0x0, 0xf, 0x1f, 0xd0, 0x0, 0x0, 0x0, 0x0,
    0x0, 0x0, 0x0, 0x0, 0x0, 0x0, 0x3, 0xfc,
    0x0, 0x0, 0x0, 0xff, 0x40, 0x0, 0x0, 0xbf,
    0xe0, 0x0, 0x0, 0x3f, 0xfc, 0x0, 0x0, 0xf,
    0xff, 0x40, 0x0, 0xb, 0xeb, 0xf0, 0x0, 0x3,
    0xf5, 0xfc, 0x0, 0x1, 0xfc, 0x3f, 0x80, 0x0,
    0xbe, 0xb, 0xf0, 0x0, 0x3f, 0x41, 0xfd, 0x0,
    0x1f, 0xc0, 0x3f, 0x80, 0xf, 0xff, 0xff, 0xf0,
    0x3, 0xff, 0xff, 0xfd, 0x2, 0xff, 0xff, 0xff,
    0xc0, 0xff, 0x0, 0xb, 0xf0, 0x7f, 0x40, 0x0,
    0xfe, 0x2f, 0xc0, 0x0, 0x3f, 0xc0,

    /* U+00C4 "Ä" */
    0x0, 0xf4, 0xf, 0x0, 0x0, 0x7f, 0xb, 0xe0,
    0x0, 0xf, 0x40, 0xf0, 0x0, 0x0, 0x0, 0x0,
    0x0, 0x0, 0xf, 0xf0, 0x0, 0x0, 0x3, 0xfd,
    0x0, 0x0, 0x2, 0xff, 0x80, 0x0, 0x0, 0xff,
    0xf0, 0x0, 0x0, 0x3f, 0xfd, 0x0, 0x0, 0x2f,
    0xaf, 0xc0, 0x0, 0xf, 0xd7, 0xf0, 0x0, 0x7,
    0xf0, 0xfe, 0x0, 0x2, 0xf8, 0x2f, 0xc0, 0x0,
    0xfd, 0x7, 0xf4, 0x0, 0x7f, 0x0, 0xfe, 0x0,
    0x3f, 0xff, 0xff, 0xc0, 0xf, 0xff, 0xff, 0xf4,
    0xb, 0xff, 0xff, 0xff, 0x3, 0xfc, 0x0, 0x2f,
    0xc1, 0xfd, 0x0, 0x3, 0xf8, 0xbf, 0x0, 0x0,
    0xff, 0x0,

    /* U+00C5 "Å" */
    0x0, 0x7, 0xe0, 0x0, 0x0, 0x3, 0x5d, 0x0,
    0x0, 0x1, 0xc2, 0x80, 0x0, 0x0, 0x70, 0xe0,
    0x0, 0x0, 0xb, 0xe0, 0x0, 0x0, 0x0, 0x0,
    0x0, 0x0, 0x0, 0xff, 0x0, 0x0, 0x0, 0x3f,
    0xd0, 0x0, 0x0, 0x2f, 0xf8, 0x0, 0x0, 0xf,
    0xff, 0x0, 0x0, 0x3, 0xff, 0xd0, 0x0, 0x2,
    0xfa, 0xfc, 0x0, 0x0, 0xfd, 0x7f, 0x0, 0x0,
    0x7f, 0xf, 0xe0, 0x0, 0x2f, 0x82, 0xfc, 0x0,
    0xf, 0xd0, 0x7f, 0x40, 0x7, 0xf0, 0xf, 0xe0,
    0x3, 0xff, 0xff, 0xfc, 0x0, 0xff, 0xff, 0xff,
    0x40, 0xbf, 0xff, 0xff, 0xf0, 0x3f, 0xc0, 0x2,
    0xfc, 0x1f, 0xd0, 0x0, 0x3f, 0x8b, 0xf0, 0x0,
    0xf, 0xf0,

    /* U+00C6 "Æ" */
    0x0, 0x0, 0x3f, 0xff, 0xff, 0xc0, 0x0, 0xb,
    0xff, 0xff, 0xfc, 0x0, 0x0, 0xff, 0xff, 0xff,
    0xc0, 0x0, 0x2f, 0xff, 0x0, 0x0, 0x0, 0x3,
    0xfb, 0xf0, 0x0, 0x0, 0x0, 0xbf, 0x3f, 0x40,
    0x0, 0x0, 0x1f, 0xd3, 0xf4, 0x0, 0x0, 0x3,
    0xfc, 0x3f, 0xff, 0xf0, 0x0, 0x7f, 0x3, 0xff,
    0xff, 0x0, 0xf, 0xe0, 0x3f, 0xff, 0xf0, 0x1,
    0xff, 0xff, 0xf4, 0x0, 0x0, 0x3f, 0xff, 0xff,
    0x40, 0x0, 0xb, 0xff, 0xff, 0xf8, 0x0, 0x0,
    0xfe, 0x0, 0x3f, 0x80, 0x0, 0x2f, 0xc0, 0x3,
    0xff, 0xff, 0xe3, 0xf8, 0x0, 0x2f, 0xff, 0xff,
    0xbf, 0x0, 0x2, 0xff, 0xff, 0xf0,

    /* U+00C7 "Ç" */
    0x0, 0xbf, 0xe4, 0x0, 0x7f, 0xff, 0xe0, 0x1f,
    0xff, 0xff, 0x83, 0xfd, 0x2, 0xfd, 0x7f, 0x40,
    0xf, 0xeb, 0xf0, 0x0, 0xbf, 0xfe, 0x0, 0x0,
    0xf, 0xe0, 0x0, 0x0, 0xfe, 0x0, 0x0, 0xf,
    0xe0, 0x0, 0x0, 0xfe, 0x0, 0x0, 0xb, 0xf0,
    0x0, 0xbe, 0x7f, 0x0, 0xf, 0xe3, 0xfc, 0x2,
    0xfd, 0x1f, 0xff, 0xff, 0x80, 0x7f, 0xff, 0xe0,
    0x0, 0xbf, 0xe4, 0x0, 0x1, 0xf8, 0x0, 0x0,
    0x7, 0xf0, 0x0, 0x0, 0x3f, 0x0, 0x0, 0xf,
    0xe0, 0x0, 0x0, 0xf4, 0x0,

    /* U+00C8 "È" */
    0x6, 0xa0, 0x0, 0x3, 0xf8, 0x0, 0x0, 0xfc,
    0x0, 0x0, 0x3f, 0x0, 0x0, 0x0, 0x0, 0x7f,
    0xff, 0xff, 0x7f, 0xff, 0xff, 0x7f, 0xff, 0xff,
    0x7f, 0x0, 0x0, 0x7f, 0x0, 0x0, 0x7f, 0x0,
    0x0, 0x7f, 0x0, 0x0, 0x7f, 0xff, 0xfc, 0x7f,
    0xff, 0xfc, 0x7f, 0xff, 0xf8, 0x7f, 0x0, 0x0,
    0x7f, 0x0, 0x0, 0x7f, 0x0, 0x0, 0x7f, 0x0,
    0x0, 0x7f, 0xff, 0xff, 0x7f, 0xff, 0xff, 0x7f,
    0xff, 0xff,

    /* U+00C9 "É" */
    0x0, 0x2, 0xa4, 0x0, 0xb, 0xf0, 0x0, 0xf,
    0xc0, 0x0, 0x3f, 0x0, 0x0, 0x0, 0x0, 0x7f,
    0xff, 0xff, 0x7f, 0xff, 0xff, 0x7f, 0xff, 0xff,
    0x7f, 0x0, 0x0, 0x7f, 0x0, 0x0, 0x7f, 0x0,
    0x0, 0x7f, 0x0, 0x0, 0x7f, 0xff, 0xfc, 0x7f,
    0xff, 0xfc, 0x7f, 0xff, 0xf8, 0x7f, 0x0, 0x0,
    0x7f, 0x0, 0x0, 0x7f, 0x0, 0x0, 0x7f, 0x0,
    0x0, 0x7f, 0xff, 0xff, 0x7f, 0xff, 0xff, 0x7f,
    0xff, 0xff,

    /* U+00CA "Ê" */
    0x0, 0x3f, 0x0, 0x0, 0xff, 0xc0, 0x3, 0xe3,
    0xf0, 0x6, 0x40, 0x64, 0x0, 0x0, 0x0, 0x7f,
    0xff, 0xff, 0x7f, 0xff, 0xff, 0x7f, 0xff, 0xff,
    0x7f, 0x0, 0x0, 0x7f, 0x0, 0x0, 0x7f, 0x0,
    0x0, 0x7f, 0x0, 0x0, 0x7f, 0xff, 0xfc, 0x7f,
    0xff, 0xfc, 0x7f, 0xff, 0xf8, 0x7f, 0x0, 0x0,
    0x7f, 0x0, 0x0, 0x7f, 0x0, 0x0, 0x7f, 0x0,
    0x0, 0x7f, 0xff, 0xff, 0x7f, 0xff, 0xff, 0x7f,
    0xff, 0xff,

    /* U+00CB "Ë" */
    0xb, 0x80, 0xf4, 0xf, 0xc1, 0xfc, 0xb, 0x80,
    0xf4, 0x0, 0x0, 0x0, 0x7f, 0xff, 0xff, 0x7f,
    0xff, 0xff, 0x7f, 0xff, 0xff, 0x7f, 0x0, 0x0,
    0x7f, 0x0, 0x0, 0x7f, 0x0, 0x0, 0x7f, 0x0,
    0x0, 0x7f, 0xff, 0xfc, 0x7f, 0xff, 0xfc, 0x7f,
    0xff, 0xf8, 0x7f, 0x0, 0x0, 0x7f, 0x0, 0x0,
    0x7f, 0x0, 0x0, 0x7f, 0x0, 0x0, 0x7f, 0xff,
    0xff, 0x7f, 0xff, 0xff, 0x7f, 0xff, 0xff,

    /* U+00CC "Ì" */
    0x6a, 0x0, 0xfe, 0x0, 0xfc, 0x0, 0xfc, 0x0,
    0x0, 0x1f, 0xd0, 0x7f, 0x41, 0xfd, 0x7, 0xf4,
    0x1f, 0xd0, 0x7f, 0x41, 0xfd, 0x7, 0xf4, 0x1f,
    0xd0, 0x7f, 0x41, 0xfd, 0x7, 0xf4, 0x1f, 0xd0,
    0x7f, 0x41, 0xfd, 0x7, 0xf4, 0x1f, 0xd0,

    /* U+00CD "Í" */
    0x2, 0xa4, 0x2f, 0xc0, 0xfc, 0xf, 0xc0, 0x0,
    0x1, 0xfd, 0x7, 0xf4, 0x1f, 0xd0, 0x7f, 0x41,
    0xfd, 0x7, 0xf4, 0x1f, 0xd0, 0x7f, 0x41, 0xfd,
    0x7, 0xf4, 0x1f, 0xd0, 0x7f, 0x41, 0xfd, 0x7,
    0xf4, 0x1f, 0xd0, 0x7f, 0x41, 0xfd, 0x0,

    /* U+00CE "Î" */
    0x3, 0xf0, 0x3, 0xff, 0x3, 0xe2, 0xf1, 0x90,
    0x19, 0x0, 0x0, 0x1, 0xfd, 0x0, 0x7f, 0x40,
    0x1f, 0xd0, 0x7, 0xf4, 0x1, 0xfd, 0x0, 0x7f,
    0x40, 0x1f, 0xd0, 0x7, 0xf4, 0x1, 0xfd, 0x0,
    0x7f, 0x40, 0x1f, 0xd0, 0x7, 0xf4, 0x1, 0xfd,
    0x0, 0x7f, 0x40, 0x1f, 0xd0, 0x7, 0xf4, 0x1,
    0xfd, 0x0,

    /* U+00CF "Ï" */
    0x78, 0xb, 0x7f, 0x3, 0xf7, 0x80, 0xb4, 0x0,
    0x0, 0x7, 0xf4, 0x1, 0xfd, 0x0, 0x7f, 0x40,
    0x1f, 0xd0, 0x7, 0xf4, 0x1, 0xfd, 0x0, 0x7f,
    0x40, 0x1f, 0xd0, 0x7, 0xf4, 0x1, 0xfd, 0x0,
    0x7f, 0x40, 0x1f, 0xd0, 0x7, 0xf4, 0x1, 0xfd,
    0x0, 0x7f, 0x40, 0x1f, 0xd0, 0x7, 0xf4, 0x0,

    /* U+00D0 "Ð" */
    0x3, 0xff, 0xf9, 0x0, 0x3, 0xff, 0xff, 0x80,
    0x3, 0xff, 0xff, 0xf0, 0x3, 0xf4, 0xb, 0xf8,
    0x3, 0xf4, 0x2, 0xfc, 0x3, 0xf4, 0x0, 0xfe,
    0x3, 0xf4, 0x0, 0xfe, 0x3f, 0xff, 0xc0, 0xbf,
    0x3f, 0xff, 0xc0, 0xbf, 0x7, 0xf4, 0x0, 0xbf,
    0x3, 0xf4, 0x0, 0xfe, 0x3, 0xf4, 0x0, 0xfe,
    0x3, 0xf4, 0x2, 0xfc, 0x3, 0xf4, 0xb, 0xf8,
    0x3, 0xff, 0xff, 0xf0, 0x3, 0xff, 0xff, 0x80,
    0x3, 0xff, 0xf9, 0x0,

    /* U+00D1 "Ñ" */
    0x0, 0xbd, 0x1f, 0x0, 0x7, 0xff, 0xf8, 0x0,
    0x3d, 0x2f, 0x80, 0x0, 0x0, 0x0, 0x0, 0x0,
    0x0, 0x0, 0x1, 0xfd, 0x0, 0xf, 0xd7, 0xfc,
    0x0, 0x3f, 0x5f, 0xf8, 0x0, 0xfd, 0x7f, 0xf0,
    0x3, 0xf5, 0xff, 0xf0, 0xf, 0xd7, 0xff, 0xd0,
    0x3f, 0x5f, 0xef, 0xc0, 0xfd, 0x7f, 0x3f, 0x83,
    0xf5, 0xfc, 0x7f, 0xf, 0xd7, 0xf0, 0xbf, 0x3f,
    0x5f, 0xc0, 0xfe, 0xfd, 0x7f, 0x1, 0xff, 0xf5,
    0xfc, 0x3, 0xff, 0xd7, 0xf0, 0x7, 0xff, 0x5f,
    0xc0, 0xb, 0xfd, 0x7f, 0x0, 0xf, 0xf5, 0xfc,
    0x0, 0x1f, 0xd0,

    /* U+00D2 "Ò" */
    0x2, 0xfc, 0x0, 0x0, 0x2, 0xf8, 0x0, 0x0,
    0x3, 0xf0, 0x0, 0x0, 0x2, 0x90, 0x0, 0x0,
    0x0, 0x0, 0x0, 0x1, 0xff, 0x80, 0x0, 0x3f,
    0xff, 0xe0, 0x3, 0xff, 0xff, 0xe0, 0x3f, 0xd0,
    0x2f, 0xd1, 0xfd, 0x0, 0x3f, 0xcb, 0xf0, 0x0,
    0x7f, 0x3f, 0x80, 0x0, 0xfd, 0xfe, 0x0, 0x3,
    0xf7, 0xf8, 0x0, 0xf, 0xef, 0xe0, 0x0, 0x3f,
    0x7f, 0x80, 0x0, 0xfd, 0xbf, 0x0, 0x7, 0xf1,
    0xfd, 0x0, 0x3f, 0xc3, 0xfd, 0x2, 0xfd, 0x3,
    0xff, 0xff, 0xe0, 0x3, 0xff, 0xfe, 0x0, 0x1,
    0xff, 0x90, 0x0,

    /* U+00D3 "Ó" */
    0x0, 0x1, 0xfc, 0x0, 0x0, 0xf, 0xd0, 0x0,
    0x0, 0xbd, 0x0, 0x0, 0x2, 0x90, 0x0, 0x0,
    0x0, 0x0, 0x0, 0x1, 0xff, 0x80, 0x0, 0x3f,
    0xff, 0xe0, 0x3, 0xff, 0xff, 0xe0, 0x3f, 0xd0,
    0x2f, 0xd1, 0xfd, 0x0, 0x3f, 0xcb, 0xf0, 0x0,
    0x7f, 0x3f, 0x80, 0x0, 0xfd, 0xfe, 0x0, 0x3,
    0xf7, 0xf8, 0x0, 0xf, 0xef, 0xe0, 0x0, 0x3f,
    0x7f, 0x80, 0x0, 0xfd, 0xbf, 0x0, 0x7, 0xf1,
    0xfd, 0x0, 0x3f, 0xc3, 0xfd, 0x2, 0xfd, 0x3,
    0xff, 0xff, 0xe0, 0x3, 0xff, 0xfe, 0x0, 0x1,
    0xff, 0x90, 0x0,

    /* U+00D4 "Ô" */
    0x0, 0x1f, 0x80, 0x0, 0x1, 0xff, 0x80, 0x0,
    0x1f, 0x8f, 0x80, 0x0, 0x64, 0x6, 0x40, 0x0,
    0x0, 0x0, 0x0, 0x1, 0xff, 0x80, 0x0, 0x3f,
    0xff, 0xe0, 0x3, 0xff, 0xff, 0xe0, 0x3f, 0xd0,
    0x2f, 0xd1, 0xfd, 0x0, 0x3f, 0xcb, 0xf0, 0x0,
    0x7f, 0x3f, 0x80, 0x0, 0xfd, 0xfe, 0x0, 0x3,
    0xf7, 0xf8, 0x0, 0xf, 0xef, 0xe0, 0x0, 0x3f,
    0x7f, 0x80, 0x0, 0xfd, 0xbf, 0x0, 0x7, 0xf1,
    0xfd, 0x0, 0x3f, 0xc3, 0xfd, 0x2, 0xfd, 0x3,
    0xff, 0xff, 0xe0, 0x3, 0xff, 0xfe, 0x0, 0x1,
    0xff, 0x90, 0x0,

    /* U+00D5 "Õ" */
    0x0, 0xbd, 0x2e, 0x0, 0xb, 0xff, 0xf4, 0x0,
    0x3c, 0x6f, 0x80, 0x0, 0x0, 0x0, 0x0, 0x0,
    0x0, 0x0, 0x0, 0x1, 0xff, 0x80, 0x0, 0x3f,
    0xff, 0xe0, 0x3, 0xff, 0xff, 0xe0, 0x3f, 0xd0,
    0x2f, 0xd1, 0xfd, 0x0, 0x3f, 0xcb, 0xf0, 0x0,
    0x7f, 0x3f, 0x80, 0x0, 0xfd, 0xfe, 0x0, 0x3,
    0xf7, 0xf8, 0x0, 0xf, 0xef, 0xe0, 0x0, 0x3f,
    0x7f, 0x80, 0x0, 0xfd, 0xbf, 0x0, 0x7, 0xf1,
    0xfd, 0x0, 0x3f, 0xc3, 0xfd, 0x2, 0xfd, 0x3,
    0xff, 0xff, 0xe0, 0x3, 0xff, 0xfe, 0x0, 0x1,
    0xff, 0x90, 0x0,

    /* U+00D6 "Ö" */
    0x2, 0xe0, 0x3d, 0x0, 0xf, 0xc1, 0xf8, 0x0,
    0x2e, 0x3, 0xd0, 0x0, 0x0, 0x0, 0x0, 0x0,
    0x7f, 0xe0, 0x0, 0xf, 0xff, 0xf8, 0x0, 0xff,
    0xff, 0xf8, 0xf, 0xf4, 0xb, 0xf4, 0x7f, 0x40,
    0xf, 0xf2, 0xfc, 0x0, 0x1f, 0xcf, 0xe0, 0x0,
    0x3f, 0x7f, 0x80, 0x0, 0xfd, 0xfe, 0x0, 0x3,
    0xfb, 0xf8, 0x0, 0xf, 0xdf, 0xe0, 0x0, 0x3f,
    0x6f, 0xc0, 0x1, 0xfc, 0x7f, 0x40, 0xf, 0xf0,
    0xff, 0x40, 0xbf, 0x40, 0xff, 0xff, 0xf8, 0x0,
    0xff, 0xff, 0x80, 0x0, 0x7f, 0xe4, 0x0,

    /* U+00D7 "×" */
    0x4, 0x0, 0x10, 0x2f, 0x0, 0x7c, 0x3f, 0xc1,
    0xfe, 0xf, 0xf7, 0xf8, 0x3, 0xff, 0xe0, 0x0,
    0xff, 0x80, 0x1, 0xff, 0xc0, 0x3, 0xff, 0xf0,
    0xf, 0xe3, 0xfc, 0x3f, 0x80, 0xfe, 0x1f, 0x0,
    0x3c, 0x4, 0x0, 0x0,

    /* U+00D8 "Ø" */
    0x0, 0x0, 0x1, 0xf0, 0x1, 0xff, 0x9f, 0x40,
    0x3f, 0xff, 0xfc, 0x3, 0xff, 0xff, 0xf0, 0x3f,
    0xd0, 0x3f, 0xd0, 0xfd, 0x0, 0xff, 0xcb, 0xf0,
    0xb, 0xff, 0x6f, 0xc0, 0x7c, 0xfd, 0xfe, 0x3,
    0xc3, 0xfb, 0xf8, 0x2e, 0xf, 0xef, 0xe0, 0xf0,
    0x3f, 0xbf, 0xcf, 0x40, 0xfd, 0xbf, 0xbc, 0x7,
    0xf4, 0xff, 0xc0, 0x2f, 0xc3, 0xfe, 0x2, 0xfe,
    0x3, 0xff, 0xff, 0xf0, 0xf, 0xff, 0xfe, 0x0,
    0x79, 0xbf, 0x90, 0x3, 0xc0, 0x0, 0x0, 0x0,

    /* U+00D9 "Ù" */
    0x3, 0xf8, 0x0, 0x0, 0xf, 0xc0, 0x0, 0x0,
    0x7f, 0x0, 0x0, 0x1, 0xa0, 0x0, 0x0, 0x0,
    0x0, 0xb, 0xf0, 0x0, 0xfd, 0xbf, 0x0, 0xf,
    0xdb, 0xf0, 0x0, 0xfd, 0xbf, 0x0, 0xf, 0xdb,
    0xf0, 0x0, 0xfd, 0xbf, 0x0, 0xf, 0xdb, 0xf0,
    0x0, 0xfd, 0xbf, 0x0, 0xf, 0xdb, 0xf0, 0x0,
    0xfd, 0xbf, 0x0, 0xf, 0xdb, 0xf0, 0x0, 0xfd,
    0xbf, 0x0, 0xf, 0xd7, 0xf0, 0x1, 0xfd, 0x3f,
    0xc0, 0x3f, 0xc2, 0xff, 0xff, 0xf4, 0xb, 0xff,
    0xfe, 0x0, 0x1b, 0xfe, 0x0,

    /* U+00DA "Ú" */
    0x0, 0x3, 0xf8, 0x0, 0x0, 0x7f, 0x0, 0x0,
    0xf, 0xc0, 0x0, 0x1, 0xa0, 0x0, 0x0, 0x0,
    0x0, 0xb, 0xf0, 0x0, 0xfd, 0xbf, 0x0, 0xf,
    0xdb, 0xf0, 0x0, 0xfd, 0xbf, 0x0, 0xf, 0xdb,
    0xf0, 0x0, 0xfd, 0xbf, 0x0, 0xf, 0xdb, 0xf0,
    0x0, 0xfd, 0xbf, 0x0, 0xf, 0xdb, 0xf0, 0x0,
    0xfd, 0xbf, 0x0, 0xf, 0xdb, 0xf0, 0x0, 0xfd,
    0xbf, 0x0, 0xf, 0xd7, 0xf0, 0x1, 0xfd, 0x3f,
    0xc0, 0x3f, 0xc2, 0xff, 0xff, 0xf4, 0xb, 0xff,
    0xfe, 0x0, 0x1b, 0xfe, 0x0,

    /* U+00DB "Û" */
    0x0, 0x2f, 0x40, 0x0, 0xb, 0xfd, 0x0, 0x2,
    0xf1, 0xf4, 0x0, 0x28, 0x6, 0x40, 0x0, 0x0,
    0x0, 0xb, 0xf0, 0x0, 0xfd, 0xbf, 0x0, 0xf,
    0xdb, 0xf0, 0x0, 0xfd, 0xbf, 0x0, 0xf, 0xdb,
    0xf0, 0x0, 0xfd, 0xbf, 0x0, 0xf, 0xdb, 0xf0,
    0x0, 0xfd, 0xbf, 0x0, 0xf, 0xdb, 0xf0, 0x0,
    0xfd, 0xbf, 0x0, 0xf, 0xdb, 0xf0, 0x0, 0xfd,
    0xbf, 0x0, 0xf, 0xd7, 0xf0, 0x1, 0xfd, 0x3f,
    0xc0, 0x3f, 0xc2, 0xff, 0xff, 0xf4, 0xb, 0xff,
    0xfe, 0x0, 0x1b, 0xfe, 0x0,

    /* U+00DC "Ü" */
    0x3, 0xc0, 0x78, 0x0, 0xbe, 0xf, 0xd0, 0x3,
    0xc0, 0x78, 0x0, 0x0, 0x0, 0x0, 0xbf, 0x0,
    0xf, 0xdb, 0xf0, 0x0, 0xfd, 0xbf, 0x0, 0xf,
    0xdb, 0xf0, 0x0, 0xfd, 0xbf, 0x0, 0xf, 0xdb,
    0xf0, 0x0, 0xfd, 0xbf, 0x0, 0xf, 0xdb, 0xf0,
    0x0, 0xfd, 0xbf, 0x0, 0xf, 0xdb, 0xf0, 0x0,
    0xfd, 0xbf, 0x0, 0xf, 0xdb, 0xf0, 0x0, 0xfd,
    0x7f, 0x0, 0x1f, 0xd3, 0xfc, 0x3, 0xfc, 0x2f,
    0xff, 0xff, 0x40, 0xbf, 0xff, 0xe0, 0x1, 0xbf,
    0xe0, 0x0,

    /* U+00DD "Ý" */
    0x0, 0x0, 0xa9, 0x0, 0x0, 0xb, 0xf0, 0x0,
    0x0, 0x3f, 0x0, 0x0, 0x3, 0xf0, 0x0, 0x0,
    0x0, 0x0, 0x2, 0xfc, 0x0, 0x1f, 0xe3, 0xf8,
    0x0, 0xbf, 0xb, 0xf0, 0x3, 0xf8, 0xf, 0xd0,
    0x2f, 0xc0, 0x2f, 0xc0, 0xfd, 0x0, 0x3f, 0x4b,
    0xf0, 0x0, 0xbf, 0x3f, 0x40, 0x0, 0xff, 0xfc,
    0x0, 0x2, 0xff, 0xd0, 0x0, 0x3, 0xff, 0x0,
    0x0, 0xb, 0xf4, 0x0, 0x0, 0x1f, 0xc0, 0x0,
    0x0, 0x7f, 0x0, 0x0, 0x1, 0xfc, 0x0, 0x0,
    0x7, 0xf0, 0x0, 0x0, 0x1f, 0xc0, 0x0, 0x0,
    0x7f, 0x0, 0x0,

    /* U+00DE "Þ" */
    0x7f, 0x0, 0x0, 0x1f, 0xc0, 0x0, 0x7, 0xf0,
    0x0, 0x1, 0xff, 0xff, 0x40, 0x7f, 0xff, 0xfc,
    0x1f, 0xea, 0xff, 0xc7, 0xf0, 0x7, 0xf5, 0xfc,
    0x0, 0xbe, 0x7f, 0x0, 0x2f, 0xdf, 0xc0, 0xf,
    0xe7, 0xf0, 0xb, 0xf5, 0xff, 0xff, 0xfc, 0x7f,
    0xff, 0xfc, 0x1f, 0xea, 0xa4, 0x7, 0xf0, 0x0,
    0x1, 0xfc, 0x0, 0x0, 0x7f, 0x0, 0x0, 0x0,

    /* U+00DF "ß" */
    0x2, 0xff, 0x80, 0x0, 0xff, 0xff, 0x0, 0x3f,
    0xff, 0xf8, 0x3, 0xf4, 0x2f, 0xc0, 0x7f, 0x1,
    0xfc, 0x7, 0xf0, 0x1f, 0xc0, 0x7f, 0x3, 0xf4,
    0x7, 0xf0, 0x7f, 0x0, 0x7f, 0xb, 0xf0, 0x7,
    0xf0, 0x7f, 0x40, 0x7f, 0x3, 0xfe, 0x7, 0xf0,
    0xf, 0xf4, 0x7f, 0x0, 0x3f, 0xc7, 0xf0, 0x0,
    0xfd, 0x7f, 0x0, 0xf, 0xd7, 0xf2, 0xeb, 0xfc,
    0x7f, 0x3f, 0xff, 0x47, 0xf2, 0xff, 0x80,

    /* U+00E0 "à" */
    0x7, 0xf0, 0x0, 0x0, 0xbf, 0x0, 0x0, 0xb,
    0xd0, 0x0, 0x0, 0xa8, 0x0, 0x0, 0x0, 0x0,
    0x0, 0x6f, 0xe4, 0x0, 0xbf, 0xff, 0x40, 0xbf,
    0xaf, 0xf0, 0x3f, 0x80, 0xfd, 0x0, 0x0, 0x3f,
    0x80, 0x2f, 0xff, 0xe0, 0x3f, 0xff, 0xf8, 0x3f,
    0xc0, 0xfe, 0xf, 0xd0, 0x3f, 0x83, 0xf4, 0xf,
    0xe0, 0xff, 0xaf, 0xf8, 0x1f, 0xff, 0xfe, 0x1,
    0xbf, 0x5f, 0xc0,

    /* U+00E1 "á" */
    0x0, 0x3, 0xf4, 0x0, 0x3, 0xf4, 0x0, 0x1,
    0xf8, 0x0, 0x0, 0xa8, 0x0, 0x0, 0x0, 0x0,
    0x0, 0x6f, 0xe4, 0x0, 0xbf, 0xff, 0x40, 0xbf,
    0xaf, 0xf0, 0x3f, 0x80, 0xfd, 0x0, 0x0, 0x3f,
    0x80, 0x2f, 0xff, 0xe0, 0x3f, 0xff, 0xf8, 0x3f,
    0xc0, 0xfe, 0xf, 0xd0, 0x3f, 0x83, 0xf4, 0xf,
    0xe0, 0xff, 0xaf, 0xf8, 0x1f, 0xff, 0xfe, 0x1,
    0xbf, 0x5f, 0xc0,

    /* U+00E2 "â" */
    0x0, 0x3f, 0x0, 0x0, 0x7f, 0xf0, 0x0, 0x7e,
    0x2f, 0x0, 0x14, 0x1, 0x40, 0x0, 0x0, 0x0,
    0x0, 0x6f, 0xe4, 0x0, 0xbf, 0xff, 0x40, 0xbf,
    0xaf, 0xf0, 0x3f, 0x80, 0xfd, 0x0, 0x0, 0x3f,
    0x80, 0x2f, 0xff, 0xe0, 0x3f, 0xff, 0xf8, 0x3f,
    0xc0, 0xfe, 0xf, 0xd0, 0x3f, 0x83, 0xf4, 0xf,
    0xe0, 0xff, 0xaf, 0xf8, 0x1f, 0xff, 0xfe, 0x1,
    0xbf, 0x5f, 0xc0,

    /* U+00E3 "ã" */
    0x2, 0xf4, 0x7c, 0x2, 0xff, 0xfd, 0x0, 0xf4,
    0xbe, 0x0, 0x0, 0x0, 0x0, 0x0, 0x0, 0x0,
    0x0, 0x6f, 0xe4, 0x0, 0xbf, 0xff, 0x40, 0xbf,
    0xaf, 0xf0, 0x3f, 0x80, 0xfd, 0x0, 0x0, 0x3f,
    0x80, 0x2f, 0xff, 0xe0, 0x3f, 0xff, 0xf8, 0x3f,
    0xc0, 0xfe, 0xf, 0xd0, 0x3f, 0x83, 0xf4, 0xf,
    0xe0, 0xff, 0xaf, 0xf8, 0x1f, 0xff, 0xfe, 0x1,
    0xbf, 0x5f, 0xc0,

    /* U+00E4 "ä" */
    0xb, 0x80, 0xf4, 0x3, 0xf0, 0x7f, 0x0, 0xb8,
    0xf, 0x40, 0x0, 0x0, 0x0, 0x1, 0xbf, 0x90,
    0x2, 0xff, 0xfd, 0x2, 0xfe, 0xbf, 0xc0, 0xfe,
    0x3, 0xf4, 0x0, 0x0, 0xfe, 0x0, 0xbf, 0xff,
    0x80, 0xff, 0xff, 0xe0, 0xff, 0x3, 0xf8, 0x3f,
    0x40, 0xfe, 0xf, 0xd0, 0x3f, 0x83, 0xfe, 0xbf,
    0xe0, 0x7f, 0xff, 0xf8, 0x6, 0xfd, 0x7f, 0x0,

    /* U+00E5 "å" */
    0x0, 0x3f, 0x0, 0x0, 0x38, 0xb0, 0x0, 0xd,
    0x1c, 0x0, 0x1, 0xfd, 0x0, 0x0, 0x0, 0x0,
    0x0, 0x0, 0x0, 0x0, 0x1b, 0xf9, 0x0, 0x2f,
    0xff, 0xd0, 0x2f, 0xeb, 0xfc, 0xf, 0xe0, 0x3f,
    0x40, 0x0, 0xf, 0xe0, 0xb, 0xff, 0xf8, 0xf,
    0xff, 0xfe, 0xf, 0xf0, 0x3f, 0x83, 0xf4, 0xf,
    0xe0, 0xfd, 0x3, 0xf8, 0x3f, 0xeb, 0xfe, 0x7,
    0xff, 0xff, 0x80, 0x6f, 0xd7, 0xf0,

    /* U+00E6 "æ" */
    0x1, 0xbf, 0xd1, 0xbf, 0x80, 0xb, 0xff, 0xff,
    0xff, 0xf0, 0x1f, 0xff, 0xff, 0xff, 0xfc, 0x2f,
    0x80, 0xff, 0x80, 0xfd, 0x0, 0x0, 0xbf, 0x0,
    0xbe, 0x2, 0xff, 0xff, 0xff, 0xfe, 0x1f, 0xff,
    0xff, 0xff, 0xfe, 0x3f, 0xe5, 0xbf, 0x55, 0x54,
    0x3f, 0x40, 0xbf, 0x0, 0x0, 0x3f, 0x40, 0xbf,
    0xc0, 0x14, 0x3f, 0xff, 0xff, 0xff, 0xfc, 0x1f,
    0xff, 0xeb, 0xff, 0xfc, 0x6, 0xfe, 0x41, 0xbf,
    0xe0,

    /* U+00E7 "ç" */
    0x0, 0xbf, 0x90, 0x7, 0xff, 0xf8, 0xf, 0xff,
    0xfd, 0x2f, 0xc0, 0xfe, 0x3f, 0x40, 0x7f, 0x3f,
    0x0, 0x0, 0x3f, 0x0, 0x0, 0x3f, 0x0, 0x0,
    0x3f, 0x40, 0x29, 0x2f, 0xc0, 0xbe, 0xf, 0xfb,
    0xfd, 0x7, 0xff, 0xf8, 0x0, 0xbf, 0x90, 0x0,
    0x3f, 0x40, 0x0, 0x1f, 0xc0, 0x0, 0xb, 0xd0,
    0x0, 0x2f, 0xc0, 0x0, 0x2e, 0x0,

    /* U+00E8 "è" */
    0xb, 0xf0, 0x0, 0x0, 0xbe, 0x0, 0x0, 0xb,
    0xd0, 0x0, 0x0, 0xa8, 0x0, 0x0, 0x0, 0x0,
    0x0, 0x2f, 0xf4, 0x0, 0x7f, 0xff, 0x80, 0x3f,
    0xff, 0xf8, 0x2f, 0xc0, 0x7f, 0xf, 0xd0, 0xf,
    0xc3, 0xff, 0xff, 0xf4, 0xff, 0xff, 0xfd, 0x3f,
    0x95, 0x55, 0xf, 0xe0, 0x0, 0x2, 0xfd, 0x1,
    0xc0, 0x3f, 0xff, 0xfc, 0x3, 0xff, 0xfd, 0x0,
    0x2f, 0xf8, 0x0,

    /* U+00E9 "é" */
    0x0, 0x7, 0xf4, 0x0, 0x3, 0xf4, 0x0, 0x2,
    0xf8, 0x0, 0x0, 0xa8, 0x0, 0x0, 0x0, 0x0,
    0x0, 0x2f, 0xf4, 0x0, 0x7f, 0xff, 0x80, 0x3f,
    0xff, 0xf8, 0x2f, 0xc0, 0x7f, 0xf, 0xd0, 0xf,
    0xc3, 0xff, 0xff, 0xf4, 0xff, 0xff, 0xfd, 0x3f,
    0x95, 0x55, 0xf, 0xe0, 0x0, 0x2, 0xfd, 0x1,
    0xc0, 0x3f, 0xff, 0xfc, 0x3, 0xff, 0xfd, 0x0,
    0x2f, 0xf8, 0x0,

    /* U+00EA "ê" */
    0x0, 0x3f, 0x0, 0x0, 0x7f, 0xf0, 0x0, 0x7d,
    0x2f, 0x0, 0x14, 0x1, 0x40, 0x0, 0x0, 0x0,
    0x0, 0x2f, 0xf4, 0x0, 0x7f, 0xff, 0x80, 0x3f,
    0xff, 0xf8, 0x2f, 0xc0, 0x7f, 0xf, 0xd0, 0xf,
    0xc3, 0xff, 0xff, 0xf4, 0xff, 0xff, 0xfd, 0x3f,
    0x95, 0x55, 0xf, 0xe0, 0x0, 0x2, 0xfd, 0x1,
    0xc0, 0x3f, 0xff, 0xfc, 0x3, 0xff, 0xfd, 0x0,
    0x2f, 0xf8, 0x0,

    /* U+00EB "ë" */
    0xb, 0x80, 0xf4, 0x3, 0xf0, 0x7f, 0x0, 0xb8,
    0xf, 0x40, 0x0, 0x0, 0x0, 0x0, 0xbf, 0xd0,
    0x1, 0xff, 0xfe, 0x0, 0xff, 0xff, 0xe0, 0xbf,
    0x1, 0xfc, 0x3f, 0x40, 0x3f, 0xf, 0xff, 0xff,
    0xd3, 0xff, 0xff, 0xf4, 0xfe, 0x55, 0x54, 0x3f,
    0x80, 0x0, 0xb, 0xf4, 0x7, 0x0, 0xff, 0xff,
    0xf0, 0xf, 0xff, 0xf4, 0x0, 0xbf, 0xe0, 0x0,

    /* U+00EC "ì" */
    0x2f, 0xc0, 0x2f, 0x80, 0x3f, 0x40, 0x2a, 0x0,
    0x0, 0x7, 0xf0, 0x1f, 0xc0, 0x7f, 0x1, 0xfc,
    0x7, 0xf0, 0x1f, 0xc0, 0x7f, 0x1, 0xfc, 0x7,
    0xf0, 0x1f, 0xc0, 0x7f, 0x1, 0xfc, 0x7, 0xf0,

    /* U+00ED "í" */
    0x7, 0xf0, 0x3f, 0x42, 0xf4, 0xa, 0x40, 0x0,
    0x1, 0xfc, 0x7, 0xf0, 0x1f, 0xc0, 0x7f, 0x1,
    0xfc, 0x7, 0xf0, 0x1f, 0xc0, 0x7f, 0x1, 0xfc,
    0x7, 0xf0, 0x1f, 0xc0, 0x7f, 0x1, 0xfc, 0x0,

    /* U+00EE "î" */
    0x1, 0xfc, 0x0, 0x7f, 0xf0, 0x2f, 0x4b, 0xc1,
    0x40, 0x4, 0x0, 0x0, 0x0, 0x1f, 0xc0, 0x1,
    0xfc, 0x0, 0x1f, 0xc0, 0x1, 0xfc, 0x0, 0x1f,
    0xc0, 0x1, 0xfc, 0x0, 0x1f, 0xc0, 0x1, 0xfc,
    0x0, 0x1f, 0xc0, 0x1, 0xfc, 0x0, 0x1f, 0xc0,
    0x1, 0xfc, 0x0, 0x1f, 0xc0,

    /* U+00EF "ï" */
    0x2e, 0x3, 0xd3, 0xf0, 0x7e, 0x2e, 0x3, 0xd0,
    0x0, 0x0, 0x1, 0xfc, 0x0, 0x1f, 0xc0, 0x1,
    0xfc, 0x0, 0x1f, 0xc0, 0x1, 0xfc, 0x0, 0x1f,
    0xc0, 0x1, 0xfc, 0x0, 0x1f, 0xc0, 0x1, 0xfc,
    0x0, 0x1f, 0xc0, 0x1, 0xfc, 0x0, 0x1f, 0xc0,
    0x1, 0xfc, 0x0,

    /* U+00F0 "ð" */
    0x1, 0x90, 0x0, 0x0, 0xbf, 0x43, 0x0, 0x3f,
    0xff, 0xd0, 0x1, 0xff, 0xc0, 0x0, 0x2f, 0xfc,
    0x0, 0x2e, 0xbf, 0x40, 0x1, 0xb, 0xf0, 0x1,
    0xa5, 0xfd, 0x3, 0xff, 0xff, 0x83, 0xff, 0xff,
    0xf2, 0xfe, 0x7, 0xfc, 0xfe, 0x0, 0x7f, 0x3f,
    0x40, 0x1f, 0xcf, 0xd0, 0xb, 0xf3, 0xf8, 0x3,
    0xf8, 0xbf, 0x41, 0xfc, 0xf, 0xff, 0xfe, 0x0,
    0xff, 0xfe, 0x0, 0xb, 0xf9, 0x0,

    /* U+00F1 "ñ" */
    0x7, 0xe0, 0xf0, 0xf, 0xff, 0xf0, 0x2e, 0x2f,
    0xc0, 0x0, 0x0, 0x0, 0x0, 0x0, 0x0, 0xfd,
    0x2f, 0xd0, 0xff, 0xff, 0xf4, 0xff, 0xff, 0xfc,
    0xff, 0x2, 0xfc, 0xfe, 0x0, 0xfc, 0xfe, 0x0,
    0xfc, 0xfe, 0x0, 0xfc, 0xfe, 0x0, 0xfc, 0xfe,
    0x0, 0xfc, 0xfe, 0x0, 0xfc, 0xfe, 0x0, 0xfc,
    0xfe, 0x0, 0xfc, 0xfe, 0x0, 0xfc,

    /* U+00F2 "ò" */
    0x3, 0xf4, 0x0, 0x0, 0x7f, 0x0, 0x0, 0x7,
    0xe0, 0x0, 0x0, 0x68, 0x0, 0x0, 0x0, 0x0,
    0x0, 0x2f, 0xf4, 0x0, 0x7f, 0xff, 0xc0, 0x3f,
    0xff, 0xf8, 0x2f, 0xc0, 0xbf, 0xf, 0xd0, 0xf,
    0xe3, 0xf0, 0x2, 0xf8, 0xfc, 0x0, 0xbf, 0x3f,
    0x40, 0x2f, 0x8f, 0xd0, 0xf, 0xe2, 0xfc, 0xb,
    0xf0, 0x3f, 0xff, 0xf8, 0x7, 0xff, 0xfc, 0x0,
    0x2f, 0xf4, 0x0,

    /* U+00F3 "ó" */
    0x0, 0x3, 0xf8, 0x0, 0x2, 0xfc, 0x0, 0x0,
    0xfc, 0x0, 0x0, 0x68, 0x0, 0x0, 0x0, 0x0,
    0x0, 0x2f, 0xf4, 0x0, 0x7f, 0xff, 0xc0, 0x3f,
    0xff, 0xf8, 0x2f, 0xc0, 0xbf, 0xf, 0xd0, 0xf,
    0xe3, 0xf0, 0x2, 0xf8, 0xfc, 0x0, 0xbf, 0x3f,
    0x40, 0x2f, 0x8f, 0xd0, 0xf, 0xe2, 0xfc, 0xb,
    0xf0, 0x3f, 0xff, 0xf8, 0x7, 0xff, 0xfc, 0x0,
    0x2f, 0xf4, 0x0,

    /* U+00F4 "ô" */
    0x0, 0x2f, 0x40, 0x0, 0x3f, 0xf4, 0x0, 0x3f,
    0x1f, 0x40, 0x5, 0x0, 0x50, 0x0, 0x0, 0x0,
    0x0, 0x2f, 0xf4, 0x0, 0x7f, 0xff, 0xc0, 0x3f,
    0xff, 0xf8, 0x2f, 0xc0, 0xbf, 0xf, 0xd0, 0xf,
    0xe3, 0xf0, 0x2, 0xf8, 0xfc, 0x0, 0xbf, 0x3f,
    0x40, 0x2f, 0x8f, 0xd0, 0xf, 0xe2, 0xfc, 0xb,
    0xf0, 0x3f, 0xff, 0xf8, 0x7, 0xff, 0xfc, 0x0,
    0x2f, 0xf4, 0x0,

    /* U+00F5 "õ" */
    0x1, 0xf8, 0x3c, 0x0, 0xff, 0xff, 0x0, 0xb8,
    0x7f, 0x0, 0x0, 0x0, 0x0, 0x0, 0x0, 0x0,
    0x0, 0x2f, 0xf4, 0x0, 0x7f, 0xff, 0xc0, 0x3f,
    0xff, 0xf8, 0x2f, 0xc0, 0xbf, 0xf, 0xd0, 0xf,
    0xe3, 0xf0, 0x2, 0xf8, 0xfc, 0x0, 0xbf, 0x3f,
    0x40, 0x2f, 0x8f, 0xd0, 0xf, 0xe2, 0xfc, 0xb,
    0xf0, 0x3f, 0xff, 0xf8, 0x7, 0xff, 0xfc, 0x0,
    0x2f, 0xf4, 0x0,

    /* U+00F6 "ö" */
    0x7, 0xc0, 0xb8, 0x2, 0xf4, 0x3f, 0x0, 0x7c,
    0xb, 0x80, 0x0, 0x0, 0x0, 0x0, 0xbf, 0xd0,
    0x1, 0xff, 0xff, 0x0, 0xff, 0xff, 0xe0, 0xbf,
    0x2, 0xfc, 0x3f, 0x40, 0x3f, 0x8f, 0xc0, 0xb,
    0xe3, 0xf0, 0x2, 0xfc, 0xfd, 0x0, 0xbe, 0x3f,
    0x40, 0x3f, 0x8b, 0xf0, 0x2f, 0xc0, 0xff, 0xff,
    0xe0, 0x1f, 0xff, 0xf0, 0x0, 0xbf, 0xd0, 0x0,

    /* U+00F7 "÷" */
    0x0, 0x2f, 0x0, 0x0, 0xf, 0xe0, 0x0, 0x3,
    0xf8, 0x0, 0x0, 0x14, 0x0, 0x0, 0x0, 0x0,
    0x1f, 0xff, 0xff, 0xf7, 0xff, 0xff, 0xfc, 0xaa,
    0xaa, 0xaa, 0x0, 0x0, 0x0, 0x0, 0x2, 0x40,
    0x0, 0x3, 0xf4, 0x0, 0x0, 0xfe, 0x0, 0x0,
    0x2f, 0x0, 0x0,

    /* U+00F8 "ø" */
    0x0, 0x0, 0x9, 0x0, 0x0, 0xb, 0x0, 0xb,
    0xff, 0x80, 0x1f, 0xff, 0xf0, 0xf, 0xff, 0xfe,
    0xb, 0xf0, 0xbf, 0xc3, 0xf4, 0x3f, 0xf8, 0xfc,
    0x2d, 0xbe, 0x3f, 0xf, 0x2f, 0xcf, 0xcb, 0x4b,
    0xe3, 0xfb, 0xc3, 0xf8, 0xbf, 0xd2, 0xfc, 0xf,
    0xff, 0xfe, 0x1, 0xff, 0xff, 0x0, 0x3f, 0xfd,
    0x0, 0x2d, 0x0, 0x0, 0x5, 0x0, 0x0, 0x0,

    /* U+00F9 "ù" */
    0xf, 0xd0, 0x0, 0x7, 0xf0, 0x0, 0x1, 0xf8,
    0x0, 0x0, 0x68, 0x0, 0x0, 0x0, 0x0, 0xfe,
    0x0, 0xfc, 0xfe, 0x0, 0xfc, 0xfe, 0x0, 0xfc,
    0xfe, 0x0, 0xfc, 0xfe, 0x0, 0xfc, 0xfe, 0x0,
    0xfc, 0xfe, 0x0, 0xfc, 0xfe, 0x0, 0xfc, 0xfe,
    0x0, 0xfc, 0xbf, 0x2, 0xfc, 0x7f, 0xff, 0xfc,
    0x3f, 0xff, 0xfc, 0xb, 0xf8, 0xfc,

    /* U+00FA "ú" */
    0x0, 0xf, 0xe0, 0x0, 0x2f, 0x80, 0x0, 0x3f,
    0x0, 0x0, 0x68, 0x0, 0x0, 0x0, 0x0, 0xfe,
    0x0, 0xfc, 0xfe, 0x0, 0xfc, 0xfe, 0x0, 0xfc,
    0xfe, 0x0, 0xfc, 0xfe, 0x0, 0xfc, 0xfe, 0x0,
    0xfc, 0xfe, 0x0, 0xfc, 0xfe, 0x0, 0xfc, 0xfe,
    0x0, 0xfc, 0xbf, 0x2, 0xfc, 0x7f, 0xff, 0xfc,
    0x3f, 0xff, 0xfc, 0xb, 0xf8, 0xfc,

    /* U+00FB "û" */
    0x0, 0xfd, 0x0, 0x3, 0xff, 0x40, 0x1f, 0x87,
    0xd0, 0x0, 0x0, 0x0, 0x0, 0x0, 0x0, 0xfe,
    0x0, 0xfc, 0xfe, 0x0, 0xfc, 0xfe, 0x0, 0xfc,
    0xfe, 0x0, 0xfc, 0xfe, 0x0, 0xfc, 0xfe, 0x0,
    0xfc, 0xfe, 0x0, 0xfc, 0xfe, 0x0, 0xfc, 0xfe,
    0x0, 0xfc, 0xbf, 0x2, 0xfc, 0x7f, 0xff, 0xfc,
    0x3f, 0xff, 0xfc, 0xb, 0xf8, 0xfc,

    /* U+00FC "ü" */
    0x1f, 0x2, 0xe0, 0x2f, 0x43, 0xf0, 0x1f, 0x2,
    0xe0, 0x0, 0x0, 0x0, 0xfe, 0x0, 0xfc, 0xfe,
    0x0, 0xfc, 0xfe, 0x0, 0xfc, 0xfe, 0x0, 0xfc,
    0xfe, 0x0, 0xfc, 0xfe, 0x0, 0xfc, 0xfe, 0x0,
    0xfc, 0xfe, 0x0, 0xfc, 0xfe, 0x0, 0xfc, 0xbf,
    0x2, 0xfc, 0x7f, 0xff, 0xfc, 0x3f, 0xff, 0xfc,
    0xb, 0xf8, 0xfc,

    /* U+00FD "ý" */
    0x0, 0xb, 0xf0, 0x0, 0x3, 0xf0, 0x0, 0x3,
    0xf4, 0x0, 0x0, 0xa4, 0x0, 0x0, 0x0, 0x0,
    0x3f, 0xc0, 0x3f, 0xc7, 0xf0, 0xf, 0xd0, 0xfd,
    0x7, 0xf0, 0x3f, 0x82, 0xfc, 0x7, 0xf0, 0xfd,
    0x0, 0xfd, 0x7f, 0x0, 0x2f, 0xaf, 0xc0, 0x7,
    0xff, 0xd0, 0x0, 0xff, 0xf0, 0x0, 0x2f, 0xf8,
    0x0, 0x7, 0xfd, 0x0, 0x0, 0xff, 0x0, 0x0,
    0x2f, 0x80, 0x0, 0xf, 0xd0, 0x0, 0x7, 0xf0,
    0x0, 0x1f, 0xf8, 0x0, 0xb, 0xfc, 0x0, 0x2,
    0xf8, 0x0, 0x0,

    /* U+00FE "þ" */
    0xbe, 0x0, 0x0, 0xbe, 0x0, 0x0, 0xbe, 0x0,
    0x0, 0xbe, 0x0, 0x0, 0xbe, 0x0, 0x0, 0xbe,
    0x7f, 0x80, 0xbf, 0xff, 0xf0, 0xbf, 0xff, 0xfc,
    0xbf, 0x2, 0xfd, 0xbe, 0x0, 0xfe, 0xbe, 0x0,
    0xbe, 0xbe, 0x0, 0xbe, 0xbe, 0x0, 0xbe, 0xbe,
    0x0, 0xfe, 0xbf, 0x2, 0xfd, 0xbf, 0xff, 0xfc,
    0xbf, 0xff, 0xf0, 0xbe, 0x7f, 0x80, 0xbe, 0x0,
    0x0, 0xbe, 0x0, 0x0, 0xbe, 0x0, 0x0, 0xbe,
    0x0, 0x0, 0xbe, 0x0, 0x0,

    /* U+00FF "ÿ" */
    0xf, 0x41, 0xf0, 0x7, 0xf0, 0xbe, 0x0, 0xf4,
    0x1f, 0x0, 0x0, 0x0, 0x0, 0xff, 0x0, 0xff,
    0x1f, 0xc0, 0x3f, 0x43, 0xf4, 0x1f, 0xc0, 0xfe,
    0xb, 0xf0, 0x1f, 0xc3, 0xf4, 0x3, 0xf5, 0xfc,
    0x0, 0xbe, 0xbf, 0x0, 0x1f, 0xff, 0x40, 0x3,
    0xff, 0xc0, 0x0, 0xbf, 0xe0, 0x0, 0x1f, 0xf4,
    0x0, 0x3, 0xfc, 0x0, 0x0, 0xbe, 0x0, 0x0,
    0x3f, 0x40, 0x0, 0x1f, 0xc0, 0x0, 0x7f, 0xe0,
    0x0, 0x2f, 0xf0, 0x0, 0xb, 0xe0, 0x0, 0x0,

    /* U+0152 "Œ" */
    0x0, 0xbf, 0xff, 0xff, 0xff, 0xc1, 0xff, 0xff,
    0xff, 0xff, 0xf1, 0xff, 0xff, 0xff, 0xff, 0xfc,
    0xff, 0x0, 0x7f, 0x0, 0x0, 0x7f, 0x0, 0x1f,
    0xc0, 0x0, 0x2f, 0x80, 0x7, 0xf0, 0x0, 0xf,
    0xe0, 0x1, 0xfc, 0x0, 0x3, 0xf8, 0x0, 0x7f,
    0xff, 0xfc, 0xfe, 0x0, 0x1f, 0xff, 0xff, 0x3f,
    0x80, 0x7, 0xff, 0xff, 0x8f, 0xe0, 0x1, 0xfc,
    0x0, 0x2, 0xf8, 0x0, 0x7f, 0x0, 0x0, 0x7f,
    0x0, 0x1f, 0xc0, 0x0, 0xf, 0xe0, 0x7, 0xf0,
    0x0, 0x1, 0xff, 0xab, 0xff, 0xff, 0xfc, 0x1f,
    0xff, 0xff, 0xff, 0xff, 0x0, 0xbf, 0xff, 0xff,
    0xff, 0xc0,

    /* U+0153 "œ" */
    0x0, 0xbf, 0xd0, 0x2f, 0xe0, 0x0, 0xff, 0xff,
    0xbf, 0xff, 0x40, 0xff, 0xff, 0xff, 0xff, 0xf0,
    0x7f, 0x41, 0xff, 0xc0, 0xfd, 0x3f, 0x80, 0x3f,
    0xd0, 0x2f, 0x8f, 0xd0, 0xb, 0xff, 0xff, 0xe3,
    0xf4, 0x1, 0xff, 0xff, 0xfc, 0xfd, 0x0, 0xbf,
    0x55, 0x54, 0x3f, 0x80, 0x3f, 0xd0, 0x0, 0x7,
    0xf4, 0x1f, 0xfc, 0x0, 0x40, 0xff, 0xff, 0xff,
    0xff, 0xf0, 0xf, 0xff, 0xfb, 0xff, 0xfd, 0x0,
    0xbf, 0xd0, 0x2f, 0xf8, 0x0,

    /* U+2000 " " */

    /* U+2001 " " */

    /* U+2002 " " */

    /* U+2003 " " */

    /* U+2004 " " */

    /* U+2005 " " */

    /* U+2006 " " */

    /* U+2007 " " */

    /* U+2008 " " */

    /* U+2009 " " */

    /* U+200A " " */

    /* U+200B "​" */

    /* U+2010 "‐" */
    0xaa, 0xaa, 0xff, 0xfb, 0xff, 0xc0,

    /* U+2011 "‑" */
    0xaa, 0xaa, 0xff, 0xfb, 0xff, 0xc0,

    /* U+2013 "–" */
    0x3f, 0xff, 0xff, 0x8f, 0xff, 0xff, 0xf3, 0xff,
    0xff, 0xfc,

    /* U+2014 "—" */
    0xbf, 0xff, 0xff, 0xff, 0x6f, 0xff, 0xff, 0xff,
    0xdb, 0xff, 0xff, 0xff, 0xf4,

    /* U+2015 "―" */
    0xbf, 0xff, 0xff, 0xff, 0x6f, 0xff, 0xff, 0xff,
    0xdb, 0xff, 0xff, 0xff, 0xf4,

    /* U+2017 "‗" */
    0xaa, 0xaa, 0xa7, 0xff, 0xff, 0xef, 0xff, 0xff,
    0xaa, 0xaa, 0xa9, 0xff, 0xff, 0xfb, 0xff, 0xff,
    0xe0,

    /* U+2018 "‘" */
    0x0, 0x1d, 0x3e, 0x7c, 0xbc, 0xfc, 0xfc,

    /* U+2019 "’" */
    0x1f, 0x47, 0xd1, 0xf4, 0xbc, 0x3e, 0xf, 0x0,
    0x0,

    /* U+201A "‚" */
    0x1f, 0x87, 0xe1, 0xf4, 0x7c, 0x3e, 0xf, 0x0,
    0x0,

    /* U+201B "‛" */
    0x3e, 0xf, 0x83, 0xe0, 0xfc, 0x1f, 0x2, 0xc0,
    0x0,

    /* U+201C "“" */
    0x0, 0x0, 0x3, 0x83, 0x83, 0xe3, 0xe1, 0xf5,
    0xf4, 0xbc, 0xbc, 0x2f, 0x2f, 0xb, 0xcb, 0xc0,

    /* U+201D "”" */
    0xf, 0x8f, 0x83, 0xe3, 0xe0, 0xf4, 0xf8, 0x7c,
    0x7d, 0x3f, 0x2f, 0xb, 0xb, 0x0, 0x0, 0x0,

    /* U+201E "„" */
    0x1f, 0x9f, 0x87, 0xe7, 0xe1, 0xf5, 0xf8, 0x7d,
    0x7d, 0x2f, 0x2f, 0xf, 0x8f, 0x81, 0x81, 0x80,

    /* U+2020 "†" */
    0x0, 0x7f, 0x0, 0x0, 0x1f, 0xc0, 0x0, 0x7,
    0xf0, 0x0, 0x1, 0xfc, 0x0, 0x7f, 0xff, 0xff,
    0x5f, 0xff, 0xff, 0xd7, 0xff, 0xff, 0xf0, 0x1,
    0xfc, 0x0, 0x0, 0x7f, 0x0, 0x0, 0x1f, 0xc0,
    0x0, 0x7, 0xf0, 0x0, 0x1, 0xfc, 0x0, 0x0,
    0x7f, 0x0, 0x0, 0x1f, 0xc0, 0x0, 0x7, 0xf0,
    0x0, 0x1, 0xfc, 0x0, 0x0, 0x7f, 0x0, 0x0,

    /* U+2021 "‡" */
    0x0, 0xfe, 0x0, 0x0, 0xfe, 0x0, 0x0, 0xfe,
    0x0, 0x0, 0xfe, 0x0, 0xff, 0xff, 0xfe, 0xff,
    0xff, 0xfe, 0xbf, 0xff, 0xfe, 0x0, 0xfe, 0x0,
    0x0, 0xfe, 0x0, 0x0, 0xfe, 0x0, 0x0, 0xfe,
    0x0, 0x0, 0xfe, 0x0, 0x0, 0xfe, 0x0, 0x0,
    0xfe, 0x0, 0xbf, 0xff, 0xfe, 0xff, 0xff, 0xfe,
    0xff, 0xff, 0xfe, 0x0, 0xfe, 0x0, 0x0, 0xfe,
    0x0, 0x0, 0xfe, 0x0, 0x0, 0xfe, 0x0, 0x0,
    0xfe, 0x0,

    /* U+2022 "•" */
    0xb, 0x80, 0xff, 0xc7, 0xff, 0x1f, 0xfc, 0x3f,
    0xf0, 0x7f, 0x0,

    /* U+2025 "‥" */
    0x19, 0x2, 0x87, 0xf0, 0xbe, 0x7f, 0x4f, 0xf2,
    0xe0, 0x7d,

    /* U+2026 "…" */
    0x19, 0x2, 0x80, 0x64, 0x7f, 0xb, 0xe1, 0xfc,
    0x7f, 0x4f, 0xf1, 0xfd, 0x2e, 0x7, 0xd0, 0xb8,

    /* U+2027 "‧" */
    0xa8, 0xbd, 0xbd,

    /* U+2030 "‰" */
    0x1f, 0xe0, 0x0, 0x0, 0x0, 0x7, 0xff, 0x80,
    0x0, 0x0, 0x0, 0xf4, 0x7c, 0x7, 0x40, 0x0,
    0xf, 0x3, 0xd0, 0xf0, 0x0, 0x0, 0xf4, 0x7c,
    0x2e, 0x0, 0x0, 0x7, 0xff, 0xc3, 0xc0, 0x0,
    0x0, 0x1f, 0xe0, 0xf4, 0x0, 0x0, 0x0, 0x0,
    0x2e, 0x0, 0x0, 0x0, 0x0, 0x3, 0xc0, 0x0,
    0x0, 0x0, 0x0, 0xf4, 0xbf, 0x1f, 0xd0, 0x0,
    0x1e, 0x3f, 0xff, 0xff, 0x80, 0x3, 0xc7, 0xc2,
    0xf8, 0x7c, 0x0, 0xf4, 0x7c, 0x1f, 0x3, 0xc0,
    0x1f, 0x7, 0xc1, 0xf0, 0x3d, 0x3, 0xc0, 0x7c,
    0x2f, 0x87, 0xc0, 0x4, 0x3, 0xff, 0xff, 0xf8,
    0x0, 0x0, 0xb, 0xf1, 0xfd, 0x0,

    /* U+2032 "′" */
    0x7c, 0x7c, 0x7c, 0x7c, 0x7c, 0x7c, 0x24,

    /* U+2033 "″" */
    0x7c, 0x7d, 0xf1, 0xf7, 0xc7, 0xdf, 0x1e, 0x7c,
    0x79, 0xe1, 0xe1, 0x41, 0x0,

    /* U+2039 "‹" */
    0x1, 0x50, 0x3c, 0xf, 0x82, 0xf0, 0x7d, 0xb,
    0xc0, 0x3e, 0x0, 0xf0, 0xb, 0xc0, 0x3d,

    /* U+203A "›" */
    0x14, 0x0, 0xbc, 0x0, 0xf4, 0x1, 0xf0, 0x2,
    0xf0, 0x7, 0xd0, 0x3e, 0x2, 0xf0, 0xf, 0x0,
    0xf4, 0x0,

    /* U+203C "‼" */
    0x7f, 0x3, 0xf9, 0xfc, 0xf, 0xe7, 0xf0, 0x3f,
    0x9f, 0xc0, 0xfe, 0x7f, 0x3, 0xf9, 0xfc, 0xf,
    0xd3, 0xf0, 0x2f, 0x4f, 0xc0, 0xbd, 0x3f, 0x2,
    0xf4, 0xfc, 0xb, 0xd3, 0xf0, 0x2f, 0x4f, 0x80,
    0x7d, 0x0, 0x0, 0x0, 0x60, 0x2, 0x47, 0xf0,
    0x3f, 0x9f, 0xc0, 0xfe, 0x3e, 0x1, 0xf0,

    /* U+2044 "⁄" */
    0x0, 0x0, 0x40, 0x0, 0x3, 0xc0, 0x0, 0x2e,
    0x0, 0x0, 0xf0, 0x0, 0xf, 0x40, 0x0, 0x78,
    0x0, 0x3, 0xc0, 0x0, 0x2d, 0x0, 0x1, 0xf0,
    0x0, 0xf, 0x0, 0x0, 0xb8, 0x0, 0x3, 0xc0,
    0x0, 0x3d, 0x0, 0x1, 0xf0, 0x0, 0x1, 0x0,
    0x0, 0x0
};


/*---------------------
 *  GLYPH DESCRIPTION
 *--------------------*/

static const lv_font_fmt_txt_glyph_dsc_t glyph_dsc[] = {
    {.bitmap_index = 0, .adv_w = 0, .box_w = 0, .box_h = 0, .ofs_x = 0, .ofs_y = 0} /* id = 0 reserved */,
    {.bitmap_index = 0, .adv_w = 96, .box_w = 0, .box_h = 0, .ofs_x = 0, .ofs_y = 0},
    {.bitmap_index = 0, .adv_w = 104, .box_w = 5, .box_h = 17, .ofs_x = 1, .ofs_y = 0},
    {.bitmap_index = 22, .adv_w = 123, .box_w = 7, .box_h = 7, .ofs_x = 0, .ofs_y = 11},
    {.bitmap_index = 35, .adv_w = 229, .box_w = 14, .box_h = 17, .ofs_x = 0, .ofs_y = 0},
    {.bitmap_index = 95, .adv_w = 220, .box_w = 12, .box_h = 23, .ofs_x = 1, .ofs_y = -3},
    {.bitmap_index = 164, .adv_w = 284, .box_w = 16, .box_h = 17, .ofs_x = 1, .ofs_y = 0},
    {.bitmap_index = 232, .adv_w = 252, .box_w = 16, .box_h = 17, .ofs_x = 0, .ofs_y = 0},
    {.bitmap_index = 300, .adv_w = 62, .box_w = 4, .box_h = 7, .ofs_x = 0, .ofs_y = 11},
    {.bitmap_index = 307, .adv_w = 135, .box_w = 7, .box_h = 26, .ofs_x = 1, .ofs_y = -6},
    {.bitmap_index = 353, .adv_w = 135, .box_w = 8, .box_h = 26, .ofs_x = 0, .ofs_y = -6},
    {.bitmap_index = 405, .adv_w = 174, .box_w = 11, .box_h = 11, .ofs_x = 0, .ofs_y = 6},
    {.bitmap_index = 436, .adv_w = 210, .box_w = 13, .box_h = 13, .ofs_x = 0, .ofs_y = 2},
    {.bitmap_index = 479, .adv_w = 94, .box_w = 5, .box_h = 8, .ofs_x = 0, .ofs_y = -5},
    {.bitmap_index = 489, .adv_w = 149, .box_w = 7, .box_h = 3, .ofs_x = 1, .ofs_y = 6},
    {.bitmap_index = 495, .adv_w = 112, .box_w = 5, .box_h = 4, .ofs_x = 1, .ofs_y = 0},
    {.bitmap_index = 500, .adv_w = 143, .box_w = 10, .box_h = 19, .ofs_x = -1, .ofs_y = -2},
    {.bitmap_index = 548, .adv_w = 220, .box_w = 12, .box_h = 17, .ofs_x = 1, .ofs_y = 0},
    {.bitmap_index = 599, .adv_w = 220, .box_w = 9, .box_h = 17, .ofs_x = 1, .ofs_y = 0},
    {.bitmap_index = 638, .adv_w = 220, .box_w = 13, .box_h = 17, .ofs_x = 0, .ofs_y = 0},
    {.bitmap_index = 694, .adv_w = 220, .box_w = 13, .box_h = 17, .ofs_x = 0, .ofs_y = 0},
    {.bitmap_index = 750, .adv_w = 220, .box_w = 14, .box_h = 17, .ofs_x = 0, .ofs_y = 0},
    {.bitmap_index = 810, .adv_w = 220, .box_w = 12, .box_h = 17, .ofs_x = 1, .ofs_y = 0},
    {.bitmap_index = 861, .adv_w = 220, .box_w = 12, .box_h = 17, .ofs_x = 1, .ofs_y = 0},
    {.bitmap_index = 912, .adv_w = 220, .box_w = 13, .box_h = 17, .ofs_x = 0, .ofs_y = 0},
    {.bitmap_index = 968, .adv_w = 220, .box_w = 12, .box_h = 17, .ofs_x = 1, .ofs_y = 0},
    {.bitmap_index = 1019, .adv_w = 220, .box_w = 12, .box_h = 17, .ofs_x = 1, .ofs_y = 0},
    {.bitmap_index = 1070, .adv_w = 108, .box_w = 5, .box_h = 13, .ofs_x = 1, .ofs_y = 0},
    {.bitmap_index = 1087, .adv_w = 101, .box_w = 6, .box_h = 18, .ofs_x = 0, .ofs_y = -5},
    {.bitmap_index = 1114, .adv_w = 195, .box_w = 11, .box_h = 12, .ofs_x = 0, .ofs_y = 1},
    {.bitmap_index = 1147, .adv_w = 220, .box_w = 12, .box_h = 8, .ofs_x = 1, .ofs_y = 4},
    {.bitmap_index = 1171, .adv_w = 198, .box_w = 11, .box_h = 12, .ofs_x = 1, .ofs_y = 1},
    {.bitmap_index = 1204, .adv_w = 191, .box_w = 12, .box_h = 17, .ofs_x = 0, .ofs_y = 0},
    {.bitmap_index = 1255, .adv_w = 344, .box_w = 21, .box_h = 22, .ofs_x = 0, .ofs_y = -5},
    {.bitmap_index = 1371, .adv_w = 258, .box_w = 17, .box_h = 17, .ofs_x = 0, .ofs_y = 0},
    {.bitmap_index = 1444, .adv_w = 245, .box_w = 14, .box_h = 17, .ofs_x = 1, .ofs_y = 0},
    {.bitmap_index = 1504, .adv_w = 251, .box_w = 14, .box_h = 17, .ofs_x = 1, .ofs_y = 0},
    {.bitmap_index = 1564, .adv_w = 250, .box_w = 14, .box_h = 17, .ofs_x = 1, .ofs_y = 0},
    {.bitmap_index = 1624, .adv_w = 216, .box_w = 12, .box_h = 17, .ofs_x = 1, .ofs_y = 0},
    {.bitmap_index = 1675, .adv_w = 210, .box_w = 12, .box_h = 17, .ofs_x = 1, .ofs_y = 0},
    {.bitmap_index = 1726, .adv_w = 262, .box_w = 15, .box_h = 17, .ofs_x = 1, .ofs_y = 0},
    {.bitmap_index = 1790, .adv_w = 271, .box_w = 15, .box_h = 17, .ofs_x = 1, .ofs_y = 0},
    {.bitmap_index = 1854, .adv_w = 112, .box_w = 5, .box_h = 17, .ofs_x = 1, .ofs_y = 0},
    {.bitmap_index = 1876, .adv_w = 215, .box_w = 12, .box_h = 17, .ofs_x = 0, .ofs_y = 0},
    {.bitmap_index = 1927, .adv_w = 244, .box_w = 15, .box_h = 17, .ofs_x = 1, .ofs_y = 0},
    {.bitmap_index = 1991, .adv_w = 208, .box_w = 12, .box_h = 17, .ofs_x = 1, .ofs_y = 0},
    {.bitmap_index = 2042, .adv_w = 336, .box_w = 19, .box_h = 17, .ofs_x = 1, .ofs_y = 0},
    {.bitmap_index = 2123, .adv_w = 271, .box_w = 15, .box_h = 17, .ofs_x = 1, .ofs_y = 0},
    {.bitmap_index = 2187, .adv_w = 265, .box_w = 15, .box_h = 17, .ofs_x = 1, .ofs_y = 0},
    {.bitmap_index = 2251, .adv_w = 248, .box_w = 14, .box_h = 17, .ofs_x = 1, .ofs_y = 0},
    {.bitmap_index = 2311, .adv_w = 265, .box_w = 16, .box_h = 20, .ofs_x = 0, .ofs_y = -3},
    {.bitmap_index = 2391, .adv_w = 245, .box_w = 14, .box_h = 17, .ofs_x = 1, .ofs_y = 0},
    {.bitmap_index = 2451, .adv_w = 236, .box_w = 14, .box_h = 17, .ofs_x = 0, .ofs_y = 0},
    {.bitmap_index = 2511, .adv_w = 238, .box_w = 15, .box_h = 17, .ofs_x = 0, .ofs_y = 0},
    {.bitmap_index = 2575, .adv_w = 253, .box_w = 14, .box_h = 17, .ofs_x = 1, .ofs_y = 0},
    {.bitmap_index = 2635, .adv_w = 251, .box_w = 16, .box_h = 17, .ofs_x = 0, .ofs_y = 0},
    {.bitmap_index = 2703, .adv_w = 336, .box_w = 21, .box_h = 17, .ofs_x = 0, .ofs_y = 0},
    {.bitmap_index = 2793, .adv_w = 244, .box_w = 15, .box_h = 17, .ofs_x = 0, .ofs_y = 0},
    {.bitmap_index = 2857, .adv_w = 237, .box_w = 15, .box_h = 17, .ofs_x = 0, .ofs_y = 0},
    {.bitmap_index = 2921, .adv_w = 233, .box_w = 14, .box_h = 17, .ofs_x = 0, .ofs_y = 0},
    {.bitmap_index = 2981, .adv_w = 107, .box_w = 6, .box_h = 24, .ofs_x = 1, .ofs_y = -4},
    {.bitmap_index = 3017, .adv_w = 162, .box_w = 11, .box_h = 19, .ofs_x = 0, .ofs_y = -2},
    {.bitmap_index = 3070, .adv_w = 107, .box_w = 6, .box_h = 24, .ofs_x = 0, .ofs_y = -4},
    {.bitmap_index = 3106, .adv_w = 168, .box_w = 10, .box_h = 9, .ofs_x = 0, .ofs_y = 9},
    {.bitmap_index = 3129, .adv_w = 171, .box_w = 11, .box_h = 3, .ofs_x = 0, .ofs_y = -3},
    {.bitmap_index = 3138, .adv_w = 127, .box_w = 7, .box_h = 4, .ofs_x = 0, .ofs_y = 14},
    {.bitmap_index = 3145, .adv_w = 206, .box_w = 13, .box_h = 13, .ofs_x = 0, .ofs_y = 0},
    {.bitmap_index = 3188, .adv_w = 216, .box_w = 12, .box_h = 18, .ofs_x = 1, .ofs_y = 0},
    {.bitmap_index = 3242, .adv_w = 200, .box_w = 12, .box_h = 13, .ofs_x = 0, .ofs_y = 0},
    {.bitmap_index = 3281, .adv_w = 216, .box_w = 13, .box_h = 18, .ofs_x = 0, .ofs_y = 0},
    {.bitmap_index = 3340, .adv_w = 208, .box_w = 13, .box_h = 13, .ofs_x = 0, .ofs_y = 0},
    {.bitmap_index = 3383, .adv_w = 138, .box_w = 9, .box_h = 18, .ofs_x = 0, .ofs_y = 0},
    {.bitmap_index = 3424, .adv_w = 219, .box_w = 13, .box_h = 18, .ofs_x = 0, .ofs_y = -5},
    {.bitmap_index = 3483, .adv_w = 215, .box_w = 12, .box_h = 18, .ofs_x = 1, .ofs_y = 0},
    {.bitmap_index = 3537, .adv_w = 102, .box_w = 5, .box_h = 18, .ofs_x = 1, .ofs_y = 0},
    {.bitmap_index = 3560, .adv_w = 100, .box_w = 8, .box_h = 23, .ofs_x = -2, .ofs_y = -5},
    {.bitmap_index = 3606, .adv_w = 205, .box_w = 13, .box_h = 18, .ofs_x = 1, .ofs_y = 0},
    {.bitmap_index = 3665, .adv_w = 102, .box_w = 4, .box_h = 18, .ofs_x = 1, .ofs_y = 0},
    {.bitmap_index = 3683, .adv_w = 332, .box_w = 19, .box_h = 13, .ofs_x = 1, .ofs_y = 0},
    {.bitmap_index = 3745, .adv_w = 215, .box_w = 12, .box_h = 13, .ofs_x = 1, .ofs_y = 0},
    {.bitmap_index = 3784, .adv_w = 217, .box_w = 13, .box_h = 13, .ofs_x = 0, .ofs_y = 0},
    {.bitmap_index = 3827, .adv_w = 216, .box_w = 12, .box_h = 18, .ofs_x = 1, .ofs_y = -5},
    {.bitmap_index = 3881, .adv_w = 217, .box_w = 13, .box_h = 18, .ofs_x = 0, .ofs_y = -5},
    {.bitmap_index = 3940, .adv_w = 140, .box_w = 8, .box_h = 14, .ofs_x = 1, .ofs_y = 0},
    {.bitmap_index = 3968, .adv_w = 197, .box_w = 12, .box_h = 13, .ofs_x = 0, .ofs_y = 0},
    {.bitmap_index = 4007, .adv_w = 130, .box_w = 8, .box_h = 16, .ofs_x = 0, .ofs_y = 0},
    {.bitmap_index = 4039, .adv_w = 215, .box_w = 12, .box_h = 13, .ofs_x = 1, .ofs_y = 0},
    {.bitmap_index = 4078, .adv_w = 194, .box_w = 12, .box_h = 13, .ofs_x = 0, .ofs_y = 0},
    {.bitmap_index = 4117, .adv_w = 282, .box_w = 18, .box_h = 13, .ofs_x = 0, .ofs_y = 0},
    {.bitmap_index = 4176, .adv_w = 195, .box_w = 13, .box_h = 13, .ofs_x = 0, .ofs_y = 0},
    {.bitmap_index = 4219, .adv_w = 193, .box_w = 13, .box_h = 18, .ofs_x = 0, .ofs_y = -5},
    {.bitmap_index = 4278, .adv_w = 195, .box_w = 12, .box_h = 13, .ofs_x = 0, .ofs_y = 0},
    {.bitmap_index = 4317, .adv_w = 127, .box_w = 8, .box_h = 24, .ofs_x = 0, .ofs_y = -5},
    {.bitmap_index = 4365, .adv_w = 97, .box_w = 3, .box_h = 21, .ofs_x = 2, .ofs_y = -4},
    {.bitmap_index = 4381, .adv_w = 127, .box_w = 8, .box_h = 24, .ofs_x = 0, .ofs_y = -5},
    {.bitmap_index = 4429, .adv_w = 249, .box_w = 14, .box_h = 5, .ofs_x = 1, .ofs_y = 4},
    {.bitmap_index = 4447, .adv_w = 96, .box_w = 0, .box_h = 0, .ofs_x = 0, .ofs_y = 0},
    {.bitmap_index = 4447, .adv_w = 108, .box_w = 5, .box_h = 17, .ofs_x = 1, .ofs_y = -4},
    {.bitmap_index = 4469, .adv_w = 221, .box_w = 12, .box_h = 19, .ofs_x = 1, .ofs_y = -3},
    {.bitmap_index = 4526, .adv_w = 228, .box_w = 13, .box_h = 17, .ofs_x = 1, .ofs_y = 0},
    {.bitmap_index = 4582, .adv_w = 266, .box_w = 16, .box_h = 17, .ofs_x = 0, .ofs_y = -1},
    {.bitmap_index = 4650, .adv_w = 235, .box_w = 15, .box_h = 17, .ofs_x = 0, .ofs_y = 0},
    {.bitmap_index = 4714, .adv_w = 97, .box_w = 4, .box_h = 21, .ofs_x = 1, .ofs_y = -4},
    {.bitmap_index = 4735, .adv_w = 241, .box_w = 13, .box_h = 22, .ofs_x = 1, .ofs_y = -5},
    {.bitmap_index = 4807, .adv_w = 179, .box_w = 10, .box_h = 3, .ofs_x = 1, .ofs_y = 15},
    {.bitmap_index = 4815, .adv_w = 301, .box_w = 17, .box_h = 19, .ofs_x = 1, .ofs_y = -1},
    {.bitmap_index = 4896, .adv_w = 170, .box_w = 9, .box_h = 9, .ofs_x = 1, .ofs_y = 8},
    {.bitmap_index = 4917, .adv_w = 192, .box_w = 11, .box_h = 10, .ofs_x = 0, .ofs_y = 1},
    {.bitmap_index = 4945, .adv_w = 212, .box_w = 11, .box_h = 6, .ofs_x = 1, .ofs_y = 4},
    {.bitmap_index = 4962, .adv_w = 149, .box_w = 7, .box_h = 3, .ofs_x = 1, .ofs_y = 6},
    {.bitmap_index = 4968, .adv_w = 301, .box_w = 17, .box_h = 19, .ofs_x = 1, .ofs_y = -1},
    {.bitmap_index = 5049, .adv_w = 192, .box_w = 10, .box_h = 2, .ofs_x = 1, .ofs_y = 15},
    {.bitmap_index = 5054, .adv_w = 149, .box_w = 7, .box_h = 7, .ofs_x = 1, .ofs_y = 11},
    {.bitmap_index = 5067, .adv_w = 206, .box_w = 11, .box_h = 16, .ofs_x = 1, .ofs_y = 0},
    {.bitmap_index = 5111, .adv_w = 143, .box_w = 9, .box_h = 9, .ofs_x = 0, .ofs_y = 8},
    {.bitmap_index = 5132, .adv_w = 143, .box_w = 9, .box_h = 9, .ofs_x = 0, .ofs_y = 8},
    {.bitmap_index = 5153, .adv_w = 127, .box_w = 7, .box_h = 4, .ofs_x = 1, .ofs_y = 14},
    {.bitmap_index = 5160, .adv_w = 236, .box_w = 12, .box_h = 18, .ofs_x = 1, .ofs_y = -5},
    {.bitmap_index = 5214, .adv_w = 188, .box_w = 11, .box_h = 17, .ofs_x = 0, .ofs_y = 0},
    {.bitmap_index = 5261, .adv_w = 116, .box_w = 5, .box_h = 4, .ofs_x = 1, .ofs_y = 6},
    {.bitmap_index = 5266, .adv_w = 103, .box_w = 5, .box_h = 6, .ofs_x = 1, .ofs_y = -5},
    {.bitmap_index = 5274, .adv_w = 143, .box_w = 6, .box_h = 10, .ofs_x = 1, .ofs_y = 8},
    {.bitmap_index = 5289, .adv_w = 176, .box_w = 9, .box_h = 9, .ofs_x = 1, .ofs_y = 8},
    {.bitmap_index = 5310, .adv_w = 192, .box_w = 11, .box_h = 10, .ofs_x = 1, .ofs_y = 1},
    {.bitmap_index = 5338, .adv_w = 276, .box_w = 16, .box_h = 18, .ofs_x = 1, .ofs_y = 0},
    {.bitmap_index = 5410, .adv_w = 292, .box_w = 18, .box_h = 17, .ofs_x = 0, .ofs_y = 0},
    {.bitmap_index = 5487, .adv_w = 310, .box_w = 18, .box_h = 17, .ofs_x = 1, .ofs_y = 0},
    {.bitmap_index = 5564, .adv_w = 191, .box_w = 12, .box_h = 18, .ofs_x = 0, .ofs_y = -5},
    {.bitmap_index = 5618, .adv_w = 258, .box_w = 17, .box_h = 22, .ofs_x = 0, .ofs_y = 0},
    {.bitmap_index = 5712, .adv_w = 258, .box_w = 17, .box_h = 22, .ofs_x = 0, .ofs_y = 0},
    {.bitmap_index = 5806, .adv_w = 258, .box_w = 17, .box_h = 22, .ofs_x = 0, .ofs_y = 0},
    {.bitmap_index = 5900, .adv_w = 258, .box_w = 17, .box_h = 22, .ofs_x = 0, .ofs_y = 0},
    {.bitmap_index = 5994, .adv_w = 258, .box_w = 17, .box_h = 21, .ofs_x = 0, .ofs_y = 0},
    {.bitmap_index = 6084, .adv_w = 258, .box_w = 17, .box_h = 23, .ofs_x = 0, .ofs_y = 0},
    {.bitmap_index = 6182, .adv_w = 361, .box_w = 22, .box_h = 17, .ofs_x = 0, .ofs_y = 0},
    {.bitmap_index = 6276, .adv_w = 251, .box_w = 14, .box_h = 22, .ofs_x = 1, .ofs_y = -5},
    {.bitmap_index = 6353, .adv_w = 216, .box_w = 12, .box_h = 22, .ofs_x = 1, .ofs_y = 0},
    {.bitmap_index = 6419, .adv_w = 216, .box_w = 12, .box_h = 22, .ofs_x = 1, .ofs_y = 0},
    {.bitmap_index = 6485, .adv_w = 216, .box_w = 12, .box_h = 22, .ofs_x = 1, .ofs_y = 0},
    {.bitmap_index = 6551, .adv_w = 216, .box_w = 12, .box_h = 21, .ofs_x = 1, .ofs_y = 0},
    {.bitmap_index = 6614, .adv_w = 112, .box_w = 7, .box_h = 22, .ofs_x = -1, .ofs_y = 0},
    {.bitmap_index = 6653, .adv_w = 112, .box_w = 7, .box_h = 22, .ofs_x = 1, .ofs_y = 0},
    {.bitmap_index = 6692, .adv_w = 112, .box_w = 9, .box_h = 22, .ofs_x = -1, .ofs_y = 0},
    {.bitmap_index = 6742, .adv_w = 112, .box_w = 9, .box_h = 21, .ofs_x = -1, .ofs_y = 0},
    {.bitmap_index = 6790, .adv_w = 255, .box_w = 16, .box_h = 17, .ofs_x = -1, .ofs_y = 0},
    {.bitmap_index = 6858, .adv_w = 271, .box_w = 15, .box_h = 22, .ofs_x = 1, .ofs_y = 0},
    {.bitmap_index = 6941, .adv_w = 265, .box_w = 15, .box_h = 22, .ofs_x = 1, .ofs_y = 0},
    {.bitmap_index = 7024, .adv_w = 265, .box_w = 15, .box_h = 22, .ofs_x = 1, .ofs_y = 0},
    {.bitmap_index = 7107, .adv_w = 265, .box_w = 15, .box_h = 22, .ofs_x = 1, .ofs_y = 0},
    {.bitmap_index = 7190, .adv_w = 265, .box_w = 15, .box_h = 22, .ofs_x = 1, .ofs_y = 0},
    {.bitmap_index = 7273, .adv_w = 265, .box_w = 15, .box_h = 21, .ofs_x = 1, .ofs_y = 0},
    {.bitmap_index = 7352, .adv_w = 204, .box_w = 12, .box_h = 12, .ofs_x = 0, .ofs_y = 2},
    {.bitmap_index = 7388, .adv_w = 265, .box_w = 15, .box_h = 19, .ofs_x = 1, .ofs_y = -1},
    {.bitmap_index = 7460, .adv_w = 253, .box_w = 14, .box_h = 22, .ofs_x = 1, .ofs_y = 0},
    {.bitmap_index = 7537, .adv_w = 253, .box_w = 14, .box_h = 22, .ofs_x = 1, .ofs_y = 0},
    {.bitmap_index = 7614, .adv_w = 253, .box_w = 14, .box_h = 22, .ofs_x = 1, .ofs_y = 0},
    {.bitmap_index = 7691, .adv_w = 253, .box_w = 14, .box_h = 21, .ofs_x = 1, .ofs_y = 0},
    {.bitmap_index = 7765, .adv_w = 237, .box_w = 15, .box_h = 22, .ofs_x = 0, .ofs_y = 0},
    {.bitmap_index = 7848, .adv_w = 234, .box_w = 13, .box_h = 17, .ofs_x = 1, .ofs_y = 0},
    {.bitmap_index = 7904, .adv_w = 242, .box_w = 14, .box_h = 18, .ofs_x = 1, .ofs_y = 0},
    {.bitmap_index = 7967, .adv_w = 206, .box_w = 13, .box_h = 18, .ofs_x = 0, .ofs_y = 0},
    {.bitmap_index = 8026, .adv_w = 206, .box_w = 13, .box_h = 18, .ofs_x = 0, .ofs_y = 0},
    {.bitmap_index = 8085, .adv_w = 206, .box_w = 13, .box_h = 18, .ofs_x = 0, .ofs_y = 0},
    {.bitmap_index = 8144, .adv_w = 206, .box_w = 13, .box_h = 18, .ofs_x = 0, .ofs_y = 0},
    {.bitmap_index = 8203, .adv_w = 206, .box_w = 13, .box_h = 17, .ofs_x = 0, .ofs_y = 0},
    {.bitmap_index = 8259, .adv_w = 206, .box_w = 13, .box_h = 19, .ofs_x = 0, .ofs_y = 0},
    {.bitmap_index = 8321, .adv_w = 324, .box_w = 20, .box_h = 13, .ofs_x = 0, .ofs_y = 0},
    {.bitmap_index = 8386, .adv_w = 200, .box_w = 12, .box_h = 18, .ofs_x = 0, .ofs_y = -5},
    {.bitmap_index = 8440, .adv_w = 208, .box_w = 13, .box_h = 18, .ofs_x = 0, .ofs_y = 0},
    {.bitmap_index = 8499, .adv_w = 208, .box_w = 13, .box_h = 18, .ofs_x = 0, .ofs_y = 0},
    {.bitmap_index = 8558, .adv_w = 208, .box_w = 13, .box_h = 18, .ofs_x = 0, .ofs_y = 0},
    {.bitmap_index = 8617, .adv_w = 208, .box_w = 13, .box_h = 17, .ofs_x = 0, .ofs_y = 0},
    {.bitmap_index = 8673, .adv_w = 105, .box_w = 7, .box_h = 18, .ofs_x = -2, .ofs_y = 0},
    {.bitmap_index = 8705, .adv_w = 105, .box_w = 7, .box_h = 18, .ofs_x = 1, .ofs_y = 0},
    {.bitmap_index = 8737, .adv_w = 105, .box_w = 10, .box_h = 18, .ofs_x = -2, .ofs_y = 0},
    {.bitmap_index = 8782, .adv_w = 105, .box_w = 10, .box_h = 17, .ofs_x = -2, .ofs_y = 0},
    {.bitmap_index = 8825, .adv_w = 221, .box_w = 13, .box_h = 19, .ofs_x = 0, .ofs_y = 0},
    {.bitmap_index = 8887, .adv_w = 215, .box_w = 12, .box_h = 18, .ofs_x = 1, .ofs_y = 0},
    {.bitmap_index = 8941, .adv_w = 217, .box_w = 13, .box_h = 18, .ofs_x = 0, .ofs_y = 0},
    {.bitmap_index = 9000, .adv_w = 217, .box_w = 13, .box_h = 18, .ofs_x = 0, .ofs_y = 0},
    {.bitmap_index = 9059, .adv_w = 217, .box_w = 13, .box_h = 18, .ofs_x = 0, .ofs_y = 0},
    {.bitmap_index = 9118, .adv_w = 217, .box_w = 13, .box_h = 18, .ofs_x = 0, .ofs_y = 0},
    {.bitmap_index = 9177, .adv_w = 217, .box_w = 13, .box_h = 17, .ofs_x = 0, .ofs_y = 0},
    {.bitmap_index = 9233, .adv_w = 219, .box_w = 13, .box_h = 13, .ofs_x = 0, .ofs_y = 2},
    {.bitmap_index = 9276, .adv_w = 217, .box_w = 13, .box_h = 17, .ofs_x = 0, .ofs_y = -2},
    {.bitmap_index = 9332, .adv_w = 215, .box_w = 12, .box_h = 18, .ofs_x = 1, .ofs_y = 0},
    {.bitmap_index = 9386, .adv_w = 215, .box_w = 12, .box_h = 18, .ofs_x = 1, .ofs_y = 0},
    {.bitmap_index = 9440, .adv_w = 215, .box_w = 12, .box_h = 18, .ofs_x = 1, .ofs_y = 0},
    {.bitmap_index = 9494, .adv_w = 215, .box_w = 12, .box_h = 17, .ofs_x = 1, .ofs_y = 0},
    {.bitmap_index = 9545, .adv_w = 193, .box_w = 13, .box_h = 23, .ofs_x = 0, .ofs_y = -5},
    {.bitmap_index = 9620, .adv_w = 218, .box_w = 12, .box_h = 23, .ofs_x = 1, .ofs_y = -5},
    {.bitmap_index = 9689, .adv_w = 193, .box_w = 13, .box_h = 22, .ofs_x = 0, .ofs_y = -5},
    {.bitmap_index = 9761, .adv_w = 372, .box_w = 21, .box_h = 17, .ofs_x = 1, .ofs_y = 0},
    {.bitmap_index = 9851, .adv_w = 346, .box_w = 21, .box_h = 13, .ofs_x = 0, .ofs_y = 0},
    {.bitmap_index = 9920, .adv_w = 196, .box_w = 0, .box_h = 0, .ofs_x = 0, .ofs_y = 0},
    {.bitmap_index = 9920, .adv_w = 392, .box_w = 0, .box_h = 0, .ofs_x = 0, .ofs_y = 0},
    {.bitmap_index = 9920, .adv_w = 196, .box_w = 0, .box_h = 0, .ofs_x = 0, .ofs_y = 0},
    {.bitmap_index = 9920, .adv_w = 392, .box_w = 0, .box_h = 0, .ofs_x = 0, .ofs_y = 0},
    {.bitmap_index = 9920, .adv_w = 131, .box_w = 0, .box_h = 0, .ofs_x = 0, .ofs_y = 0},
    {.bitmap_index = 9920, .adv_w = 98, .box_w = 0, .box_h = 0, .ofs_x = 0, .ofs_y = 0},
    {.bitmap_index = 9920, .adv_w = 65, .box_w = 0, .box_h = 0, .ofs_x = 0, .ofs_y = 0},
    {.bitmap_index = 9920, .adv_w = 216, .box_w = 0, .box_h = 0, .ofs_x = 0, .ofs_y = 0},
    {.bitmap_index = 9920, .adv_w = 105, .box_w = 0, .box_h = 0, .ofs_x = 0, .ofs_y = 0},
    {.bitmap_index = 9920, .adv_w = 78, .box_w = 0, .box_h = 0, .ofs_x = 0, .ofs_y = 0},
    {.bitmap_index = 9920, .adv_w = 39, .box_w = 0, .box_h = 0, .ofs_x = 0, .ofs_y = 0},
    {.bitmap_index = 9920, .adv_w = 0, .box_w = 0, .box_h = 0, .ofs_x = 0, .ofs_y = 0},
    {.bitmap_index = 9920, .adv_w = 149, .box_w = 7, .box_h = 3, .ofs_x = 1, .ofs_y = 6},
    {.bitmap_index = 9926, .adv_w = 149, .box_w = 7, .box_h = 3, .ofs_x = 1, .ofs_y = 6},
    {.bitmap_index = 9932, .adv_w = 243, .box_w = 13, .box_h = 3, .ofs_x = 1, .ofs_y = 7},
    {.bitmap_index = 9942, .adv_w = 293, .box_w = 17, .box_h = 3, .ofs_x = 1, .ofs_y = 7},
    {.bitmap_index = 9955, .adv_w = 293, .box_w = 17, .box_h = 3, .ofs_x = 1, .ofs_y = 7},
    {.bitmap_index = 9968, .adv_w = 171, .box_w = 11, .box_h = 6, .ofs_x = 0, .ofs_y = -6},
    {.bitmap_index = 9985, .adv_w = 90, .box_w = 4, .box_h = 7, .ofs_x = 1, .ofs_y = 12},
    {.bitmap_index = 9992, .adv_w = 88, .box_w = 5, .box_h = 7, .ofs_x = 0, .ofs_y = 11},
    {.bitmap_index = 10001, .adv_w = 95, .box_w = 5, .box_h = 7, .ofs_x = 0, .ofs_y = -4},
    {.bitmap_index = 10010, .adv_w = 80, .box_w = 5, .box_h = 7, .ofs_x = 0, .ofs_y = 11},
    {.bitmap_index = 10019, .adv_w = 156, .box_w = 9, .box_h = 7, .ofs_x = 1, .ofs_y = 12},
    {.bitmap_index = 10035, .adv_w = 157, .box_w = 9, .box_h = 7, .ofs_x = 0, .ofs_y = 11},
    {.bitmap_index = 10051, .adv_w = 155, .box_w = 9, .box_h = 7, .ofs_x = 0, .ofs_y = -4},
    {.bitmap_index = 10067, .adv_w = 207, .box_w = 13, .box_h = 17, .ofs_x = 0, .ofs_y = 0},
    {.bitmap_index = 10123, .adv_w = 222, .box_w = 12, .box_h = 22, .ofs_x = 1, .ofs_y = -5},
    {.bitmap_index = 10189, .adv_w = 138, .box_w = 7, .box_h = 6, .ofs_x = 1, .ofs_y = 6},
    {.bitmap_index = 10200, .adv_w = 200, .box_w = 10, .box_h = 4, .ofs_x = 1, .ofs_y = 0},
    {.bitmap_index = 10210, .adv_w = 284, .box_w = 16, .box_h = 4, .ofs_x = 1, .ofs_y = 0},
    {.bitmap_index = 10226, .adv_w = 91, .box_w = 4, .box_h = 3, .ofs_x = 1, .ofs_y = 6},
    {.bitmap_index = 10229, .adv_w = 368, .box_w = 22, .box_h = 17, .ofs_x = 1, .ofs_y = 0},
    {.bitmap_index = 10323, .adv_w = 62, .box_w = 4, .box_h = 7, .ofs_x = 0, .ofs_y = 11},
    {.bitmap_index = 10330, .adv_w = 123, .box_w = 7, .box_h = 7, .ofs_x = 0, .ofs_y = 11},
    {.bitmap_index = 10343, .adv_w = 120, .box_w = 6, .box_h = 10, .ofs_x = 1, .ofs_y = 1},
    {.bitmap_index = 10358, .adv_w = 116, .box_w = 7, .box_h = 10, .ofs_x = 0, .ofs_y = 1},
    {.bitmap_index = 10376, .adv_w = 209, .box_w = 11, .box_h = 17, .ofs_x = 1, .ofs_y = 0},
    {.bitmap_index = 10423, .adv_w = 171, .box_w = 11, .box_h = 15, .ofs_x = 0, .ofs_y = 1}
};

/*---------------------
 *  CHARACTER MAPPING
 *--------------------*/

static const uint16_t unicode_list_2[] = {
    0x0, 0x1, 0x1eae, 0x1eaf, 0x1eb0, 0x1eb1, 0x1eb2, 0x1eb3,
    0x1eb4, 0x1eb5, 0x1eb6, 0x1eb7, 0x1eb8, 0x1eb9, 0x1ebe, 0x1ebf,
    0x1ec1, 0x1ec2, 0x1ec3, 0x1ec5, 0x1ec6, 0x1ec7, 0x1ec8, 0x1ec9,
    0x1eca, 0x1ecb, 0x1ecc, 0x1ece, 0x1ecf, 0x1ed0, 0x1ed3, 0x1ed4,
    0x1ed5, 0x1ede, 0x1ee0, 0x1ee1, 0x1ee7, 0x1ee8, 0x1eea, 0x1ef2
};

/*Collect the unicode lists and glyph_id offsets*/
static const lv_font_fmt_txt_cmap_t cmaps[] =
{
    {
        .range_start = 32, .range_length = 95, .glyph_id_start = 1,
        .unicode_list = NULL, .glyph_id_ofs_list = NULL, .list_length = 0, .type = LV_FONT_FMT_TXT_CMAP_FORMAT0_TINY
    },
    {
        .range_start = 160, .range_length = 96, .glyph_id_start = 96,
        .unicode_list = NULL, .glyph_id_ofs_list = NULL, .list_length = 0, .type = LV_FONT_FMT_TXT_CMAP_FORMAT0_TINY
    },
    {
        .range_start = 338, .range_length = 7923, .glyph_id_start = 192,
        .unicode_list = unicode_list_2, .glyph_id_ofs_list = NULL, .list_length = 40, .type = LV_FONT_FMT_TXT_CMAP_SPARSE_TINY
    }
};

/*-----------------
 *    KERNING
 *----------------*/


/*Map glyph_ids to kern left classes*/
static const uint8_t kern_left_class_mapping[] =
{
    0, 1, 0, 2, 0, 0, 0, 0,
    2, 3, 0, 0, 0, 4, 0, 4,
    5, 0, 0, 0, 0, 0, 0, 0,
    0, 0, 0, 0, 0, 0, 0, 0,
    0, 0, 6, 7, 8, 9, 10, 11,
    0, 12, 12, 13, 14, 15, 12, 12,
    9, 16, 17, 18, 0, 19, 13, 20,
    21, 22, 23, 24, 25, 0, 0, 0,
    0, 0, 26, 27, 28, 0, 29, 30,
    0, 31, 0, 0, 32, 0, 33, 33,
    34, 27, 0, 35, 0, 36, 0, 37,
    38, 39, 37, 40, 41, 0, 0, 0,
    0, 0, 0, 0, 0, 0, 0, 0,
    0, 0, 0, 0, 0, 0, 0, 0,
    0, 0, 0, 0, 0, 0, 0, 0,
    0, 0, 0, 0, 0, 0, 0, 0,
    6, 6, 6, 6, 6, 6, 0, 8,
    10, 10, 10, 10, 12, 12, 12, 12,
    9, 12, 9, 9, 9, 9, 9, 0,
    0, 13, 13, 13, 13, 23, 0, 0,
    26, 26, 26, 26, 26, 26, 0, 28,
    29, 29, 29, 29, 0, 0, 0, 0,
    0, 33, 34, 34, 34, 34, 34, 0,
    0, 0, 0, 0, 0, 37, 27, 37,
    0, 0, 0, 0, 0, 0, 0, 0,
    0, 0, 0, 0, 0, 0, 0, 0,
    0, 0, 0, 0, 2, 42, 4, 2,
    2, 2, 4, 0, 0, 0, 4, 4,
    0, 0, 2, 2, 0, 0, 0, 0
};

/*Map glyph_ids to kern right classes*/
static const uint8_t kern_right_class_mapping[] =
{
    0, 1, 0, 2, 0, 0, 0, 3,
    2, 0, 4, 5, 0, 6, 7, 6,
    8, 0, 0, 0, 0, 0, 0, 0,
    0, 0, 0, 0, 0, 0, 0, 0,
    9, 0, 10, 0, 11, 0, 0, 0,
    11, 0, 0, 12, 0, 0, 0, 0,
    11, 0, 11, 0, 13, 14, 15, 16,
    17, 18, 19, 20, 0, 0, 21, 0,
    0, 0, 22, 0, 23, 23, 23, 24,
    23, 0, 0, 0, 0, 0, 25, 25,
    26, 25, 23, 27, 28, 29, 30, 31,
    32, 33, 31, 34, 0, 0, 35, 0,
    0, 0, 0, 0, 0, 0, 0, 0,
    0, 0, 0, 36, 0, 7, 0, 0,
    0, 0, 0, 0, 0, 0, 0, 0,
    0, 0, 0, 37, 0, 0, 0, 0,
    10, 10, 10, 10, 10, 10, 38, 11,
    0, 0, 0, 0, 0, 0, 0, 0,
    0, 0, 11, 11, 11, 11, 11, 0,
    11, 15, 15, 15, 15, 19, 0, 0,
    22, 22, 22, 22, 22, 22, 39, 23,
    23, 23, 23, 23, 0, 0, 0, 0,
    0, 25, 26, 26, 26, 26, 26, 0,
    40, 30, 30, 30, 30, 31, 0, 31,
    11, 23, 0, 0, 0, 0, 0, 0,
    0, 0, 0, 0, 0, 0, 0, 0,
    7, 7, 7, 0, 2, 41, 6, 2,
    2, 2, 6, 0, 0, 42, 6, 6,
    0, 0, 2, 2, 0, 0, 0, 0
};

/*Kern values between classes*/
static const int8_t kern_class_values[] =
{
    0, 0, 0, 0, 0, 0, 0, 0,
    0, 0, 0, 0, 0, -11, 0, 0,
    0, 0, 0, 0, 0, 0, 0, 0,
    0, 0, 0, 0, 0, 0, 0, 0,
    0, 0, 0, 0, 0, 0, 0, 0,
    0, 0, 0, -7, 0, 0, 0, 0,
    0, 0, 0, -22, 0, 0, 0, 0,
    0, 0, 0, 0, 0, 0, 0, -9,
    -11, 0, -4, -17, 0, -17, 0, 0,
    0, 2, 0, 0, 0, 0, 0, 0,
    0, 0, -7, 0, 0, 0, 0, 0,
    0, 0, 0, 0, 0, 0, 0, 0,
    0, 0, 0, 4, 7, 0, 4, 0,
    0, 0, 0, 0, 0, 0, 0, 0,
    0, 0, 0, 0, 0, 0, 0, 0,
    0, 0, 0, 0, 0, 0, 0, -53,
    0, 0, 0, 0, 0, 0, 0, 0,
    0, 0, 0, 0, 0, 0, 0, 0,
    0, 0, 0, 0, 0, 0, 0, 0,
    0, 0, 0, 0, 0, 0, 0, 0,
    0, 0, 0, 0, 0, 0, -53, 0,
    0, 0, 0, 0, 0, 0, 0, -46,
    0, 0, 0, 0, 0, 0, 0, 0,
    0, 0, 0, 0, 0, 0, 0, 0,
    0, 0, 0, 0, 0, 0, 0, 0,
    0, 0, 0, 0, 0, 0, 0, 0,
    0, 0, 0, -22, 0, 0, 0, 0,
    0, 0, -15, 0, -4, 0, 0, -22,
    -3, -14, -7, 0, -28, 0, 0, 0,
    0, 0, -9, -2, 0, 0, -3, -2,
    -9, -6, 0, 2, 0, 0, 0, 0,
    0, 0, -22, 0, 0, 0, 0, 0,
    0, 0, 0, 0, 0, 0, 0, 0,
    0, -5, 0, -4, 0, 0, -10, 0,
    0, 0, 0, 0, 0, 0, 0, 0,
    0, 0, 0, 0, 0, 0, 0, 0,
    0, 0, 0, 0, 0, 0, 0, 0,
    0, -5, 0, 0, 0, 0, 0, 0,
    0, 0, 0, -5, 0, 0, 0, 0,
    0, 0, -2, 0, 0, 0, 0, 0,
    0, 0, 0, 0, 0, 0, 0, 0,
    -3, 0, 0, 0, 0, 0, 0, 0,
    0, 0, 0, 0, 0, -23, 0, 0,
    0, -4, 0, 0, 0, -16, 0, -4,
    0, -4, -8, -4, 0, 0, 0, 0,
    0, 0, 0, 0, 0, 0, 0, 0,
    0, 0, 0, 0, 0, -6, 0, 0,
    0, 0, 0, 0, 0, 0, 0, 0,
    0, 0, 0, 0, 0, 0, 0, 4,
    0, 0, 0, 0, 0, 0, 0, 0,
    -4, -3, 0, -4, 0, 0, 0, -3,
    -5, -4, 0, 0, 0, 0, 0, 0,
    0, 0, 0, 0, 0, 0, 0, 0,
    0, -51, 0, 0, 0, -36, 0, -39,
    0, 4, 0, 0, 0, 0, 0, 0,
    0, -6, -4, 0, 0, -4, -5, 0,
    0, -4, -4, 0, 0, 0, 0, 0,
    0, 0, 0, 0, 0, 0, 0, 0,
    0, 0, 0, 0, 0, 0, 0, 3,
    0, 0, 0, -5, 0, 0, 0, 3,
    -5, 0, 0, 0, 0, 0, 0, 0,
    0, 0, 0, 0, 0, 0, 0, 0,
    0, 0, 0, 0, 0, 0, 0, 0,
    0, 0, 0, 0, 0, 0, 0, 0,
    0, -4, 0, 0, 0, 0, 0, 0,
    0, 0, 0, 0, 0, 0, 0, 0,
    0, 0, 0, 0, 0, 0, 0, 0,
    0, 0, 0, 0, 0, 0, 0, 0,
    0, 0, 0, 0, 0, 0, 0, 0,
    -31, 0, 0, 0, -6, 0, 0, 0,
    0, 0, 0, 0, 0, 0, 0, 0,
    -5, 0, 0, -5, 0, 0, 0, -4,
    -7, -12, 0, 0, 0, 0, 0, 0,
    0, 0, 0, 0, 0, -54, 0, 0,
    0, 0, 0, 0, 0, 4, -12, 0,
    0, -38, -4, -39, -17, 0, -52, 0,
    0, 0, 0, 0, 0, 0, 0, 0,
    0, -3, -23, -10, 0, 0, 0, 0,
    0, 0, 0, 0, -54, 0, 0, 0,
    0, 0, 0, -76, 0, 0, 0, -33,
    0, -34, 0, 0, 0, 0, 0, -10,
    0, -7, 0, -2, -2, 0, 0, -2,
    0, 0, 3, 0, 3, 0, 0, 0,
    0, 0, 0, -56, 0, 0, 0, 0,
    0, 0, 0, 0, 0, 0, 0, 0,
    0, 0, 0, 0, 0, -6, 0, -5,
    -4, 0, -7, 0, 0, 0, 0, 0,
    0, 0, 0, 0, 0, 0, 0, 0,
    0, 0, 0, 0, 0, 0, 0, 0,
    0, 0, 0, 0, 0, 0, 0, 0,
    0, 0, 0, 0, 0, 0, 0, -9,
    0, -4, 0, 0, -9, 0, 0, 0,
    0, 0, 0, 0, 0, 0, 0, 0,
    0, 0, 0, 0, 0, 0, 0, 0,
    0, 0, 0, 0, -11, 0, 0, 0,
    0, -48, -51, 0, 0, -22, -5, -40,
    -3, 3, 0, 3, 3, 0, 3, 0,
    0, -31, -17, 0, -17, -39, -12, -14,
    0, -12, -15, -9, -14, -11, 0, -28,
    -27, -35, -16, -18, 0, 0, 0, 0,
    0, 4, 0, -40, -29, 0, 0, -14,
    -2, 0, 0, 0, 0, 0, 0, 0,
    0, 0, 3, -9, -8, 0, 0, -9,
    -6, 0, 0, -5, -2, 0, 0, 0,
    4, 0, 0, 0, 0, 0, 0, 0,
    0, 0, 0, 3, 0, -27, -11, 0,
    0, -8, 0, 0, 0, 3, 0, 0,
    0, 0, 0, 0, 2, -6, -6, 0,
    0, -6, -4, 0, 0, -4, 0, 0,
    0, 0, 3, 0, 0, 0, 0, 0,
    0, 0, 0, 0, 0, 0, 0, 0,
    -29, 0, 0, 0, -5, 0, 0, 0,
    0, 3, 0, 0, 0, 0, 0, 0,
    -5, 0, 0, -4, 0, 0, 0, -4,
    -6, 0, 0, 0, 0, 0, 0, 0,
    0, 0, 0, 0, 0, 0, -6, 4,
    -9, -43, -28, 0, 0, -28, -5, -18,
    -3, 3, -18, 3, 3, 2, 3, 0,
    3, -12, -12, -4, -7, -12, -7, -11,
    -4, -7, -4, 0, -4, -6, 4, -15,
    -10, -18, -12, -12, 0, -8, 0, 0,
    0, 0, 0, 0, 0, 0, 0, 2,
    -5, 0, 0, 0, 0, 0, 0, 0,
    0, 0, 0, 0, -4, 0, 0, -4,
    0, 0, 0, -4, -5, -5, 0, 0,
    0, 0, 0, 0, 0, 0, 0, 0,
    0, 0, 0, 0, 0, 0, 0, 0,
    0, 0, 0, -3, 0, 0, -3, 0,
    0, 0, 0, 0, 0, 0, 0, 0,
    0, 0, 0, 0, 0, 0, 0, 0,
    0, 0, 0, 0, 0, 0, 0, 0,
    0, 0, 0, -3, 0, 0, 0, 0,
    0, 0, 0, 0, 0, 0, 0, 0,
    0, 0, 0, 0, 0, 0, 0, 0,
    0, 0, 0, 0, 0, 0, 0, 0,
    -3, 0, 0, 0, 0, 0, 0, 0,
    0, 0, -3, 0, 0, -5, 0, 0,
    0, 0, 0, 0, 0, 0, 0, 0,
    0, 0, 0, 0, 0, 0, 0, 0,
    0, 0, 0, 0, 0, 0, 0, 0,
    0, 0, -2, 0, -3, -3, 0, 0,
    0, 0, 0, 0, -5, 0, 0, -2,
    0, 0, 0, 0, 0, 0, 0, 0,
    0, 0, 0, 0, 0, 0, 0, 0,
    0, 0, 0, 0, 0, 0, 0, 0,
    0, 0, 0, 0, 0, 0, 0, 0,
    0, 0, 0, 0, 0, 0, -2, 0,
    0, -3, 0, 0, 0, 0, 0, 0,
    0, 0, 0, 0, 0, 0, 0, 0,
    0, 0, 0, 0, 0, 0, 0, 0,
    0, 0, 0, 0, 0, 0, -2, 0,
    0, 0, 0, 0, 0, 0, 0, 0,
    -12, 0, 0, 3, 0, 4, 0, 0,
    0, 0, 0, 0, 0, 0, 0, 0,
    0, 0, 0, 0, 0, 0, 3, 0,
    -4, 0, 0, 0, 0, 0, 0, 0,
    0, 0, 0, 0, 4, 0, 0, 0,
    0, 0, 3, 0, 0, -15, 0, 0,
    0, 0, 0, 0, 0, 0, 0, 0,
    0, 0, 0, 0, 0, 0, 0, 0,
    0, 0, 0, 0, 0, 0, 0, 0,
    0, 0, 0, 0, 0, 0, 0, 0,
    0, 0, 0, 0, -19, 0, 0, 0,
    0, 0, 0, 0, 0, 0, 0, 0,
    0, 0, 0, 0, 0, 0, 0, 0,
    0, 0, 0, 0, -4, 0, 0, 0,
    0, 0, 0, 0, 0, 0, 0, 0,
    0, 0, 0, 0, 0, 0, 0, 0,
    0, -15, 0, 0, 0, 0, 0, 0,
    0, 0, 0, 0, 0, 0, 0, 0,
    0, 0, 0, 0, 0, 0, 0, 0,
    0, 0, 0, 0, 0, 0, 0, 0,
    0, 0, 0, 0, 0, 0, 0, 0,
    -22, 0, 0, -16, 0, 0, 0, 0,
    0, 0, 0, 0, 0, 0, 0, 0,
    0, 0, 0, 0, 0, 0, 0, 0,
    0, 0, 0, 0, 0, 0, 0, 0,
    -3, 0, -4, -3, 0, 0, 0, 0,
    0, 0, -21, 0, 0, 3, 0, 0,
    0, -32, 0, 0, 0, 0, 0, 0,
    0, 0, 0, 0, 0, 0, 0, 0,
    0, -6, -4, 4, 0, -7, 0, 0,
    9, 0, 3, 3, 0, 0, 0, 0,
    0, 0, 0, 0, 3, 0, 0, 0,
    0, 0, 0, 0, 0, 0, 0, 0,
    0, 0, 0, 0, 0, 0, 0, 0,
    0, 0, 0, 0, 0, 0, 0, -6,
    0, 0, 0, 0, 0, 0, 0, 0,
    0, 0, 0, 0, 0, 0, 5, 0,
    0, 3, 0, 0, 0, -31, 0, 0,
    0, 0, 0, 0, 0, 0, 0, 0,
    0, 0, 0, 0, 0, -3, -2, 2,
    0, -3, 0, 0, 0, 0, 0, 0,
    0, 0, 0, 0, 0, 0, 0, 0,
    3, 0, 0, 0, 0, 0, 0, -23,
    0, 0, 0, 0, 0, 0, 0, 0,
    0, 0, 0, 0, 0, 0, 0, 0,
    0, 0, 0, 0, 0, 0, 0, 0,
    0, 0, 0, 0, 0, 0, 0, 0,
    0, 0, 0, 0, 0, 0, 0, 0,
    0, 0, 0, 0, 0, 0, 0, 0,
    0, 0, 0, 0, 0, 0, 0, 0,
    0, 0, -4, 0, 0, -7, 0, 0,
    0, 0, 0, 0, 0, 0, 0, 0,
    0, 0, 0, 0, 0, 0, 0, 0,
    0, 0, 0, 0, 0, 0, 0, 0,
    0, 0, 0, 0, 0, 0, 0, 0,
    0, 0, 0, 0, -3, 0, 0, -3,
    0, 0, 0, 0, 0, 0, 0, 0,
    0, 0, 0, 0, 0, 0, 0, 0,
    0, 0, 0, 0, 0, 0, 0, 0,
    0, 0, 0, -4, 0, 0, -4, 0,
    0, 0, 0, 0, 0, 0, 0, 0,
    0, 0, 0, 0, 0, 0, 0, 0,
    0, 0, 0, 0, 0, 0, 0, 0,
    0, 0, 0, -7, 0, 0, 0, 0,
    0, 0, 0, -22, 0, 0, 0, 0,
    0, 0, 0, 0, 0, 0, 0, -9,
    -19, 0, -4, -27, 0, -43, 0, 0,
    0, 2, 0, 0, 0, 0, 0, 0,
    0, 0, -7, 0
};


/*Collect the kern class' data in one place*/
static const lv_font_fmt_txt_kern_classes_t kern_classes =
{
    .class_pair_values   = kern_class_values,
    .left_class_mapping  = kern_left_class_mapping,
    .right_class_mapping = kern_right_class_mapping,
    .left_class_cnt      = 42,
    .right_class_cnt     = 42,
};

/*--------------------
 *  ALL CUSTOM DATA
 *--------------------*/

#if LVGL_VERSION_MAJOR == 8
/*Store all the custom data of the font*/
static  lv_font_fmt_txt_glyph_cache_t cache;
#endif

#if LVGL_VERSION_MAJOR >= 8
static const lv_font_fmt_txt_dsc_t font_dsc = {
#else
static lv_font_fmt_txt_dsc_t font_dsc = {
#endif
    .glyph_bitmap = glyph_bitmap,
    .glyph_dsc = glyph_dsc,
    .cmaps = cmaps,
    .kern_dsc = &kern_classes,
    .kern_scale = 16,
    .cmap_num = 3,
    .bpp = 2,
    .kern_classes = 1,
    .bitmap_format = 0,
#if LVGL_VERSION_MAJOR == 8
    .cache = &cache
#endif
};



/*-----------------
 *  PUBLIC FONT
 *----------------*/

/*Initialize a public general font descriptor*/
#if LVGL_VERSION_MAJOR >= 8
const lv_font_t aurora_font_24 = {
#else
lv_font_t aurora_font_24 = {
#endif
    .get_glyph_dsc = lv_font_get_glyph_dsc_fmt_txt,    /*Function pointer to get glyph's data*/
    .get_glyph_bitmap = lv_font_get_bitmap_fmt_txt,    /*Function pointer to get glyph's bitmap*/
    .line_height = 29,          /*The maximum line height required by the font*/
    .base_line = 6,             /*Baseline measured from the bottom of the line*/
#if !(LVGL_VERSION_MAJOR == 6 && LVGL_VERSION_MINOR == 0)
    .subpx = LV_FONT_SUBPX_NONE,
#endif
#if LV_VERSION_CHECK(7, 4, 0) || LVGL_VERSION_MAJOR >= 8
    .underline_position = -2,
    .underline_thickness = 1,
#endif
    .dsc = &font_dsc,          /*The custom font data. Will be accessed by `get_glyph_bitmap/dsc` */
#if LV_VERSION_CHECK(8, 2, 0) || LVGL_VERSION_MAJOR >= 9
    .fallback = NULL,
#endif
    .user_data = NULL,
};



#endif /*#if AURORA_FONT_24*/
