/*******************************************************************************
 * Size: 30 px
 * Bpp: 2
 * Opts: --size 30 --bpp 2 --format lvgl --no-compress --font C:\Windows\Fonts\Roboto_Bold.ttf -r 0x20-0xFF,0x152-0x153,0x2000-0x206F -o targets/waveshare_p4/main/assets/aurora_font_30.c --lv-font-name aurora_font_30 --lv-include lvgl.h
 ******************************************************************************/

#ifdef LV_LVGL_H_INCLUDE_SIMPLE
#include "lvgl.h"
#else
#include "lvgl.h"
#endif

#ifndef AURORA_FONT_30
#define AURORA_FONT_30 1
#endif

#if AURORA_FONT_30

/*-----------------
 *    BITMAPS
 *----------------*/

/*Store the image of the glyphs*/
static LV_ATTRIBUTE_LARGE_CONST const uint8_t glyph_bitmap[] = {
    /* U+0020 " " */

    /* U+0021 "!" */
    0x3f, 0xd3, 0xfd, 0x3f, 0xd3, 0xfd, 0x3f, 0xd3,
    0xfc, 0x3f, 0xc3, 0xfc, 0x3f, 0xc3, 0xfc, 0x2f,
    0xc2, 0xfc, 0x2f, 0xc2, 0xfc, 0x1a, 0x80, 0x0,
    0x5, 0x2, 0xfc, 0x3f, 0xd3, 0xfd, 0x1f, 0x80,

    /* U+0022 "\"" */
    0x3f, 0x1f, 0x8f, 0xc7, 0xe3, 0xf1, 0xf8, 0xf8,
    0x7e, 0x3e, 0x1f, 0x4f, 0x87, 0xd3, 0xd1, 0xf0,
    0xf4, 0x7c,

    /* U+0023 "#" */
    0x0, 0x3, 0xe0, 0xbc, 0x0, 0x0, 0x7d, 0xf,
    0xc0, 0x0, 0x7, 0xc0, 0xf8, 0x0, 0x0, 0xbc,
    0xf, 0x80, 0x0, 0xf, 0xc1, 0xf4, 0x0, 0x0,
    0xf8, 0x2f, 0x0, 0xf, 0xff, 0xff, 0xff, 0xd0,
    0xff, 0xff, 0xff, 0xfd, 0xa, 0xbf, 0xab, 0xfa,
    0x80, 0x2, 0xf0, 0x3d, 0x0, 0x0, 0x3e, 0x7,
    0xd0, 0x0, 0x3, 0xe0, 0xbc, 0x0, 0x2a, 0xbe,
    0xaf, 0xea, 0x3, 0xff, 0xff, 0xff, 0xf0, 0x3f,
    0xff, 0xff, 0xff, 0x0, 0xf, 0xc1, 0xf4, 0x0,
    0x0, 0xf8, 0x1f, 0x0, 0x0, 0xf, 0x42, 0xf0,
    0x0, 0x1, 0xf4, 0x3f, 0x0, 0x0, 0x2f, 0x3,
    0xe0, 0x0, 0x2, 0xf0, 0x3d, 0x0, 0x0,

    /* U+0024 "$" */
    0x0, 0x1, 0x40, 0x0, 0x0, 0xf, 0x40, 0x0,
    0x0, 0x3d, 0x0, 0x0, 0x1, 0xf4, 0x0, 0x0,
    0xbf, 0xfe, 0x0, 0x1f, 0xff, 0xff, 0x0, 0xff,
    0xff, 0xff, 0xb, 0xfd, 0xb, 0xfd, 0x3f, 0xe0,
    0xf, 0xf8, 0xff, 0x40, 0x2f, 0xe3, 0xfe, 0x0,
    0x15, 0x4b, 0xfd, 0x0, 0x0, 0xf, 0xff, 0x40,
    0x0, 0x1f, 0xff, 0xd0, 0x0, 0xf, 0xff, 0xf4,
    0x0, 0x6, 0xff, 0xf4, 0x0, 0x0, 0xbf, 0xf0,
    0x0, 0x0, 0x3f, 0xe6, 0xa4, 0x0, 0xbf, 0xaf,
    0xf0, 0x1, 0xff, 0x7f, 0xc0, 0xb, 0xf8, 0xff,
    0xd1, 0xbf, 0xd1, 0xff, 0xff, 0xff, 0x1, 0xff,
    0xff, 0xf0, 0x0, 0xbf, 0xfd, 0x0, 0x0, 0x1f,
    0x0, 0x0, 0x0, 0x7c, 0x0, 0x0, 0x1, 0xf0,
    0x0,

    /* U+0025 "%" */
    0x7, 0xfd, 0x0, 0x0, 0x0, 0x2f, 0xff, 0x80,
    0x0, 0x0, 0x7f, 0xaf, 0xd0, 0x8, 0x0, 0xbd,
    0x7, 0xe0, 0x2f, 0x0, 0xbc, 0x3, 0xe0, 0x7d,
    0x0, 0xbd, 0x7, 0xe0, 0xfc, 0x0, 0x7f, 0xaf,
    0xd2, 0xf0, 0x0, 0x2f, 0xff, 0x87, 0xd0, 0x0,
    0x7, 0xfd, 0xf, 0xc0, 0x0, 0x0, 0x0, 0x2f,
    0x0, 0x0, 0x0, 0x0, 0x3e, 0x0, 0x0, 0x0,
    0x0, 0xfc, 0x2f, 0xe0, 0x0, 0x2, 0xf1, 0xff,
    0xfc, 0x0, 0x3, 0xe3, 0xfa, 0xfd, 0x0, 0xf,
    0xc7, 0xe0, 0x3e, 0x0, 0x2f, 0x7, 0xd0, 0x3f,
    0x0, 0x3e, 0x7, 0xd0, 0x3f, 0x0, 0xfc, 0x7,
    0xe0, 0x3f, 0x0, 0x74, 0x3, 0xf9, 0xfd, 0x0,
    0x0, 0x1, 0xff, 0xfc, 0x0, 0x0, 0x0, 0x6f,
    0xe0,

    /* U+0026 "&" */
    0x0, 0x2f, 0xe4, 0x0, 0x0, 0xb, 0xff, 0xf8,
    0x0, 0x0, 0x7f, 0xff, 0xf8, 0x0, 0x3, 0xff,
    0x6f, 0xf0, 0x0, 0xf, 0xf0, 0x2f, 0xc0, 0x0,
    0x3f, 0x80, 0x7f, 0x0, 0x0, 0xff, 0x3, 0xf8,
    0x0, 0x2, 0xfe, 0x7f, 0xc0, 0x0, 0x3, 0xff,
    0xfc, 0x0, 0x0, 0x7, 0xff, 0x80, 0x0, 0x0,
    0x3f, 0xfd, 0x0, 0x54, 0x3, 0xff, 0xfc, 0xb,
    0xf0, 0x3f, 0xef, 0xfc, 0x3f, 0xc2, 0xfe, 0xf,
    0xfc, 0xfe, 0xf, 0xf4, 0xf, 0xff, 0xf4, 0x3f,
    0xd0, 0xf, 0xff, 0xc0, 0xff, 0xc0, 0xf, 0xfd,
    0x1, 0xff, 0xd6, 0xff, 0xf8, 0x3, 0xff, 0xff,
    0xff, 0xf4, 0x3, 0xff, 0xff, 0xff, 0xf0, 0x1,
    0xbf, 0xe4, 0x3f, 0xf0,

    /* U+0027 "'" */
    0x3f, 0xf, 0xc3, 0xf0, 0xfc, 0x3f, 0xf, 0xc3,
    0xe0, 0xf8,

    /* U+0028 "(" */
    0x0, 0x0, 0x0, 0x1, 0xd0, 0x2, 0xfc, 0x1,
    0xfc, 0x0, 0xfd, 0x0, 0xbe, 0x0, 0x7f, 0x0,
    0x2f, 0x80, 0xf, 0xd0, 0x7, 0xf0, 0x2, 0xfc,
    0x0, 0xfe, 0x0, 0x3f, 0x80, 0xf, 0xd0, 0x3,
    0xf4, 0x0, 0xfd, 0x0, 0x3f, 0x40, 0xf, 0xd0,
    0x3, 0xf8, 0x0, 0xfe, 0x0, 0x2f, 0xc0, 0x7,
    0xf0, 0x0, 0xfd, 0x0, 0x2f, 0x80, 0x7, 0xf0,
    0x0, 0xfe, 0x0, 0xf, 0xc0, 0x2, 0xfc, 0x0,
    0x2f, 0xc0, 0x2, 0xe0, 0x0, 0x10,

    /* U+0029 ")" */
    0x0, 0x0, 0xf, 0x0, 0x7, 0xf0, 0x0, 0xbf,
    0x0, 0xf, 0xe0, 0x0, 0xfd, 0x0, 0x2f, 0xc0,
    0x3, 0xf4, 0x0, 0xfe, 0x0, 0x2f, 0xc0, 0x7,
    0xf4, 0x0, 0xfe, 0x0, 0x3f, 0x80, 0xf, 0xf0,
    0x3, 0xfc, 0x0, 0xff, 0x0, 0x3f, 0xc0, 0xf,
    0xf0, 0x3, 0xf8, 0x0, 0xfe, 0x0, 0x7f, 0x40,
    0x2f, 0xc0, 0xf, 0xf0, 0x3, 0xf4, 0x2, 0xfc,
    0x0, 0xfd, 0x0, 0xbf, 0x0, 0x7f, 0x0, 0x7f,
    0x40, 0xf, 0x40, 0x1, 0x0, 0x0,

    /* U+002A "*" */
    0x0, 0x1f, 0x40, 0x0, 0x1, 0xf4, 0x0, 0x0,
    0x1f, 0x0, 0x2, 0x41, 0xf0, 0x4, 0x3f, 0x5f,
    0x1f, 0xc7, 0xff, 0xff, 0xfc, 0x7, 0xff, 0xfe,
    0x40, 0x7, 0xfc, 0x0, 0x0, 0xff, 0xe0, 0x0,
    0x3f, 0x2f, 0x40, 0xb, 0xe0, 0xfd, 0x0, 0xbc,
    0x7, 0xd0, 0x1, 0x40, 0x20, 0x0,

    /* U+002B "+" */
    0x0, 0x5, 0x50, 0x0, 0x0, 0xf, 0xf0, 0x0,
    0x0, 0xf, 0xf0, 0x0, 0x0, 0xf, 0xf0, 0x0,
    0x0, 0xf, 0xf0, 0x0, 0x0, 0xf, 0xf0, 0x0,
    0x3f, 0xff, 0xff, 0xfd, 0x3f, 0xff, 0xff, 0xfd,
    0x3f, 0xff, 0xff, 0xfd, 0x3f, 0xff, 0xff, 0xfd,
    0x0, 0xf, 0xf0, 0x0, 0x0, 0xf, 0xf0, 0x0,
    0x0, 0xf, 0xf0, 0x0, 0x0, 0xf, 0xf0, 0x0,
    0x0, 0xf, 0xf0, 0x0, 0x0, 0xf, 0xf0, 0x0,

    /* U+002C "," */
    0xf, 0xe0, 0xfe, 0xf, 0xe0, 0xfe, 0xf, 0xd1,
    0xfc, 0x3f, 0x87, 0xf0, 0x8, 0x0,

    /* U+002D "-" */
    0x15, 0x55, 0x5f, 0xff, 0xf7, 0xff, 0xfd, 0xff,
    0xff,

    /* U+002E "." */
    0x5, 0x2, 0xfc, 0x3f, 0xe3, 0xfd, 0x1f, 0x80,

    /* U+002F "/" */
    0x0, 0x0, 0xbe, 0x0, 0x0, 0xfd, 0x0, 0x0,
    0xfc, 0x0, 0x2, 0xf8, 0x0, 0x3, 0xf4, 0x0,
    0x3, 0xf0, 0x0, 0xb, 0xe0, 0x0, 0xf, 0xc0,
    0x0, 0xf, 0xc0, 0x0, 0x2f, 0x80, 0x0, 0x3f,
    0x0, 0x0, 0x7f, 0x0, 0x0, 0xbe, 0x0, 0x0,
    0xfc, 0x0, 0x1, 0xfc, 0x0, 0x2, 0xf8, 0x0,
    0x3, 0xf0, 0x0, 0x7, 0xf0, 0x0, 0xb, 0xd0,
    0x0, 0xf, 0xc0, 0x0, 0x1f, 0xc0, 0x0, 0x2f,
    0x40, 0x0, 0x3f, 0x0, 0x0,

    /* U+0030 "0" */
    0x0, 0x6f, 0xf4, 0x0, 0xf, 0xff, 0xfc, 0x0,
    0xff, 0xff, 0xfc, 0xb, 0xfe, 0x6f, 0xf8, 0x3f,
    0xd0, 0xf, 0xf1, 0xff, 0x0, 0x3f, 0xd7, 0xf8,
    0x0, 0xbf, 0xaf, 0xe0, 0x1, 0xfe, 0xbf, 0x80,
    0x7, 0xfe, 0xfe, 0x0, 0x1f, 0xfb, 0xf8, 0x0,
    0x7f, 0xef, 0xe0, 0x1, 0xff, 0xbf, 0x80, 0x7,
    0xfe, 0xfe, 0x0, 0x1f, 0xe7, 0xf8, 0x0, 0xbf,
    0x8f, 0xf0, 0x3, 0xfd, 0x3f, 0xd0, 0xf, 0xf0,
    0xbf, 0xe6, 0xff, 0x80, 0xff, 0xff, 0xfc, 0x0,
    0xff, 0xff, 0xc0, 0x0, 0x6f, 0xf4, 0x0,

    /* U+0031 "1" */
    0x0, 0x1, 0xa0, 0x6, 0xfe, 0x1b, 0xff, 0xeb,
    0xff, 0xfe, 0xbf, 0xff, 0xeb, 0xe6, 0xfe, 0x0,
    0x2f, 0xe0, 0x2, 0xfe, 0x0, 0x2f, 0xe0, 0x2,
    0xfe, 0x0, 0x2f, 0xe0, 0x2, 0xfe, 0x0, 0x2f,
    0xe0, 0x2, 0xfe, 0x0, 0x2f, 0xe0, 0x2, 0xfe,
    0x0, 0x2f, 0xe0, 0x2, 0xfe, 0x0, 0x2f, 0xe0,
    0x2, 0xfe, 0x0, 0x2f, 0xe0,

    /* U+0032 "2" */
    0x0, 0x7f, 0xf8, 0x0, 0x7, 0xff, 0xff, 0x40,
    0x1f, 0xff, 0xff, 0xd0, 0x3f, 0xf9, 0xbf, 0xf0,
    0xbf, 0xc0, 0x1f, 0xf0, 0xff, 0x80, 0xf, 0xf4,
    0xff, 0x40, 0xf, 0xf4, 0x0, 0x0, 0xf, 0xf0,
    0x0, 0x0, 0x2f, 0xe0, 0x0, 0x0, 0x7f, 0xc0,
    0x0, 0x0, 0xff, 0x80, 0x0, 0x3, 0xff, 0x0,
    0x0, 0xf, 0xfc, 0x0, 0x0, 0x3f, 0xf0, 0x0,
    0x0, 0xff, 0xc0, 0x0, 0x3, 0xff, 0x0, 0x0,
    0xf, 0xfc, 0x0, 0x0, 0x3f, 0xf9, 0x55, 0x54,
    0xbf, 0xff, 0xff, 0xfc, 0xbf, 0xff, 0xff, 0xfc,
    0xbf, 0xff, 0xff, 0xfc,

    /* U+0033 "3" */
    0x0, 0x2f, 0xfe, 0x0, 0x2, 0xff, 0xff, 0xd0,
    0xf, 0xff, 0xff, 0xf4, 0x1f, 0xfd, 0x6f, 0xfc,
    0x2f, 0xe0, 0x3, 0xfd, 0x15, 0x40, 0x3, 0xfd,
    0x0, 0x0, 0x3, 0xfc, 0x0, 0x0, 0xf, 0xf8,
    0x0, 0x1f, 0xff, 0xf0, 0x0, 0x1f, 0xff, 0x80,
    0x0, 0x1f, 0xff, 0xe0, 0x0, 0x5, 0x6f, 0xfc,
    0x0, 0x0, 0x3, 0xfd, 0x0, 0x0, 0x2, 0xfe,
    0x0, 0x0, 0x2, 0xfe, 0x3f, 0xd0, 0x2, 0xfe,
    0x3f, 0xf0, 0x3, 0xfd, 0x1f, 0xfe, 0x6f, 0xfc,
    0xf, 0xff, 0xff, 0xf4, 0x2, 0xff, 0xff, 0xd0,
    0x0, 0x2f, 0xf9, 0x0,

    /* U+0034 "4" */
    0x0, 0x0, 0x2f, 0xf0, 0x0, 0x0, 0x1f, 0xfc,
    0x0, 0x0, 0xf, 0xff, 0x0, 0x0, 0xb, 0xff,
    0xc0, 0x0, 0x3, 0xff, 0xf0, 0x0, 0x3, 0xff,
    0xfc, 0x0, 0x1, 0xfd, 0xff, 0x0, 0x0, 0xfe,
    0x7f, 0xc0, 0x0, 0xff, 0x1f, 0xf0, 0x0, 0x7f,
    0x47, 0xfc, 0x0, 0x3f, 0x81, 0xff, 0x0, 0x2f,
    0xc0, 0x7f, 0xc0, 0x1f, 0xd0, 0x1f, 0xf0, 0xf,
    0xff, 0xff, 0xff, 0xd3, 0xff, 0xff, 0xff, 0xf4,
    0xff, 0xff, 0xff, 0xfd, 0x15, 0x55, 0x6f, 0xf5,
    0x0, 0x0, 0x7, 0xfc, 0x0, 0x0, 0x1, 0xff,
    0x0, 0x0, 0x0, 0x7f, 0xc0, 0x0, 0x0, 0x1f,
    0xf0, 0x0,

    /* U+0035 "5" */
    0xf, 0xff, 0xff, 0xf4, 0x3f, 0xff, 0xff, 0xd0,
    0xff, 0xff, 0xff, 0x43, 0xfe, 0xaa, 0xa8, 0xf,
    0xe0, 0x0, 0x0, 0x7f, 0x80, 0x0, 0x1, 0xfd,
    0x0, 0x0, 0xb, 0xfb, 0xff, 0x80, 0x2f, 0xff,
    0xff, 0xc0, 0xff, 0xff, 0xff, 0xc1, 0xbd, 0x2,
    0xff, 0x40, 0x0, 0x3, 0xfe, 0x0, 0x0, 0x7,
    0xfc, 0x0, 0x0, 0x1f, 0xf0, 0x0, 0x0, 0x7f,
    0xdf, 0xf0, 0x2, 0xff, 0x3f, 0xd0, 0xf, 0xf8,
    0xbf, 0xe5, 0xff, 0xc0, 0xff, 0xff, 0xfd, 0x0,
    0xff, 0xff, 0xd0, 0x0, 0x6f, 0xf8, 0x0,

    /* U+0036 "6" */
    0x0, 0x1, 0xbf, 0x0, 0x0, 0x2f, 0xff, 0x0,
    0x0, 0xff, 0xff, 0x0, 0x3, 0xff, 0xe9, 0x0,
    0xb, 0xfd, 0x0, 0x0, 0x1f, 0xf0, 0x0, 0x0,
    0x2f, 0xd0, 0x50, 0x0, 0x3f, 0xdf, 0xff, 0x40,
    0x7f, 0xff, 0xff, 0xd0, 0x7f, 0xff, 0xff, 0xf0,
    0x7f, 0xf4, 0x2f, 0xf8, 0xbf, 0xc0, 0xb, 0xfc,
    0xbf, 0x80, 0x7, 0xfc, 0x7f, 0xc0, 0x3, 0xfc,
    0x7f, 0xc0, 0x3, 0xfc, 0x3f, 0xc0, 0x7, 0xfc,
    0x3f, 0xe0, 0xf, 0xf8, 0x1f, 0xf9, 0x7f, 0xf0,
    0xb, 0xff, 0xff, 0xe0, 0x2, 0xff, 0xff, 0x40,
    0x0, 0x2f, 0xf8, 0x0,

    /* U+0037 "7" */
    0x3f, 0xff, 0xff, 0xff, 0x3f, 0xff, 0xff, 0xff,
    0x3f, 0xff, 0xff, 0xff, 0x15, 0x55, 0x57, 0xfd,
    0x0, 0x0, 0x3, 0xfc, 0x0, 0x0, 0x7, 0xf8,
    0x0, 0x0, 0xf, 0xf0, 0x0, 0x0, 0x1f, 0xe0,
    0x0, 0x0, 0x3f, 0xc0, 0x0, 0x0, 0x7f, 0xc0,
    0x0, 0x0, 0xff, 0x40, 0x0, 0x1, 0xff, 0x0,
    0x0, 0x3, 0xfd, 0x0, 0x0, 0x3, 0xfc, 0x0,
    0x0, 0xb, 0xf8, 0x0, 0x0, 0xf, 0xf0, 0x0,
    0x0, 0x2f, 0xe0, 0x0, 0x0, 0x3f, 0xc0, 0x0,
    0x0, 0xbf, 0xc0, 0x0, 0x0, 0xff, 0x40, 0x0,
    0x2, 0xff, 0x0, 0x0,

    /* U+0038 "8" */
    0x0, 0xbf, 0xf8, 0x0, 0x1f, 0xff, 0xfe, 0x1,
    0xff, 0xff, 0xfd, 0xf, 0xfe, 0x6f, 0xfc, 0x3f,
    0xd0, 0xf, 0xf4, 0xff, 0x0, 0x3f, 0xd3, 0xfd,
    0x0, 0xff, 0xb, 0xfc, 0xb, 0xfc, 0xf, 0xff,
    0xff, 0xc0, 0xb, 0xff, 0xfc, 0x0, 0xbf, 0xff,
    0xf8, 0xb, 0xfe, 0x6f, 0xf8, 0x3f, 0xd0, 0xf,
    0xf5, 0xff, 0x0, 0x2f, 0xeb, 0xf8, 0x0, 0x7f,
    0xef, 0xf0, 0x2, 0xfe, 0x7f, 0xd0, 0xf, 0xf8,
    0xff, 0xe6, 0xff, 0xc1, 0xff, 0xff, 0xfe, 0x1,
    0xff, 0xff, 0xe0, 0x0, 0xbf, 0xf8, 0x0,

    /* U+0039 "9" */
    0x0, 0x6f, 0xe4, 0x0, 0xf, 0xff, 0xf8, 0x0,
    0xff, 0xff, 0xf8, 0xf, 0xfe, 0x6f, 0xf4, 0x3f,
    0xd0, 0x1f, 0xf2, 0xff, 0x0, 0x3f, 0xcb, 0xf8,
    0x0, 0xbf, 0x6f, 0xe0, 0x2, 0xfe, 0xbf, 0x80,
    0xb, 0xf9, 0xff, 0x0, 0x3f, 0xe3, 0xff, 0x47,
    0xff, 0x8b, 0xff, 0xff, 0xfe, 0xb, 0xff, 0xff,
    0xf4, 0x6, 0xfe, 0x3f, 0xc0, 0x0, 0x0, 0xff,
    0x0, 0x0, 0xb, 0xf8, 0x0, 0x0, 0xbf, 0xc0,
    0x6, 0xbf, 0xfd, 0x0, 0x2f, 0xff, 0xd0, 0x0,
    0xbf, 0xfd, 0x0, 0x2, 0xfe, 0x40, 0x0,

    /* U+003A ":" */
    0x1f, 0x83, 0xfd, 0x3f, 0xe2, 0xfc, 0x5, 0x0,
    0x0, 0x0, 0x0, 0x0, 0x0, 0x0, 0x0, 0x0,
    0x0, 0x50, 0x2f, 0xc3, 0xfe, 0x3f, 0xd1, 0xf8,

    /* U+003B ";" */
    0xb, 0xd0, 0x7f, 0xc1, 0xff, 0x43, 0xfc, 0x1,
    0x40, 0x0, 0x0, 0x0, 0x0, 0x0, 0x0, 0x0,
    0x0, 0x0, 0x0, 0x0, 0x0, 0x6, 0xa0, 0x2f,
    0xc0, 0xbf, 0x2, 0xfc, 0xb, 0xf0, 0x3f, 0x81,
    0xfc, 0xf, 0xe0, 0x2f, 0x0, 0x0, 0x0,

    /* U+003C "<" */
    0x0, 0x0, 0x0, 0x0, 0x0, 0x0, 0x9, 0x0,
    0x0, 0x1f, 0xd0, 0x0, 0x2f, 0xfd, 0x0, 0x6f,
    0xff, 0xd0, 0x7f, 0xff, 0xe4, 0x3f, 0xff, 0xd0,
    0x3, 0xff, 0x80, 0x0, 0x3f, 0xf4, 0x0, 0x3,
    0xff, 0xfd, 0x0, 0x7, 0xff, 0xfe, 0x40, 0x6,
    0xff, 0xfd, 0x0, 0x2, 0xff, 0xd0, 0x0, 0x1,
    0xfd, 0x0, 0x0, 0x0, 0x90, 0x0, 0x0, 0x0,

    /* U+003D "=" */
    0xff, 0xff, 0xff, 0xcf, 0xff, 0xff, 0xfc, 0xff,
    0xff, 0xff, 0xc5, 0x55, 0x55, 0x54, 0x0, 0x0,
    0x0, 0x0, 0x0, 0x0, 0x0, 0x55, 0x55, 0x55,
    0x4f, 0xff, 0xff, 0xfc, 0xff, 0xff, 0xff, 0xcf,
    0xff, 0xff, 0xfc,

    /* U+003E ">" */
    0x24, 0x0, 0x0, 0x3, 0xf4, 0x0, 0x0, 0x3f,
    0xf8, 0x0, 0x3, 0xff, 0xfd, 0x0, 0x1b, 0xff,
    0xfe, 0x0, 0x6, 0xff, 0xfd, 0x0, 0x1, 0xbf,
    0xe0, 0x0, 0x1b, 0xfe, 0x0, 0x6f, 0xff, 0xd1,
    0xbf, 0xff, 0xe0, 0x3f, 0xff, 0xd0, 0x3, 0xff,
    0x80, 0x0, 0x3f, 0x40, 0x0, 0x2, 0x40, 0x0,
    0x0, 0x0, 0x0, 0x0, 0x0,

    /* U+003F "?" */
    0x0, 0xbf, 0xf4, 0x0, 0x7f, 0xff, 0xf0, 0x1f,
    0xff, 0xff, 0xc3, 0xff, 0x9b, 0xfe, 0x3f, 0xd0,
    0x2f, 0xf3, 0xfc, 0x1, 0xff, 0x0, 0x0, 0x2f,
    0xe0, 0x0, 0x3, 0xfd, 0x0, 0x0, 0xff, 0xc0,
    0x0, 0x3f, 0xf0, 0x0, 0xf, 0xfc, 0x0, 0x1,
    0xff, 0x0, 0x0, 0x2f, 0xc0, 0x0, 0x3, 0xfc,
    0x0, 0x0, 0x15, 0x40, 0x0, 0x0, 0x0, 0x0,
    0x0, 0x5, 0x0, 0x0, 0x3, 0xfc, 0x0, 0x0,
    0x7f, 0xd0, 0x0, 0x3, 0xfc, 0x0, 0x0, 0x1f,
    0x80, 0x0,

    /* U+0040 "@" */
    0x0, 0x0, 0x1b, 0xff, 0x90, 0x0, 0x0, 0x0,
    0xbf, 0xff, 0xff, 0x40, 0x0, 0x1, 0xff, 0xa5,
    0x6f, 0xf8, 0x0, 0x2, 0xfe, 0x0, 0x0, 0x7f,
    0xc0, 0x1, 0xfc, 0x0, 0x0, 0x2, 0xf8, 0x0,
    0xfc, 0x0, 0x0, 0x0, 0x3f, 0x0, 0xfd, 0x0,
    0x2f, 0xe4, 0x3, 0xe0, 0x7f, 0x0, 0x7f, 0xff,
    0x80, 0xbc, 0x2f, 0x40, 0x3f, 0xeb, 0xf0, 0x1f,
    0xf, 0xc0, 0x3f, 0x80, 0xfc, 0x3, 0xd7, 0xe0,
    0x1f, 0xc0, 0x7e, 0x0, 0xf9, 0xf4, 0xb, 0xd0,
    0x1f, 0x80, 0x3e, 0xbd, 0x3, 0xf0, 0x7, 0xe0,
    0xf, 0xaf, 0x0, 0xfc, 0x2, 0xf4, 0x3, 0xeb,
    0xc0, 0x7f, 0x0, 0xbd, 0x0, 0xf6, 0xf0, 0x1f,
    0xc0, 0x2f, 0x40, 0x7c, 0xbc, 0x7, 0xf0, 0xf,
    0xc0, 0x3f, 0x2f, 0x40, 0xfd, 0xb, 0xf4, 0x1f,
    0x87, 0xe0, 0x3f, 0xef, 0xff, 0x6f, 0xc0, 0xfc,
    0x3, 0xff, 0xdf, 0xff, 0xc0, 0x2f, 0x40, 0x3f,
    0x80, 0xbf, 0x80, 0x7, 0xf0, 0x0, 0x0, 0x0,
    0x0, 0x0, 0xbf, 0x0, 0x0, 0x0, 0x0, 0x0,
    0xf, 0xf8, 0x0, 0x1, 0x0, 0x0, 0x0, 0xff,
    0xfa, 0xaf, 0xc0, 0x0, 0x0, 0x7, 0xff, 0xff,
    0xf4, 0x0, 0x0, 0x0, 0x1b, 0xff, 0xe0, 0x0,
    0x0,

    /* U+0041 "A" */
    0x0, 0x0, 0xff, 0x40, 0x0, 0x0, 0x0, 0xbf,
    0xe0, 0x0, 0x0, 0x0, 0x3f, 0xfc, 0x0, 0x0,
    0x0, 0x1f, 0xff, 0x40, 0x0, 0x0, 0xb, 0xff,
    0xf0, 0x0, 0x0, 0x3, 0xff, 0xfc, 0x0, 0x0,
    0x1, 0xfe, 0x7f, 0x80, 0x0, 0x0, 0xff, 0x4f,
    0xf0, 0x0, 0x0, 0x3f, 0xc3, 0xfd, 0x0, 0x0,
    0x2f, 0xe0, 0x7f, 0x80, 0x0, 0xf, 0xf4, 0xf,
    0xf0, 0x0, 0x7, 0xfc, 0x3, 0xfd, 0x0, 0x2,
    0xfe, 0x0, 0x7f, 0xc0, 0x0, 0xff, 0xff, 0xff,
    0xf0, 0x0, 0x7f, 0xff, 0xff, 0xfe, 0x0, 0x3f,
    0xff, 0xff, 0xff, 0xc0, 0xf, 0xfa, 0xaa, 0xaf,
    0xf4, 0xb, 0xfc, 0x0, 0x2, 0xff, 0x3, 0xfe,
    0x0, 0x0, 0x7f, 0xc1, 0xff, 0x40, 0x0, 0xf,
    0xf8, 0xbf, 0xc0, 0x0, 0x2, 0xff, 0x0,

    /* U+0042 "B" */
    0x3f, 0xff, 0xfe, 0x40, 0xf, 0xff, 0xff, 0xfd,
    0x3, 0xff, 0xff, 0xff, 0xc0, 0xff, 0xaa, 0xbf,
    0xfc, 0x3f, 0xd0, 0x2, 0xff, 0xf, 0xf4, 0x0,
    0x7f, 0xc3, 0xfd, 0x0, 0xf, 0xf0, 0xff, 0x40,
    0x7, 0xfc, 0x3f, 0xd0, 0xb, 0xfd, 0xf, 0xff,
    0xff, 0xfe, 0x3, 0xff, 0xff, 0xfe, 0x0, 0xff,
    0xff, 0xff, 0xf4, 0x3f, 0xd0, 0x2, 0xff, 0xf,
    0xf4, 0x0, 0x3f, 0xe3, 0xfd, 0x0, 0xb, 0xf8,
    0xff, 0x40, 0x3, 0xfe, 0x3f, 0xd0, 0x1, 0xff,
    0x8f, 0xf9, 0x5a, 0xff, 0xc3, 0xff, 0xff, 0xff,
    0xe0, 0xff, 0xff, 0xff, 0xe0, 0x3f, 0xff, 0xff,
    0x80, 0x0,

    /* U+0043 "C" */
    0x0, 0x1b, 0xfe, 0x40, 0x0, 0xf, 0xff, 0xff,
    0x40, 0x3, 0xff, 0xff, 0xfe, 0x0, 0xff, 0xfa,
    0xbf, 0xf4, 0x2f, 0xf4, 0x0, 0xff, 0xc3, 0xfe,
    0x0, 0x3, 0xfd, 0x7f, 0xc0, 0x0, 0x3f, 0xeb,
    0xfc, 0x0, 0x0, 0x54, 0xbf, 0xc0, 0x0, 0x0,
    0xb, 0xf8, 0x0, 0x0, 0x0, 0xbf, 0x80, 0x0,
    0x0, 0xb, 0xf8, 0x0, 0x0, 0x0, 0xbf, 0xc0,
    0x0, 0x0, 0xb, 0xfc, 0x0, 0x0, 0x0, 0x7f,
    0xc0, 0x0, 0x3f, 0xe3, 0xfe, 0x0, 0x3, 0xfd,
    0x2f, 0xf4, 0x0, 0xff, 0xc0, 0xff, 0xfa, 0xbf,
    0xf4, 0x7, 0xff, 0xff, 0xfe, 0x0, 0xf, 0xff,
    0xff, 0x80, 0x0, 0x1b, 0xfe, 0x40, 0x0,

    /* U+0044 "D" */
    0x3f, 0xff, 0xf8, 0x0, 0x3, 0xff, 0xff, 0xf8,
    0x0, 0x3f, 0xff, 0xff, 0xf0, 0x3, 0xfe, 0xab,
    0xff, 0xc0, 0x3f, 0xd0, 0x7, 0xff, 0x3, 0xfd,
    0x0, 0x1f, 0xf4, 0x3f, 0xd0, 0x0, 0xff, 0x83,
    0xfd, 0x0, 0xb, 0xfc, 0x3f, 0xd0, 0x0, 0x7f,
    0xc3, 0xfd, 0x0, 0x7, 0xfc, 0x3f, 0xd0, 0x0,
    0x7f, 0xc3, 0xfd, 0x0, 0x7, 0xfc, 0x3f, 0xd0,
    0x0, 0x7f, 0xc3, 0xfd, 0x0, 0xb, 0xfc, 0x3f,
    0xd0, 0x0, 0xff, 0x83, 0xfd, 0x0, 0x1f, 0xf4,
    0x3f, 0xd0, 0x7, 0xff, 0x3, 0xfe, 0xab, 0xff,
    0xc0, 0x3f, 0xff, 0xff, 0xf4, 0x3, 0xff, 0xff,
    0xf8, 0x0, 0x3f, 0xff, 0xf8, 0x0, 0x0,

    /* U+0045 "E" */
    0x3f, 0xff, 0xff, 0xfc, 0x3f, 0xff, 0xff, 0xfc,
    0x3f, 0xff, 0xff, 0xfc, 0x3f, 0xea, 0xaa, 0xa8,
    0x3f, 0xd0, 0x0, 0x0, 0x3f, 0xd0, 0x0, 0x0,
    0x3f, 0xd0, 0x0, 0x0, 0x3f, 0xd0, 0x0, 0x0,
    0x3f, 0xe5, 0x55, 0x50, 0x3f, 0xff, 0xff, 0xe0,
    0x3f, 0xff, 0xff, 0xe0, 0x3f, 0xff, 0xff, 0xe0,
    0x3f, 0xd0, 0x0, 0x0, 0x3f, 0xd0, 0x0, 0x0,
    0x3f, 0xd0, 0x0, 0x0, 0x3f, 0xd0, 0x0, 0x0,
    0x3f, 0xd0, 0x0, 0x0, 0x3f, 0xea, 0xaa, 0xa8,
    0x3f, 0xff, 0xff, 0xfc, 0x3f, 0xff, 0xff, 0xfc,
    0x3f, 0xff, 0xff, 0xfc,

    /* U+0046 "F" */
    0x3f, 0xff, 0xff, 0xfc, 0xff, 0xff, 0xff, 0xf3,
    0xff, 0xff, 0xff, 0xcf, 0xfa, 0xaa, 0xa9, 0x3f,
    0xd0, 0x0, 0x0, 0xff, 0x40, 0x0, 0x3, 0xfd,
    0x0, 0x0, 0xf, 0xf4, 0x0, 0x0, 0x3f, 0xd0,
    0x0, 0x0, 0xff, 0xff, 0xff, 0x83, 0xff, 0xff,
    0xfe, 0xf, 0xff, 0xff, 0xf8, 0x3f, 0xea, 0xaa,
    0x90, 0xff, 0x40, 0x0, 0x3, 0xfd, 0x0, 0x0,
    0xf, 0xf4, 0x0, 0x0, 0x3f, 0xd0, 0x0, 0x0,
    0xff, 0x40, 0x0, 0x3, 0xfd, 0x0, 0x0, 0xf,
    0xf4, 0x0, 0x0, 0x3f, 0xd0, 0x0, 0x0,

    /* U+0047 "G" */
    0x0, 0x1b, 0xff, 0x80, 0x0, 0xb, 0xff, 0xff,
    0x80, 0x3, 0xff, 0xff, 0xff, 0x0, 0xff, 0xfa,
    0xbf, 0xf8, 0x1f, 0xf8, 0x0, 0xbf, 0xc3, 0xff,
    0x0, 0x3, 0xfe, 0x3f, 0xd0, 0x0, 0x1f, 0xe7,
    0xfc, 0x0, 0x0, 0x0, 0xbf, 0xc0, 0x0, 0x0,
    0xb, 0xfc, 0x0, 0x0, 0x0, 0xbf, 0xc0, 0x2f,
    0xff, 0xfb, 0xfc, 0x2, 0xff, 0xff, 0xbf, 0xc0,
    0x2f, 0xff, 0xf7, 0xfc, 0x0, 0x2, 0xff, 0x3f,
    0xd0, 0x0, 0x2f, 0xf3, 0xff, 0x0, 0x2, 0xff,
    0x1f, 0xf8, 0x0, 0x3f, 0xf0, 0xff, 0xfa, 0xaf,
    0xff, 0x3, 0xff, 0xff, 0xff, 0xd0, 0xb, 0xff,
    0xff, 0xe0, 0x0, 0xb, 0xff, 0x90, 0x0,

    /* U+0048 "H" */
    0x3f, 0xd0, 0x0, 0xf, 0xf4, 0xff, 0x40, 0x0,
    0x3f, 0xd3, 0xfd, 0x0, 0x0, 0xff, 0x4f, 0xf4,
    0x0, 0x3, 0xfd, 0x3f, 0xd0, 0x0, 0xf, 0xf4,
    0xff, 0x40, 0x0, 0x3f, 0xd3, 0xfd, 0x0, 0x0,
    0xff, 0x4f, 0xf4, 0x0, 0x3, 0xfd, 0x3f, 0xea,
    0xaa, 0xaf, 0xf4, 0xff, 0xff, 0xff, 0xff, 0xd3,
    0xff, 0xff, 0xff, 0xff, 0x4f, 0xff, 0xff, 0xff,
    0xfd, 0x3f, 0xd0, 0x0, 0xf, 0xf4, 0xff, 0x40,
    0x0, 0x3f, 0xd3, 0xfd, 0x0, 0x0, 0xff, 0x4f,
    0xf4, 0x0, 0x3, 0xfd, 0x3f, 0xd0, 0x0, 0xf,
    0xf4, 0xff, 0x40, 0x0, 0x3f, 0xd3, 0xfd, 0x0,
    0x0, 0xff, 0x4f, 0xf4, 0x0, 0x3, 0xfd, 0x3f,
    0xd0, 0x0, 0xf, 0xf4,

    /* U+0049 "I" */
    0xff, 0xbf, 0xef, 0xfb, 0xfe, 0xff, 0xbf, 0xef,
    0xfb, 0xfe, 0xff, 0xbf, 0xef, 0xfb, 0xfe, 0xff,
    0xbf, 0xef, 0xfb, 0xfe, 0xff, 0xbf, 0xef, 0xfb,
    0xfe, 0xff, 0x80,

    /* U+004A "J" */
    0x0, 0x0, 0xb, 0xfc, 0x0, 0x0, 0x2f, 0xf0,
    0x0, 0x0, 0xbf, 0xc0, 0x0, 0x2, 0xff, 0x0,
    0x0, 0xb, 0xfc, 0x0, 0x0, 0x2f, 0xf0, 0x0,
    0x0, 0xbf, 0xc0, 0x0, 0x2, 0xff, 0x0, 0x0,
    0xb, 0xfc, 0x0, 0x0, 0x2f, 0xf0, 0x0, 0x0,
    0xbf, 0xc0, 0x0, 0x2, 0xff, 0x0, 0x0, 0xb,
    0xfc, 0x0, 0x0, 0x2f, 0xf1, 0x54, 0x0, 0xbf,
    0xdf, 0xf0, 0x2, 0xfe, 0x3f, 0xe0, 0xf, 0xf8,
    0xff, 0xea, 0xff, 0xc0, 0xff, 0xff, 0xfd, 0x1,
    0xff, 0xff, 0xd0, 0x0, 0x7f, 0xf8, 0x0,

    /* U+004B "K" */
    0x3f, 0xd0, 0x0, 0xbf, 0xe0, 0xff, 0x40, 0xb,
    0xff, 0x3, 0xfd, 0x0, 0x7f, 0xf0, 0xf, 0xf4,
    0x3, 0xff, 0x40, 0x3f, 0xd0, 0x3f, 0xf4, 0x0,
    0xff, 0x42, 0xff, 0x80, 0x3, 0xfd, 0x1f, 0xfc,
    0x0, 0xf, 0xf4, 0xff, 0xc0, 0x0, 0x3f, 0xdf,
    0xfc, 0x0, 0x0, 0xff, 0xff, 0xe0, 0x0, 0x3,
    0xff, 0xff, 0xd0, 0x0, 0xf, 0xff, 0xff, 0xc0,
    0x0, 0x3f, 0xff, 0xff, 0x80, 0x0, 0xff, 0xe3,
    0xff, 0x40, 0x3, 0xfe, 0x3, 0xff, 0x0, 0xf,
    0xf4, 0xb, 0xfe, 0x0, 0x3f, 0xd0, 0xf, 0xfd,
    0x0, 0xff, 0x40, 0xf, 0xfc, 0x3, 0xfd, 0x0,
    0x2f, 0xf8, 0xf, 0xf4, 0x0, 0x3f, 0xf4, 0x3f,
    0xd0, 0x0, 0x7f, 0xf0,

    /* U+004C "L" */
    0x3f, 0xd0, 0x0, 0x0, 0xff, 0x40, 0x0, 0x3,
    0xfd, 0x0, 0x0, 0xf, 0xf4, 0x0, 0x0, 0x3f,
    0xd0, 0x0, 0x0, 0xff, 0x40, 0x0, 0x3, 0xfd,
    0x0, 0x0, 0xf, 0xf4, 0x0, 0x0, 0x3f, 0xd0,
    0x0, 0x0, 0xff, 0x40, 0x0, 0x3, 0xfd, 0x0,
    0x0, 0xf, 0xf4, 0x0, 0x0, 0x3f, 0xd0, 0x0,
    0x0, 0xff, 0x40, 0x0, 0x3, 0xfd, 0x0, 0x0,
    0xf, 0xf4, 0x0, 0x0, 0x3f, 0xd0, 0x0, 0x0,
    0xff, 0xaa, 0xaa, 0x93, 0xff, 0xff, 0xff, 0x8f,
    0xff, 0xff, 0xfe, 0x3f, 0xff, 0xff, 0xf8,

    /* U+004D "M" */
    0x3f, 0xfc, 0x0, 0x0, 0x2f, 0xfd, 0x3f, 0xfc,
    0x0, 0x0, 0x3f, 0xfd, 0x3f, 0xfe, 0x0, 0x0,
    0x7f, 0xfd, 0x3f, 0xff, 0x0, 0x0, 0xbf, 0xfd,
    0x3f, 0xff, 0x40, 0x0, 0xff, 0xfd, 0x3f, 0xff,
    0x80, 0x1, 0xff, 0xfd, 0x3f, 0xef, 0xc0, 0x3,
    0xfe, 0xfd, 0x3f, 0xdf, 0xd0, 0x3, 0xfa, 0xfd,
    0x3f, 0xcf, 0xe0, 0x7, 0xf3, 0xfd, 0x3f, 0xcb,
    0xf0, 0xf, 0xf3, 0xfd, 0x3f, 0xc7, 0xf4, 0xf,
    0xd3, 0xfd, 0x3f, 0xc3, 0xfc, 0x2f, 0xc3, 0xfd,
    0x3f, 0xc2, 0xfc, 0x3f, 0x83, 0xfd, 0x3f, 0xc0,
    0xfe, 0x7f, 0x43, 0xfd, 0x3f, 0xd0, 0xff, 0xbf,
    0x3, 0xfd, 0x3f, 0xd0, 0x7f, 0xfe, 0x3, 0xfd,
    0x3f, 0xd0, 0x3f, 0xfd, 0x3, 0xfd, 0x3f, 0xd0,
    0x2f, 0xfc, 0x3, 0xfd, 0x3f, 0xd0, 0x1f, 0xf8,
    0x3, 0xfd, 0x3f, 0xd0, 0xf, 0xf0, 0x3, 0xfd,
    0x3f, 0xd0, 0xb, 0xf0, 0x3, 0xfd,

    /* U+004E "N" */
    0x3f, 0xe0, 0x0, 0xf, 0xf4, 0xff, 0xc0, 0x0,
    0x3f, 0xd3, 0xff, 0xc0, 0x0, 0xff, 0x4f, 0xff,
    0x40, 0x3, 0xfd, 0x3f, 0xff, 0x0, 0xf, 0xf4,
    0xff, 0xfe, 0x0, 0x3f, 0xd3, 0xff, 0xfd, 0x0,
    0xff, 0x4f, 0xff, 0xfc, 0x3, 0xfd, 0x3f, 0xdf,
    0xf8, 0xf, 0xf4, 0xff, 0x5f, 0xf0, 0x3f, 0xd3,
    0xfd, 0x2f, 0xf0, 0xff, 0x4f, 0xf4, 0x3f, 0xd3,
    0xfd, 0x3f, 0xd0, 0x7f, 0xcf, 0xf4, 0xff, 0x40,
    0xff, 0xff, 0xd3, 0xfd, 0x0, 0xff, 0xff, 0x4f,
    0xf4, 0x2, 0xff, 0xfd, 0x3f, 0xd0, 0x3, 0xff,
    0xf4, 0xff, 0x40, 0x7, 0xff, 0xd3, 0xfd, 0x0,
    0xb, 0xff, 0x4f, 0xf4, 0x0, 0xf, 0xfd, 0x3f,
    0xd0, 0x0, 0x1f, 0xf4,

    /* U+004F "O" */
    0x0, 0xb, 0xff, 0x40, 0x0, 0x2, 0xff, 0xff,
    0xd0, 0x0, 0x3f, 0xff, 0xff, 0xe0, 0x3, 0xff,
    0xeb, 0xff, 0xe0, 0x1f, 0xf8, 0x0, 0xff, 0xc0,
    0xff, 0xc0, 0x0, 0xff, 0x87, 0xfd, 0x0, 0x2,
    0xff, 0x1f, 0xf0, 0x0, 0x7, 0xfc, 0xbf, 0xc0,
    0x0, 0xf, 0xf6, 0xfe, 0x0, 0x0, 0x3f, 0xdb,
    0xf8, 0x0, 0x0, 0xff, 0x6f, 0xe0, 0x0, 0x3,
    0xfd, 0xbf, 0xc0, 0x0, 0xf, 0xf5, 0xff, 0x0,
    0x0, 0x7f, 0xc7, 0xfd, 0x0, 0x2, 0xff, 0xf,
    0xfc, 0x0, 0xf, 0xf8, 0x1f, 0xf8, 0x0, 0xff,
    0xc0, 0x3f, 0xfe, 0xaf, 0xfe, 0x0, 0x3f, 0xff,
    0xff, 0xe0, 0x0, 0x2f, 0xff, 0xfe, 0x0, 0x0,
    0xb, 0xff, 0x40, 0x0,

    /* U+0050 "P" */
    0x3f, 0xff, 0xff, 0x40, 0x3, 0xff, 0xff, 0xff,
    0x40, 0x3f, 0xff, 0xff, 0xfe, 0x3, 0xfe, 0xaa,
    0xbf, 0xf4, 0x3f, 0xd0, 0x1, 0xff, 0xc3, 0xfd,
    0x0, 0xb, 0xfc, 0x3f, 0xd0, 0x0, 0x7f, 0xc3,
    0xfd, 0x0, 0x7, 0xfc, 0x3f, 0xd0, 0x0, 0xbf,
    0xc3, 0xfd, 0x0, 0x2f, 0xf8, 0x3f, 0xff, 0xff,
    0xff, 0x3, 0xff, 0xff, 0xff, 0xd0, 0x3f, 0xff,
    0xff, 0xe0, 0x3, 0xfe, 0xaa, 0x50, 0x0, 0x3f,
    0xd0, 0x0, 0x0, 0x3, 0xfd, 0x0, 0x0, 0x0,
    0x3f, 0xd0, 0x0, 0x0, 0x3, 0xfd, 0x0, 0x0,
    0x0, 0x3f, 0xd0, 0x0, 0x0, 0x3, 0xfd, 0x0,
    0x0, 0x0, 0x3f, 0xd0, 0x0, 0x0, 0x0,

    /* U+0051 "Q" */
    0x0, 0xb, 0xff, 0x40, 0x0, 0x2, 0xff, 0xff,
    0xd0, 0x0, 0x3f, 0xff, 0xff, 0xe0, 0x3, 0xff,
    0xeb, 0xff, 0xd0, 0x1f, 0xf8, 0x0, 0xff, 0xc0,
    0xff, 0x80, 0x0, 0xff, 0x87, 0xfc, 0x0, 0x2,
    0xff, 0x2f, 0xf0, 0x0, 0x7, 0xfc, 0xbf, 0xc0,
    0x0, 0xf, 0xf6, 0xfe, 0x0, 0x0, 0x3f, 0xdf,
    0xf8, 0x0, 0x0, 0xff, 0x6f, 0xe0, 0x0, 0x3,
    0xfd, 0xbf, 0xc0, 0x0, 0xf, 0xf2, 0xff, 0x0,
    0x0, 0x7f, 0xc7, 0xfd, 0x0, 0x2, 0xff, 0xf,
    0xfc, 0x0, 0xf, 0xf8, 0x1f, 0xf8, 0x0, 0xff,
    0xc0, 0x3f, 0xfe, 0xaf, 0xfd, 0x0, 0x3f, 0xff,
    0xff, 0xe0, 0x0, 0x2f, 0xff, 0xff, 0x0, 0x0,
    0xb, 0xff, 0xff, 0x40, 0x0, 0x0, 0x7, 0xff,
    0x80, 0x0, 0x0, 0x3, 0xfe, 0x0, 0x0, 0x0,
    0x2, 0xe0, 0x0, 0x0, 0x0, 0x1, 0x0,

    /* U+0052 "R" */
    0x3f, 0xff, 0xfe, 0x40, 0x3, 0xff, 0xff, 0xff,
    0x40, 0x3f, 0xff, 0xff, 0xfd, 0x3, 0xfe, 0xaa,
    0xff, 0xf0, 0x3f, 0xd0, 0x2, 0xff, 0x43, 0xfd,
    0x0, 0xf, 0xf8, 0x3f, 0xd0, 0x0, 0xbf, 0x83,
    0xfd, 0x0, 0xf, 0xf8, 0x3f, 0xd0, 0x0, 0xff,
    0x43, 0xfd, 0x0, 0x7f, 0xf0, 0x3f, 0xff, 0xff,
    0xfd, 0x3, 0xff, 0xff, 0xff, 0x40, 0x3f, 0xff,
    0xff, 0xc0, 0x3, 0xfe, 0xab, 0xfd, 0x0, 0x3f,
    0xd0, 0x2f, 0xf0, 0x3, 0xfd, 0x0, 0xff, 0x80,
    0x3f, 0xd0, 0xb, 0xfc, 0x3, 0xfd, 0x0, 0x3f,
    0xe0, 0x3f, 0xd0, 0x2, 0xff, 0x3, 0xfd, 0x0,
    0xf, 0xf8, 0x3f, 0xd0, 0x0, 0x7f, 0xc0,

    /* U+0053 "S" */
    0x0, 0x6f, 0xfe, 0x0, 0x0, 0xff, 0xff, 0xf8,
    0x0, 0xff, 0xff, 0xff, 0xc0, 0xff, 0xfa, 0xbf,
    0xf8, 0x3f, 0xe0, 0x2, 0xff, 0x1f, 0xf0, 0x0,
    0x3f, 0xc3, 0xfc, 0x0, 0x5, 0x50, 0xff, 0xd0,
    0x0, 0x0, 0x1f, 0xff, 0x40, 0x0, 0x1, 0xff,
    0xff, 0x40, 0x0, 0xf, 0xff, 0xfd, 0x0, 0x0,
    0x2f, 0xff, 0xe0, 0x0, 0x0, 0x6f, 0xfe, 0x0,
    0x0, 0x0, 0xff, 0xcb, 0xf4, 0x0, 0xf, 0xf7,
    0xfe, 0x0, 0x3, 0xfd, 0xbf, 0xd0, 0x2, 0xff,
    0xf, 0xff, 0x9b, 0xff, 0xc0, 0xff, 0xff, 0xff,
    0xd0, 0xb, 0xff, 0xff, 0xd0, 0x0, 0x2f, 0xfe,
    0x40, 0x0,

    /* U+0054 "T" */
    0x7f, 0xff, 0xff, 0xff, 0xf7, 0xff, 0xff, 0xff,
    0xff, 0x7f, 0xff, 0xff, 0xff, 0xf2, 0xaa, 0xbf,
    0xea, 0xaa, 0x0, 0x3, 0xfd, 0x0, 0x0, 0x0,
    0x3f, 0xd0, 0x0, 0x0, 0x3, 0xfd, 0x0, 0x0,
    0x0, 0x3f, 0xd0, 0x0, 0x0, 0x3, 0xfd, 0x0,
    0x0, 0x0, 0x3f, 0xd0, 0x0, 0x0, 0x3, 0xfd,
    0x0, 0x0, 0x0, 0x3f, 0xd0, 0x0, 0x0, 0x3,
    0xfd, 0x0, 0x0, 0x0, 0x3f, 0xd0, 0x0, 0x0,
    0x3, 0xfd, 0x0, 0x0, 0x0, 0x3f, 0xd0, 0x0,
    0x0, 0x3, 0xfd, 0x0, 0x0, 0x0, 0x3f, 0xd0,
    0x0, 0x0, 0x3, 0xfd, 0x0, 0x0, 0x0, 0x3f,
    0xd0, 0x0, 0x0, 0x3, 0xfd, 0x0, 0x0,

    /* U+0055 "U" */
    0x7f, 0xc0, 0x0, 0x7f, 0xc7, 0xfc, 0x0, 0x7,
    0xfc, 0x7f, 0xc0, 0x0, 0x7f, 0xc7, 0xfc, 0x0,
    0x7, 0xfc, 0x7f, 0xc0, 0x0, 0x7f, 0xc7, 0xfc,
    0x0, 0x7, 0xfc, 0x7f, 0xc0, 0x0, 0x7f, 0xc7,
    0xfc, 0x0, 0x7, 0xfc, 0x7f, 0xc0, 0x0, 0x7f,
    0xc7, 0xfc, 0x0, 0x7, 0xfc, 0x7f, 0xc0, 0x0,
    0x7f, 0xc7, 0xfc, 0x0, 0x7, 0xfc, 0x7f, 0xc0,
    0x0, 0x7f, 0xc7, 0xfc, 0x0, 0x7, 0xfc, 0x3f,
    0xc0, 0x0, 0x7f, 0xc3, 0xfd, 0x0, 0xb, 0xfc,
    0x3f, 0xf0, 0x1, 0xff, 0x81, 0xff, 0xea, 0xff,
    0xf0, 0xb, 0xff, 0xff, 0xfd, 0x0, 0x1f, 0xff,
    0xff, 0x40, 0x0, 0x1b, 0xfe, 0x40, 0x0,

    /* U+0056 "V" */
    0xbf, 0xc0, 0x0, 0xb, 0xfd, 0x7f, 0xd0, 0x0,
    0xf, 0xfc, 0x3f, 0xe0, 0x0, 0xf, 0xf8, 0x2f,
    0xf0, 0x0, 0x1f, 0xf4, 0x1f, 0xf4, 0x0, 0x2f,
    0xf0, 0xf, 0xf8, 0x0, 0x3f, 0xe0, 0xb, 0xfc,
    0x0, 0x7f, 0xc0, 0x7, 0xfc, 0x0, 0xbf, 0xc0,
    0x3, 0xfe, 0x0, 0xff, 0x80, 0x2, 0xff, 0x1,
    0xff, 0x0, 0x0, 0xff, 0x2, 0xff, 0x0, 0x0,
    0xff, 0x43, 0xfd, 0x0, 0x0, 0x7f, 0xc3, 0xfc,
    0x0, 0x0, 0x3f, 0xc7, 0xf8, 0x0, 0x0, 0x3f,
    0xdf, 0xf4, 0x0, 0x0, 0x1f, 0xff, 0xf0, 0x0,
    0x0, 0xf, 0xff, 0xe0, 0x0, 0x0, 0xb, 0xff,
    0xd0, 0x0, 0x0, 0x7, 0xff, 0xc0, 0x0, 0x0,
    0x3, 0xff, 0x80, 0x0, 0x0, 0x2, 0xff, 0x40,
    0x0,

    /* U+0057 "W" */
    0x7f, 0xc0, 0x3, 0xfc, 0x0, 0x2f, 0xe3, 0xfc,
    0x0, 0x3f, 0xd0, 0x3, 0xfd, 0x3f, 0xd0, 0x7,
    0xfe, 0x0, 0x3f, 0xc2, 0xfe, 0x0, 0xbf, 0xf0,
    0x7, 0xfc, 0x1f, 0xf0, 0xf, 0xff, 0x0, 0x7f,
    0xc0, 0xff, 0x0, 0xff, 0xf4, 0xb, 0xf8, 0xf,
    0xf0, 0xf, 0xff, 0x80, 0xff, 0x40, 0xff, 0x41,
    0xff, 0xfc, 0xf, 0xf0, 0xb, 0xf8, 0x2f, 0xdf,
    0xc0, 0xff, 0x0, 0x7f, 0x83, 0xf8, 0xfc, 0x1f,
    0xe0, 0x3, 0xfc, 0x3f, 0x4f, 0xd2, 0xfd, 0x0,
    0x3f, 0xc7, 0xf0, 0xbe, 0x3f, 0xc0, 0x2, 0xfd,
    0xbf, 0x7, 0xf3, 0xfc, 0x0, 0x1f, 0xef, 0xe0,
    0x3f, 0x7f, 0x80, 0x0, 0xff, 0xfd, 0x3, 0xff,
    0xf4, 0x0, 0xf, 0xff, 0xc0, 0x3f, 0xff, 0x40,
    0x0, 0xff, 0xfc, 0x2, 0xff, 0xf0, 0x0, 0xb,
    0xff, 0x80, 0x1f, 0xff, 0x0, 0x0, 0x7f, 0xf4,
    0x0, 0xff, 0xe0, 0x0, 0x3, 0xff, 0x0, 0xf,
    0xfd, 0x0, 0x0, 0x3f, 0xf0, 0x0, 0xbf, 0xc0,
    0x0,

    /* U+0058 "X" */
    0x3f, 0xf0, 0x0, 0x2f, 0xf4, 0xbf, 0xd0, 0x1,
    0xff, 0x80, 0xff, 0xc0, 0xf, 0xfc, 0x1, 0xff,
    0x40, 0x7f, 0xe0, 0x3, 0xff, 0x3, 0xff, 0x0,
    0x3, 0xfe, 0x1f, 0xf4, 0x0, 0xb, 0xfc, 0xff,
    0x80, 0x0, 0xf, 0xff, 0xfc, 0x0, 0x0, 0x1f,
    0xff, 0xe0, 0x0, 0x0, 0x3f, 0xff, 0x0, 0x0,
    0x0, 0x7f, 0xf8, 0x0, 0x0, 0x3, 0xff, 0xf0,
    0x0, 0x0, 0x2f, 0xff, 0xe0, 0x0, 0x0, 0xff,
    0xff, 0xc0, 0x0, 0xf, 0xfc, 0xff, 0xc0, 0x0,
    0x7f, 0xd1, 0xff, 0x40, 0x3, 0xff, 0x3, 0xff,
    0x0, 0x2f, 0xf4, 0x7, 0xfe, 0x0, 0xff, 0xc0,
    0xf, 0xfc, 0xf, 0xfd, 0x0, 0xf, 0xfc, 0x7f,
    0xe0, 0x0, 0x2f, 0xf4,

    /* U+0059 "Y" */
    0xbf, 0xc0, 0x0, 0x2f, 0xf0, 0xff, 0x80, 0x0,
    0xff, 0x82, 0xff, 0x0, 0x7, 0xfc, 0x3, 0xfd,
    0x0, 0x3f, 0xe0, 0xb, 0xfc, 0x1, 0xff, 0x0,
    0xf, 0xf4, 0xf, 0xf8, 0x0, 0x2f, 0xf0, 0x7f,
    0xc0, 0x0, 0x3f, 0xd3, 0xfe, 0x0, 0x0, 0xbf,
    0xdf, 0xf0, 0x0, 0x0, 0xff, 0xff, 0x80, 0x0,
    0x1, 0xff, 0xfc, 0x0, 0x0, 0x3, 0xff, 0xd0,
    0x0, 0x0, 0x7, 0xff, 0x0, 0x0, 0x0, 0xf,
    0xf8, 0x0, 0x0, 0x0, 0x3f, 0xe0, 0x0, 0x0,
    0x0, 0xff, 0x80, 0x0, 0x0, 0x3, 0xfe, 0x0,
    0x0, 0x0, 0xf, 0xf8, 0x0, 0x0, 0x0, 0x3f,
    0xe0, 0x0, 0x0, 0x0, 0xff, 0x80, 0x0, 0x0,
    0x3, 0xfe, 0x0, 0x0,

    /* U+005A "Z" */
    0xff, 0xff, 0xff, 0xff, 0x3f, 0xff, 0xff, 0xff,
    0xcf, 0xff, 0xff, 0xff, 0xf1, 0xaa, 0xaa, 0xbf,
    0xf4, 0x0, 0x0, 0xf, 0xf8, 0x0, 0x0, 0xf,
    0xfc, 0x0, 0x0, 0x7, 0xfd, 0x0, 0x0, 0x3,
    0xfe, 0x0, 0x0, 0x3, 0xff, 0x0, 0x0, 0x2,
    0xff, 0x0, 0x0, 0x1, 0xff, 0x40, 0x0, 0x0,
    0xff, 0xc0, 0x0, 0x0, 0xbf, 0xc0, 0x0, 0x0,
    0x7f, 0xd0, 0x0, 0x0, 0x3f, 0xe0, 0x0, 0x0,
    0x3f, 0xf0, 0x0, 0x0, 0x2f, 0xf4, 0x0, 0x0,
    0x1f, 0xfe, 0xaa, 0xaa, 0x8f, 0xff, 0xff, 0xff,
    0xf7, 0xff, 0xff, 0xff, 0xfd, 0xff, 0xff, 0xff,
    0xff, 0x40,

    /* U+005B "[" */
    0x0, 0x0, 0x3f, 0xfc, 0x3f, 0xfc, 0x3f, 0xfc,
    0x3f, 0xc0, 0x3f, 0xc0, 0x3f, 0xc0, 0x3f, 0xc0,
    0x3f, 0xc0, 0x3f, 0xc0, 0x3f, 0xc0, 0x3f, 0xc0,
    0x3f, 0xc0, 0x3f, 0xc0, 0x3f, 0xc0, 0x3f, 0xc0,
    0x3f, 0xc0, 0x3f, 0xc0, 0x3f, 0xc0, 0x3f, 0xc0,
    0x3f, 0xc0, 0x3f, 0xc0, 0x3f, 0xc0, 0x3f, 0xc0,
    0x3f, 0xc0, 0x3f, 0xc0, 0x3f, 0xc0, 0x3f, 0xfc,
    0x3f, 0xfc, 0x3f, 0xfc,

    /* U+005C "\\" */
    0xff, 0x80, 0x0, 0x7, 0xfc, 0x0, 0x0, 0x3f,
    0xd0, 0x0, 0x2, 0xfe, 0x0, 0x0, 0x1f, 0xf0,
    0x0, 0x0, 0xff, 0x40, 0x0, 0x7, 0xfc, 0x0,
    0x0, 0x3f, 0xc0, 0x0, 0x2, 0xfe, 0x0, 0x0,
    0x1f, 0xf0, 0x0, 0x0, 0xff, 0x40, 0x0, 0xb,
    0xfc, 0x0, 0x0, 0x3f, 0xc0, 0x0, 0x3, 0xfe,
    0x0, 0x0, 0x1f, 0xf0, 0x0, 0x0, 0xff, 0x40,
    0x0, 0xb, 0xf8, 0x0, 0x0, 0x3f, 0xc0, 0x0,
    0x3, 0xfd, 0x0, 0x0, 0x1f, 0xf0, 0x0, 0x0,
    0xff, 0x40, 0x0, 0xb, 0xf8, 0x0, 0x0, 0x7f,
    0xc0,

    /* U+005D "]" */
    0x0, 0x3, 0xff, 0xef, 0xff, 0xbf, 0xfe, 0xb,
    0xf8, 0x2f, 0xe0, 0xbf, 0x82, 0xfe, 0xb, 0xf8,
    0x2f, 0xe0, 0xbf, 0x82, 0xfe, 0xb, 0xf8, 0x2f,
    0xe0, 0xbf, 0x82, 0xfe, 0xb, 0xf8, 0x2f, 0xe0,
    0xbf, 0x82, 0xfe, 0xb, 0xf8, 0x2f, 0xe0, 0xbf,
    0x82, 0xfe, 0xb, 0xf8, 0x2f, 0xe0, 0xff, 0xbf,
    0xfe, 0xff, 0xfb, 0xff, 0xe0,

    /* U+005E "^" */
    0x0, 0x1a, 0x0, 0x0, 0x1f, 0xe0, 0x0, 0xf,
    0xfc, 0x0, 0x3, 0xff, 0x40, 0x2, 0xff, 0xf0,
    0x0, 0xfc, 0xfc, 0x0, 0x7e, 0x2f, 0x80, 0x3f,
    0x43, 0xf0, 0x1f, 0xc0, 0xfd, 0xb, 0xe0, 0x1f,
    0xc3, 0xf0, 0x3, 0xf4,

    /* U+005F "_" */
    0x55, 0x55, 0x55, 0x4f, 0xff, 0xff, 0xfd, 0xff,
    0xff, 0xff, 0xdf, 0xff, 0xff, 0xfd,

    /* U+0060 "`" */
    0x1a, 0x90, 0x7, 0xfc, 0x0, 0x7f, 0x80, 0xb,
    0xf4, 0x0, 0xbf, 0x0,

    /* U+0061 "a" */
    0x1, 0xbf, 0xe4, 0x0, 0x3f, 0xff, 0xf8, 0x3,
    0xff, 0xff, 0xf8, 0x1f, 0xf4, 0x2f, 0xf0, 0x7f,
    0x80, 0x3f, 0xd0, 0x0, 0x0, 0xff, 0x40, 0x1b,
    0xff, 0xfd, 0x7, 0xff, 0xff, 0xf4, 0x3f, 0xf9,
    0x7f, 0xd2, 0xfe, 0x0, 0xff, 0x4f, 0xf4, 0x3,
    0xfd, 0x3f, 0xd0, 0xf, 0xf4, 0xff, 0xd5, 0xff,
    0xd1, 0xff, 0xff, 0xff, 0x42, 0xff, 0xff, 0xfe,
    0x1, 0xbf, 0x87, 0xfc,

    /* U+0062 "b" */
    0x7f, 0xc0, 0x0, 0x1, 0xff, 0x0, 0x0, 0x7,
    0xfc, 0x0, 0x0, 0x1f, 0xf0, 0x0, 0x0, 0x7f,
    0xc0, 0x0, 0x1, 0xff, 0x0, 0x0, 0x7, 0xfc,
    0xbf, 0x90, 0x1f, 0xff, 0xff, 0xe0, 0x7f, 0xff,
    0xff, 0xe1, 0xff, 0xe6, 0xff, 0xc7, 0xfc, 0x0,
    0xff, 0x5f, 0xf0, 0x2, 0xfe, 0x7f, 0xc0, 0x7,
    0xfd, 0xff, 0x0, 0x1f, 0xf7, 0xfc, 0x0, 0x7f,
    0xdf, 0xf0, 0x1, 0xff, 0x7f, 0xc0, 0xb, 0xf9,
    0xff, 0x0, 0x3f, 0xd7, 0xff, 0x9b, 0xff, 0x1f,
    0xff, 0xff, 0xf8, 0x7f, 0xbf, 0xff, 0x81, 0xfd,
    0x2f, 0xe4, 0x0,

    /* U+0063 "c" */
    0x0, 0x2f, 0xf9, 0x0, 0x7, 0xff, 0xfe, 0x0,
    0x7f, 0xff, 0xfe, 0x3, 0xff, 0x5b, 0xfd, 0x1f,
    0xf0, 0xb, 0xf8, 0xff, 0x40, 0xf, 0xf3, 0xfd,
    0x0, 0x0, 0xf, 0xf0, 0x0, 0x0, 0x3f, 0xc0,
    0x0, 0x0, 0xff, 0x40, 0x0, 0x3, 0xfd, 0x0,
    0x2a, 0x87, 0xfc, 0x2, 0xfe, 0xf, 0xfd, 0x6f,
    0xf4, 0x1f, 0xff, 0xff, 0x80, 0x1f, 0xff, 0xf8,
    0x0, 0xb, 0xfe, 0x40,

    /* U+0064 "d" */
    0x0, 0x0, 0x3, 0xfd, 0x0, 0x0, 0x3, 0xfd,
    0x0, 0x0, 0x3, 0xfd, 0x0, 0x0, 0x3, 0xfd,
    0x0, 0x0, 0x3, 0xfd, 0x0, 0x0, 0x3, 0xfd,
    0x0, 0x7f, 0xd3, 0xfd, 0x2, 0xff, 0xfb, 0xfd,
    0xb, 0xff, 0xff, 0xfd, 0xf, 0xfe, 0x6f, 0xfd,
    0x2f, 0xf0, 0x7, 0xfd, 0x3f, 0xe0, 0x3, 0xfd,
    0x3f, 0xd0, 0x3, 0xfd, 0x3f, 0xc0, 0x3, 0xfd,
    0x3f, 0xc0, 0x3, 0xfd, 0x3f, 0xd0, 0x3, 0xfd,
    0x3f, 0xe0, 0x3, 0xfd, 0x2f, 0xf0, 0x7, 0xfd,
    0xf, 0xfe, 0x6f, 0xfd, 0xb, 0xff, 0xff, 0xfd,
    0x2, 0xff, 0xff, 0xfd, 0x0, 0x7f, 0xd2, 0xfd,

    /* U+0065 "e" */
    0x0, 0x6f, 0xe4, 0x0, 0xf, 0xff, 0xfc, 0x0,
    0xff, 0xff, 0xfc, 0xf, 0xfe, 0x6f, 0xf8, 0x7f,
    0xc0, 0xf, 0xf2, 0xfe, 0x0, 0x3f, 0xdf, 0xff,
    0xff, 0xff, 0x7f, 0xff, 0xff, 0xfd, 0xff, 0xff,
    0xff, 0xf7, 0xfd, 0x0, 0x0, 0xb, 0xfc, 0x0,
    0x0, 0x1f, 0xf8, 0x0, 0xa0, 0x3f, 0xfe, 0x6f,
    0xe0, 0x3f, 0xff, 0xff, 0xc0, 0x3f, 0xff, 0xf8,
    0x0, 0x1b, 0xfe, 0x0,

    /* U+0066 "f" */
    0x0, 0x1, 0x50, 0x0, 0xff, 0xe0, 0xf, 0xff,
    0x80, 0xff, 0xfe, 0x3, 0xfe, 0x0, 0xf, 0xf0,
    0x0, 0x3f, 0xc0, 0x2f, 0xff, 0xfc, 0xbf, 0xff,
    0xf2, 0xff, 0xff, 0xc0, 0x7f, 0xc0, 0x0, 0xff,
    0x0, 0x3, 0xfc, 0x0, 0xf, 0xf0, 0x0, 0x3f,
    0xc0, 0x0, 0xff, 0x0, 0x3, 0xfc, 0x0, 0xf,
    0xf0, 0x0, 0x3f, 0xc0, 0x0, 0xff, 0x0, 0x3,
    0xfc, 0x0, 0xf, 0xf0, 0x0, 0x3f, 0xc0, 0x0,

    /* U+0067 "g" */
    0x1, 0xbf, 0x87, 0xf8, 0x2f, 0xff, 0xff, 0xe1,
    0xff, 0xff, 0xff, 0x8f, 0xfe, 0x6f, 0xfe, 0x7f,
    0xc0, 0xf, 0xfa, 0xfe, 0x0, 0x3f, 0xef, 0xf4,
    0x0, 0xff, 0xbf, 0xd0, 0x3, 0xfe, 0xff, 0x40,
    0xf, 0xfb, 0xfd, 0x0, 0x3f, 0xeb, 0xf8, 0x0,
    0xff, 0x9f, 0xf0, 0x3, 0xfe, 0x3f, 0xf9, 0xbf,
    0xf8, 0x7f, 0xff, 0xff, 0xe0, 0xbf, 0xff, 0xff,
    0x80, 0x6f, 0xe3, 0xfd, 0x0, 0x0, 0xf, 0xf4,
    0x24, 0x0, 0xbf, 0xc1, 0xfd, 0x5b, 0xfe, 0xf,
    0xff, 0xff, 0xf0, 0xf, 0xff, 0xff, 0x0, 0x6,
    0xff, 0x90, 0x0,

    /* U+0068 "h" */
    0x7f, 0xc0, 0x0, 0x1, 0xff, 0x0, 0x0, 0x7,
    0xfc, 0x0, 0x0, 0x1f, 0xf0, 0x0, 0x0, 0x7f,
    0xc0, 0x0, 0x1, 0xff, 0x0, 0x0, 0x7, 0xfc,
    0x7f, 0xd0, 0x1f, 0xfb, 0xff, 0xf0, 0x7f, 0xff,
    0xff, 0xe1, 0xff, 0xe6, 0xff, 0xc7, 0xfc, 0x1,
    0xff, 0x1f, 0xf0, 0x3, 0xfc, 0x7f, 0xc0, 0xf,
    0xf1, 0xff, 0x0, 0x3f, 0xc7, 0xfc, 0x0, 0xff,
    0x1f, 0xf0, 0x3, 0xfc, 0x7f, 0xc0, 0xf, 0xf1,
    0xff, 0x0, 0x3f, 0xc7, 0xfc, 0x0, 0xff, 0x1f,
    0xf0, 0x3, 0xfc, 0x7f, 0xc0, 0xf, 0xf1, 0xff,
    0x0, 0x3f, 0xc0,

    /* U+0069 "i" */
    0x2f, 0x47, 0xfc, 0x7f, 0xd3, 0xfc, 0x5, 0x0,
    0x0, 0x3f, 0xc3, 0xfc, 0x3f, 0xc3, 0xfc, 0x3f,
    0xc3, 0xfc, 0x3f, 0xc3, 0xfc, 0x3f, 0xc3, 0xfc,
    0x3f, 0xc3, 0xfc, 0x3f, 0xc3, 0xfc, 0x3f, 0xc3,
    0xfc,

    /* U+006A "j" */
    0x0, 0xbd, 0x0, 0x7f, 0xc0, 0x1f, 0xf0, 0x3,
    0xf8, 0x0, 0x10, 0x0, 0x0, 0x0, 0xf, 0xf0,
    0x3, 0xfc, 0x0, 0xff, 0x0, 0x3f, 0xc0, 0xf,
    0xf0, 0x3, 0xfc, 0x0, 0xff, 0x0, 0x3f, 0xc0,
    0xf, 0xf0, 0x3, 0xfc, 0x0, 0xff, 0x0, 0x3f,
    0xc0, 0xf, 0xf0, 0x3, 0xfc, 0x0, 0xff, 0x0,
    0x3f, 0xc0, 0xf, 0xf0, 0x7, 0xfc, 0x1b, 0xff,
    0x1f, 0xff, 0x47, 0xff, 0x81, 0xff, 0x40,

    /* U+006B "k" */
    0x7f, 0xc0, 0x0, 0x0, 0x7f, 0xc0, 0x0, 0x0,
    0x7f, 0xc0, 0x0, 0x0, 0x7f, 0xc0, 0x0, 0x0,
    0x7f, 0xc0, 0x0, 0x0, 0x7f, 0xc0, 0x0, 0x0,
    0x7f, 0xc0, 0x2f, 0xf4, 0x7f, 0xc0, 0xbf, 0xe0,
    0x7f, 0xc1, 0xff, 0x80, 0x7f, 0xc3, 0xff, 0x0,
    0x7f, 0xcf, 0xfc, 0x0, 0x7f, 0xff, 0xf0, 0x0,
    0x7f, 0xff, 0xd0, 0x0, 0x7f, 0xff, 0xe0, 0x0,
    0x7f, 0xff, 0xf4, 0x0, 0x7f, 0xff, 0xfc, 0x0,
    0x7f, 0xd3, 0xfe, 0x0, 0x7f, 0xc1, 0xff, 0x40,
    0x7f, 0xc0, 0xff, 0xc0, 0x7f, 0xc0, 0x3f, 0xe0,
    0x7f, 0xc0, 0x2f, 0xf4, 0x7f, 0xc0, 0xf, 0xfc,

    /* U+006C "l" */
    0x3f, 0xc3, 0xfc, 0x3f, 0xc3, 0xfc, 0x3f, 0xc3,
    0xfc, 0x3f, 0xc3, 0xfc, 0x3f, 0xc3, 0xfc, 0x3f,
    0xc3, 0xfc, 0x3f, 0xc3, 0xfc, 0x3f, 0xc3, 0xfc,
    0x3f, 0xc3, 0xfc, 0x3f, 0xc3, 0xfc, 0x3f, 0xc3,
    0xfc,

    /* U+006D "m" */
    0x7f, 0x87, 0xfe, 0x1, 0xff, 0x80, 0x7f, 0xef,
    0xff, 0xcb, 0xff, 0xf0, 0x7f, 0xff, 0xff, 0xff,
    0xff, 0xf8, 0x7f, 0xf9, 0xbf, 0xfe, 0x6f, 0xfc,
    0x7f, 0xc0, 0x1f, 0xf8, 0x3, 0xfc, 0x7f, 0xc0,
    0xf, 0xf0, 0x3, 0xfd, 0x7f, 0xc0, 0xf, 0xf0,
    0x3, 0xfd, 0x7f, 0xc0, 0xf, 0xf0, 0x3, 0xfd,
    0x7f, 0xc0, 0xf, 0xf0, 0x3, 0xfd, 0x7f, 0xc0,
    0xf, 0xf0, 0x3, 0xfd, 0x7f, 0xc0, 0xf, 0xf0,
    0x3, 0xfd, 0x7f, 0xc0, 0xf, 0xf0, 0x3, 0xfd,
    0x7f, 0xc0, 0xf, 0xf0, 0x3, 0xfd, 0x7f, 0xc0,
    0xf, 0xf0, 0x3, 0xfd, 0x7f, 0xc0, 0xf, 0xf0,
    0x3, 0xfd, 0x7f, 0xc0, 0xf, 0xf0, 0x3, 0xfd,

    /* U+006E "n" */
    0x7f, 0x87, 0xfe, 0x1, 0xfe, 0xff, 0xff, 0x7,
    0xff, 0xff, 0xfe, 0x1f, 0xfe, 0x6f, 0xfc, 0x7f,
    0xc0, 0x1f, 0xf1, 0xff, 0x0, 0x3f, 0xc7, 0xfc,
    0x0, 0xff, 0x1f, 0xf0, 0x3, 0xfc, 0x7f, 0xc0,
    0xf, 0xf1, 0xff, 0x0, 0x3f, 0xc7, 0xfc, 0x0,
    0xff, 0x1f, 0xf0, 0x3, 0xfc, 0x7f, 0xc0, 0xf,
    0xf1, 0xff, 0x0, 0x3f, 0xc7, 0xfc, 0x0, 0xff,
    0x1f, 0xf0, 0x3, 0xfc,

    /* U+006F "o" */
    0x0, 0x1f, 0xf9, 0x0, 0x1, 0xff, 0xff, 0xc0,
    0x7, 0xff, 0xff, 0xf0, 0xf, 0xfe, 0x6f, 0xfc,
    0x1f, 0xf0, 0x3, 0xfd, 0x2f, 0xe0, 0x2, 0xfe,
    0x3f, 0xd0, 0x1, 0xff, 0x3f, 0xc0, 0x1, 0xff,
    0x3f, 0xc0, 0x1, 0xff, 0x3f, 0xd0, 0x1, 0xff,
    0x2f, 0xe0, 0x2, 0xfe, 0x1f, 0xf0, 0x3, 0xfd,
    0xf, 0xfe, 0x6f, 0xfc, 0x7, 0xff, 0xff, 0xf0,
    0x1, 0xff, 0xff, 0xd0, 0x0, 0x1f, 0xfd, 0x0,

    /* U+0070 "p" */
    0x7f, 0x8b, 0xf9, 0x1, 0xff, 0xff, 0xfe, 0x7,
    0xff, 0xff, 0xfe, 0x1f, 0xfe, 0x6f, 0xfc, 0x7f,
    0xc0, 0xf, 0xf5, 0xff, 0x0, 0x2f, 0xe7, 0xfc,
    0x0, 0x7f, 0xdf, 0xf0, 0x1, 0xff, 0x7f, 0xc0,
    0x7, 0xfd, 0xff, 0x0, 0x1f, 0xf7, 0xfc, 0x0,
    0xbf, 0x9f, 0xf0, 0x3, 0xfd, 0x7f, 0xf9, 0xbf,
    0xf1, 0xff, 0xff, 0xff, 0x47, 0xff, 0xff, 0xf8,
    0x1f, 0xf2, 0xfe, 0x40, 0x7f, 0xc0, 0x0, 0x1,
    0xff, 0x0, 0x0, 0x7, 0xfc, 0x0, 0x0, 0x1f,
    0xf0, 0x0, 0x0, 0x7f, 0xc0, 0x0, 0x1, 0xff,
    0x0, 0x0, 0x0,

    /* U+0071 "q" */
    0x0, 0x7f, 0xe2, 0xfd, 0x2, 0xff, 0xff, 0xfd,
    0xb, 0xff, 0xff, 0xfd, 0xf, 0xfe, 0x6f, 0xfd,
    0x2f, 0xf0, 0x7, 0xfd, 0x3f, 0xe0, 0x3, 0xfd,
    0x3f, 0xd0, 0x3, 0xfd, 0x3f, 0xc0, 0x3, 0xfd,
    0x3f, 0xc0, 0x3, 0xfd, 0x3f, 0xd0, 0x3, 0xfd,
    0x3f, 0xe0, 0x3, 0xfd, 0x2f, 0xf0, 0x7, 0xfd,
    0xf, 0xfe, 0x6f, 0xfd, 0xb, 0xff, 0xff, 0xfd,
    0x2, 0xff, 0xff, 0xfd, 0x0, 0x7f, 0xd3, 0xfd,
    0x0, 0x0, 0x3, 0xfd, 0x0, 0x0, 0x3, 0xfd,
    0x0, 0x0, 0x3, 0xfd, 0x0, 0x0, 0x3, 0xfd,
    0x0, 0x0, 0x3, 0xfd, 0x0, 0x0, 0x3, 0xfd,

    /* U+0072 "r" */
    0x7f, 0x8b, 0xe7, 0xff, 0xfe, 0x7f, 0xff, 0xe7,
    0xff, 0xfe, 0x7f, 0xf4, 0x7, 0xfc, 0x0, 0x7f,
    0xc0, 0x7, 0xfc, 0x0, 0x7f, 0xc0, 0x7, 0xfc,
    0x0, 0x7f, 0xc0, 0x7, 0xfc, 0x0, 0x7f, 0xc0,
    0x7, 0xfc, 0x0, 0x7f, 0xc0, 0x7, 0xfc, 0x0,

    /* U+0073 "s" */
    0x0, 0x6f, 0xf8, 0x0, 0xf, 0xff, 0xfe, 0x0,
    0xff, 0xff, 0xfd, 0x7, 0xfc, 0xb, 0xfc, 0x2f,
    0xd0, 0xf, 0xf0, 0xbf, 0xc0, 0x0, 0x0, 0xff,
    0xe5, 0x0, 0x1, 0xff, 0xff, 0x80, 0x0, 0xbf,
    0xff, 0xc0, 0x0, 0x1b, 0xff, 0xc0, 0x0, 0x1,
    0xff, 0xf, 0xf0, 0x3, 0xfd, 0x3f, 0xe0, 0x1f,
    0xf0, 0x3f, 0xff, 0xff, 0x80, 0x3f, 0xff, 0xf8,
    0x0, 0x1b, 0xfe, 0x0,

    /* U+0074 "t" */
    0xb, 0xf8, 0x0, 0xbf, 0x80, 0xb, 0xf8, 0x0,
    0xbf, 0x80, 0xff, 0xff, 0xdf, 0xff, 0xfd, 0xff,
    0xff, 0xd0, 0xbf, 0x80, 0xb, 0xf8, 0x0, 0xbf,
    0x80, 0xb, 0xf8, 0x0, 0xbf, 0x80, 0xb, 0xf8,
    0x0, 0xbf, 0x80, 0xb, 0xf8, 0x0, 0xbf, 0xc0,
    0x7, 0xfe, 0x50, 0x3f, 0xfe, 0x2, 0xff, 0xe0,
    0x7, 0xfd,

    /* U+0075 "u" */
    0x7f, 0xc0, 0xf, 0xf1, 0xff, 0x0, 0x3f, 0xc7,
    0xfc, 0x0, 0xff, 0x1f, 0xf0, 0x3, 0xfc, 0x7f,
    0xc0, 0xf, 0xf1, 0xff, 0x0, 0x3f, 0xc7, 0xfc,
    0x0, 0xff, 0x1f, 0xf0, 0x3, 0xfc, 0x7f, 0xc0,
    0xf, 0xf1, 0xff, 0x0, 0x3f, 0xc7, 0xfc, 0x0,
    0xff, 0x1f, 0xf0, 0x7, 0xfc, 0x3f, 0xf5, 0xbf,
    0xf0, 0xff, 0xff, 0xff, 0xc0, 0xff, 0xff, 0xff,
    0x0, 0xbf, 0xd3, 0xfc,

    /* U+0076 "v" */
    0xbf, 0x80, 0xb, 0xfd, 0xff, 0x0, 0x3f, 0xd3,
    0xfd, 0x0, 0xff, 0xb, 0xf8, 0x7, 0xfc, 0x1f,
    0xf0, 0x2f, 0xd0, 0x3f, 0xc0, 0xff, 0x0, 0xbf,
    0x47, 0xf8, 0x1, 0xfe, 0x2f, 0xd0, 0x3, 0xfc,
    0xff, 0x0, 0xb, 0xf7, 0xf8, 0x0, 0x1f, 0xff,
    0xd0, 0x0, 0x3f, 0xff, 0x0, 0x0, 0xbf, 0xf8,
    0x0, 0x1, 0xff, 0xd0, 0x0, 0x3, 0xff, 0x0,
    0x0, 0xb, 0xf8, 0x0,

    /* U+0077 "w" */
    0x7f, 0x80, 0x2f, 0x80, 0x2f, 0xd3, 0xfc, 0x3,
    0xfc, 0x3, 0xfc, 0x3f, 0xc0, 0x3f, 0xc0, 0x3f,
    0xc2, 0xfc, 0xb, 0xfe, 0x3, 0xf8, 0x1f, 0xd0,
    0xff, 0xf0, 0x7f, 0x40, 0xfe, 0xf, 0xff, 0xb,
    0xf0, 0xf, 0xf1, 0xff, 0xf4, 0xff, 0x0, 0xbf,
    0x2f, 0xaf, 0x8f, 0xe0, 0x7, 0xf3, 0xf1, 0xfd,
    0xfd, 0x0, 0x3f, 0xbf, 0xf, 0xef, 0xc0, 0x3,
    0xff, 0xe0, 0xbf, 0xfc, 0x0, 0x2f, 0xfd, 0x7,
    0xff, 0x80, 0x1, 0xff, 0xc0, 0x3f, 0xf4, 0x0,
    0xf, 0xf8, 0x3, 0xff, 0x0, 0x0, 0xff, 0x40,
    0x1f, 0xf0, 0x0, 0xb, 0xf0, 0x0, 0xfe, 0x0,

    /* U+0078 "x" */
    0x3f, 0xd0, 0xf, 0xf8, 0x2f, 0xf0, 0x2f, 0xf0,
    0xf, 0xf4, 0x3f, 0xd0, 0x7, 0xfc, 0xbf, 0xc0,
    0x3, 0xfe, 0xff, 0x40, 0x1, 0xff, 0xfe, 0x0,
    0x0, 0xff, 0xfc, 0x0, 0x0, 0x3f, 0xf8, 0x0,
    0x0, 0x7f, 0xf8, 0x0, 0x0, 0xff, 0xfd, 0x0,
    0x2, 0xff, 0xff, 0x0, 0x3, 0xfd, 0xff, 0x40,
    0xb, 0xfc, 0x7f, 0xc0, 0xf, 0xf4, 0x3f, 0xe0,
    0x3f, 0xe0, 0x1f, 0xf0, 0x7f, 0xc0, 0xf, 0xfc,

    /* U+0079 "y" */
    0xff, 0x80, 0xb, 0xfc, 0x7f, 0xc0, 0xf, 0xf4,
    0x3f, 0xd0, 0x1f, 0xf0, 0x2f, 0xe0, 0x2f, 0xf0,
    0x1f, 0xf0, 0x3f, 0xd0, 0xf, 0xf4, 0x3f, 0xc0,
    0xb, 0xf8, 0x7f, 0x80, 0x7, 0xfc, 0xff, 0x40,
    0x3, 0xfc, 0xff, 0x0, 0x2, 0xff, 0xfe, 0x0,
    0x0, 0xff, 0xfd, 0x0, 0x0, 0xff, 0xfc, 0x0,
    0x0, 0xbf, 0xf8, 0x0, 0x0, 0x3f, 0xf4, 0x0,
    0x0, 0x3f, 0xf0, 0x0, 0x0, 0x2f, 0xe0, 0x0,
    0x0, 0x2f, 0xc0, 0x0, 0x0, 0x3f, 0xc0, 0x0,
    0x6, 0xff, 0x40, 0x0, 0x1f, 0xff, 0x0, 0x0,
    0x1f, 0xfd, 0x0, 0x0, 0xf, 0xe0, 0x0, 0x0,

    /* U+007A "z" */
    0xbf, 0xff, 0xff, 0xcb, 0xff, 0xff, 0xfc, 0xbf,
    0xff, 0xff, 0xc5, 0x55, 0x7f, 0xf4, 0x0, 0x7,
    0xfe, 0x0, 0x0, 0xff, 0x80, 0x0, 0x2f, 0xf0,
    0x0, 0xb, 0xfd, 0x0, 0x1, 0xff, 0x80, 0x0,
    0x3f, 0xf0, 0x0, 0xb, 0xfc, 0x0, 0x1, 0xff,
    0x40, 0x0, 0x3f, 0xf5, 0x55, 0x4f, 0xff, 0xff,
    0xfc, 0xff, 0xff, 0xff, 0xcf, 0xff, 0xff, 0xfc,

    /* U+007B "{" */
    0x0, 0x1, 0x40, 0x0, 0xfc, 0x0, 0x3f, 0xc0,
    0xf, 0xf0, 0x1, 0xfe, 0x0, 0x2f, 0xd0, 0x2,
    0xfc, 0x0, 0x2f, 0xc0, 0x2, 0xfc, 0x0, 0x2f,
    0xc0, 0x2, 0xfc, 0x0, 0x3f, 0xc0, 0xb, 0xf8,
    0x7, 0xff, 0x0, 0x7f, 0xc0, 0x7, 0xff, 0x0,
    0xb, 0xf8, 0x0, 0x3f, 0xc0, 0x3, 0xfc, 0x0,
    0x2f, 0xc0, 0x2, 0xfc, 0x0, 0x2f, 0xc0, 0x2,
    0xfc, 0x0, 0x2f, 0xd0, 0x1, 0xfe, 0x0, 0xf,
    0xf0, 0x0, 0x3f, 0xc0, 0x0, 0xfc, 0x0, 0x1,
    0x40,

    /* U+007C "|" */
    0x7c, 0x7c, 0x7c, 0x7c, 0x7c, 0x7c, 0x7c, 0x7c,
    0x7c, 0x7c, 0x7c, 0x7c, 0x7c, 0x7c, 0x7c, 0x7c,
    0x7c, 0x7c, 0x7c, 0x7c, 0x7c, 0x7c, 0x7c, 0x7c,
    0x7c, 0x0,

    /* U+007D "}" */
    0x14, 0x0, 0x3, 0xf0, 0x0, 0x7f, 0xc0, 0x1,
    0xff, 0x0, 0xb, 0xf0, 0x0, 0x7f, 0x40, 0x7,
    0xf8, 0x0, 0x3f, 0x80, 0x3, 0xf8, 0x0, 0x3f,
    0x80, 0x3, 0xf8, 0x0, 0x3f, 0xc0, 0x2, 0xfe,
    0x0, 0xf, 0xfc, 0x0, 0x3f, 0xc0, 0xf, 0xfc,
    0x2, 0xfe, 0x0, 0x3f, 0xc0, 0x3, 0xf8, 0x0,
    0x3f, 0x80, 0x3, 0xf8, 0x0, 0x3f, 0x80, 0x7,
    0xf8, 0x0, 0x7f, 0x40, 0xb, 0xf0, 0x1, 0xff,
    0x0, 0x7f, 0xc0, 0x3, 0xf0, 0x0, 0x24, 0x0,
    0x0,

    /* U+007E "~" */
    0x0, 0x54, 0x0, 0x0, 0x1, 0xff, 0xd0, 0x7,
    0xf1, 0xff, 0xfe, 0x2, 0xfc, 0xff, 0xff, 0xf6,
    0xfe, 0x3f, 0x43, 0xff, 0xff, 0x1f, 0xc0, 0x2f,
    0xff, 0x41, 0x50, 0x1, 0xfe, 0x40,

    /* U+00A0 " " */

    /* U+00A1 "¡" */
    0x1f, 0x83, 0xfd, 0x3f, 0xe2, 0xfc, 0x5, 0x0,
    0x0, 0x0, 0x2, 0xfc, 0x2f, 0xc2, 0xfc, 0x2f,
    0xc2, 0xfc, 0x2f, 0xc2, 0xfc, 0x3f, 0xd3, 0xfd,
    0x3f, 0xd3, 0xfd, 0x3f, 0xd3, 0xfd, 0x3f, 0xd2,
    0xa9,

    /* U+00A2 "¢" */
    0x0, 0x6, 0x80, 0x0, 0x0, 0x2f, 0x0, 0x0,
    0x0, 0xbc, 0x0, 0x0, 0x3, 0xf4, 0x0, 0x0,
    0xbf, 0xfd, 0x0, 0x1f, 0xff, 0xfe, 0x0, 0xff,
    0xff, 0xfd, 0xb, 0xfc, 0xb, 0xfc, 0x3f, 0xc0,
    0xf, 0xf1, 0xff, 0x0, 0x1a, 0x87, 0xf8, 0x0,
    0x0, 0x2f, 0xe0, 0x0, 0x0, 0xbf, 0x80, 0x0,
    0x1, 0xff, 0x0, 0x0, 0x3, 0xfc, 0x0, 0xbf,
    0x4f, 0xf8, 0x7, 0xfc, 0x1f, 0xfe, 0xff, 0xe0,
    0x2f, 0xff, 0xff, 0x0, 0x2f, 0xff, 0xf0, 0x0,
    0x7, 0xf8, 0x0, 0x0, 0xb, 0xc0, 0x0, 0x0,
    0x2f, 0x0, 0x0, 0x0, 0xbc, 0x0, 0x0,

    /* U+00A3 "£" */
    0x0, 0xb, 0xfe, 0x40, 0x0, 0x7f, 0xff, 0xf0,
    0x1, 0xff, 0xff, 0xfc, 0x3, 0xff, 0xaf, 0xfd,
    0x3, 0xfd, 0x2, 0xff, 0x7, 0xfc, 0x1, 0xfe,
    0x7, 0xfc, 0x0, 0x0, 0x7, 0xfc, 0x0, 0x0,
    0x7, 0xfc, 0x0, 0x0, 0xbf, 0xff, 0xfe, 0x0,
    0xbf, 0xff, 0xfe, 0x0, 0xbf, 0xff, 0xfe, 0x0,
    0x1b, 0xfe, 0x55, 0x0, 0x3, 0xfd, 0x0, 0x0,
    0x3, 0xfd, 0x0, 0x0, 0x3, 0xfc, 0x0, 0x0,
    0x7, 0xfc, 0x0, 0x0, 0x6f, 0xfe, 0xaa, 0xaa,
    0xbf, 0xff, 0xff, 0xff, 0xbf, 0xff, 0xff, 0xff,
    0xbf, 0xff, 0xff, 0xff,

    /* U+00A4 "¤" */
    0x0, 0x0, 0x0, 0x0, 0x0, 0xb0, 0x1f, 0xf9,
    0x7, 0x8b, 0xfb, 0xff, 0xff, 0x7f, 0x4f, 0xff,
    0xff, 0xff, 0xfc, 0xf, 0xf8, 0x0, 0xbf, 0xc0,
    0x3f, 0x40, 0x0, 0x7f, 0x2, 0xf4, 0x0, 0x0,
    0xbd, 0xf, 0xc0, 0x0, 0x0, 0xfc, 0x3e, 0x0,
    0x0, 0x3, 0xf1, 0xf4, 0x0, 0x0, 0xb, 0xc7,
    0xd0, 0x0, 0x0, 0x2f, 0xf, 0x80, 0x0, 0x0,
    0xfc, 0x3f, 0x0, 0x0, 0x3, 0xf0, 0xbd, 0x0,
    0x0, 0x2f, 0x40, 0xfd, 0x0, 0x1, 0xfc, 0x7,
    0xfe, 0x0, 0x2f, 0xf4, 0x7f, 0xff, 0xff, 0xff,
    0xf5, 0xfd, 0xff, 0xff, 0xdf, 0xd1, 0xc0, 0x7f,
    0xe4, 0xd, 0x0, 0x0, 0x0, 0x0, 0x0,

    /* U+00A5 "¥" */
    0x7f, 0xd0, 0x0, 0x3f, 0xf0, 0xff, 0xc0, 0x1,
    0xff, 0x1, 0xff, 0x40, 0xf, 0xf8, 0x3, 0xfe,
    0x0, 0x7f, 0xc0, 0x3, 0xfc, 0x3, 0xfe, 0x0,
    0xb, 0xf8, 0x1f, 0xf0, 0x0, 0xf, 0xf0, 0xff,
    0x40, 0x0, 0x2f, 0xe3, 0xfc, 0x0, 0x0, 0x3f,
    0xef, 0xd0, 0x0, 0x0, 0x7f, 0xff, 0x0, 0x0,
    0xff, 0xff, 0xff, 0xf0, 0x3, 0xff, 0xff, 0xff,
    0xc0, 0xa, 0xab, 0xfe, 0xaa, 0x0, 0x0, 0xf,
    0xf4, 0x0, 0x0, 0xaa, 0xbf, 0xea, 0xa0, 0x3,
    0xff, 0xff, 0xff, 0xc0, 0xf, 0xff, 0xff, 0xff,
    0x0, 0x0, 0xf, 0xf4, 0x0, 0x0, 0x0, 0x3f,
    0xd0, 0x0, 0x0, 0x0, 0xff, 0x40, 0x0, 0x0,
    0x3, 0xfd, 0x0, 0x0,

    /* U+00A6 "¦" */
    0x3f, 0x8f, 0xe3, 0xf8, 0xfe, 0x3f, 0x8f, 0xe3,
    0xf8, 0xfe, 0x3f, 0x8f, 0xe3, 0xf8, 0x0, 0x0,
    0xa, 0x93, 0xf8, 0xfe, 0x3f, 0x8f, 0xe3, 0xf8,
    0xfe, 0x3f, 0x8f, 0xe3, 0xf8, 0xfe, 0x3f, 0x80,

    /* U+00A7 "§" */
    0x0, 0x6f, 0xfe, 0x0, 0x1, 0xff, 0xff, 0xf8,
    0x0, 0xff, 0xff, 0xff, 0xc0, 0xff, 0xe5, 0xbf,
    0xf4, 0x3f, 0xd0, 0x3, 0xff, 0xf, 0xf0, 0x0,
    0x7f, 0xc3, 0xfd, 0x0, 0x0, 0x0, 0xff, 0xf4,
    0x0, 0x0, 0xf, 0xff, 0xf8, 0x0, 0x2, 0xff,
    0xff, 0xf4, 0x2, 0xff, 0xff, 0xff, 0x80, 0xff,
    0x1, 0xff, 0xf8, 0xbf, 0x80, 0x3, 0xff, 0x2f,
    0xf0, 0x0, 0x3f, 0xc7, 0xfe, 0x0, 0xf, 0xf0,
    0xff, 0xf9, 0x7, 0xfc, 0x1f, 0xff, 0xff, 0xfd,
    0x0, 0xbf, 0xff, 0xfd, 0x0, 0x2, 0xff, 0xff,
    0x80, 0x0, 0x1, 0xbf, 0xf4, 0x0, 0x0, 0x3,
    0xfe, 0x2f, 0xe0, 0x0, 0x7f, 0xc7, 0xfc, 0x0,
    0x2f, 0xf0, 0xff, 0xe5, 0xbf, 0xf8, 0x2f, 0xff,
    0xff, 0xfc, 0x1, 0xff, 0xff, 0xfc, 0x0, 0x6,
    0xff, 0xe4, 0x0,

    /* U+00A8 "¨" */
    0x19, 0x0, 0x64, 0x7f, 0x1, 0xfd, 0xbf, 0x41,
    0xfd, 0x3e, 0x0, 0xb8,

    /* U+00A9 "©" */
    0x0, 0x1, 0xaf, 0x90, 0x0, 0x0, 0x1, 0xff,
    0xff, 0xe0, 0x0, 0x0, 0xbe, 0x40, 0x2f, 0xc0,
    0x0, 0x3f, 0x0, 0x0, 0x2f, 0x0, 0xb, 0x80,
    0x0, 0x0, 0x7c, 0x1, 0xf0, 0xb, 0xf8, 0x2,
    0xe0, 0x3c, 0x3, 0xff, 0xf4, 0xf, 0x3, 0x80,
    0xfc, 0xb, 0xc0, 0x74, 0x74, 0x1f, 0x0, 0x3d,
    0x3, 0xcb, 0x2, 0xf0, 0x2, 0x80, 0x3c, 0xb0,
    0x2e, 0x0, 0x0, 0x3, 0xcb, 0x2, 0xe0, 0x0,
    0x0, 0x3c, 0xb0, 0x2e, 0x0, 0x0, 0x3, 0xc7,
    0x42, 0xf0, 0x2, 0x80, 0x3c, 0x38, 0x1f, 0x0,
    0x3c, 0x7, 0x83, 0xc0, 0xfc, 0xb, 0xc0, 0xf0,
    0x1f, 0x3, 0xff, 0xf4, 0x1e, 0x0, 0xf8, 0xb,
    0xf8, 0x7, 0xc0, 0x3, 0xe0, 0x0, 0x1, 0xf4,
    0x0, 0xf, 0xd0, 0x1, 0xfd, 0x0, 0x0, 0x2f,
    0xff, 0xfe, 0x0, 0x0, 0x0, 0x1f, 0xfe, 0x0,
    0x0,

    /* U+00AA "ª" */
    0xb, 0xf9, 0x3, 0xff, 0xf4, 0xbd, 0x1f, 0xc1,
    0x40, 0xbc, 0x6, 0xaf, 0xc3, 0xff, 0xfc, 0xfd,
    0xb, 0xcf, 0x80, 0xbc, 0xfc, 0x1f, 0xc7, 0xff,
    0xfc, 0x1f, 0xe7, 0xd0,

    /* U+00AB "«" */
    0x0, 0xa4, 0xa, 0x0, 0xbd, 0xf, 0xc0, 0x7e,
    0xb, 0xd0, 0x3f, 0x7, 0xe0, 0x2f, 0x43, 0xf0,
    0x1f, 0xc3, 0xf8, 0xb, 0xe0, 0xfd, 0x0, 0xfc,
    0x1f, 0xc0, 0x1f, 0xc2, 0xf4, 0x2, 0xf4, 0x3f,
    0x0, 0x3f, 0x3, 0xe0, 0x3, 0xe0, 0x7d,

    /* U+00AC "¬" */
    0x15, 0x55, 0x55, 0x43, 0xff, 0xff, 0xfc, 0x3f,
    0xff, 0xff, 0xc0, 0x0, 0x0, 0xfc, 0x0, 0x0,
    0xf, 0xc0, 0x0, 0x0, 0xfc, 0x0, 0x0, 0xf,
    0xc0,

    /* U+00AD "­" */
    0x15, 0x55, 0x5f, 0xff, 0xf7, 0xff, 0xfd, 0xff,
    0xff,

    /* U+00AE "®" */
    0x0, 0x1, 0xaf, 0x90, 0x0, 0x0, 0x1, 0xff,
    0xff, 0xe0, 0x0, 0x0, 0xbe, 0x40, 0x2f, 0xc0,
    0x0, 0x3f, 0x0, 0x0, 0x2f, 0x0, 0xb, 0x80,
    0x0, 0x0, 0x7c, 0x1, 0xf0, 0xbf, 0xf9, 0x2,
    0xe0, 0x3c, 0xb, 0xff, 0xf4, 0xf, 0x3, 0x80,
    0xb8, 0x7, 0xc0, 0x74, 0x74, 0xb, 0x80, 0x3c,
    0x3, 0xcb, 0x0, 0xb8, 0xb, 0xc0, 0x3c, 0xb0,
    0xb, 0xff, 0xf0, 0x3, 0xcb, 0x0, 0xbf, 0xff,
    0x40, 0x3c, 0xb0, 0xb, 0x80, 0xbc, 0x3, 0xc7,
    0x40, 0xb8, 0x3, 0xc0, 0x3c, 0x38, 0xb, 0x80,
    0x3c, 0x7, 0x83, 0xc0, 0xb8, 0x3, 0xc0, 0xf0,
    0x1f, 0xb, 0x80, 0x3d, 0x1e, 0x0, 0xf8, 0x0,
    0x0, 0x7, 0xc0, 0x3, 0xe0, 0x0, 0x1, 0xf4,
    0x0, 0xf, 0xd0, 0x1, 0xfd, 0x0, 0x0, 0x2f,
    0xff, 0xfe, 0x0, 0x0, 0x0, 0x1f, 0xfe, 0x0,
    0x0,

    /* U+00AF "¯" */
    0x55, 0x55, 0x57, 0xff, 0xff, 0xff, 0xff, 0xff,
    0xc0,

    /* U+00B0 "°" */
    0x2, 0xf8, 0x3, 0xff, 0xc3, 0xf1, 0xf4, 0xf0,
    0x1e, 0x3c, 0x7, 0x8f, 0x87, 0xd1, 0xff, 0xf0,
    0xb, 0xe0,

    /* U+00B1 "±" */
    0x0, 0x2f, 0x80, 0x0, 0x3, 0xfc, 0x0, 0x0,
    0x3f, 0xc0, 0x0, 0x3, 0xfc, 0x0, 0x0, 0x3f,
    0xc0, 0x6, 0xab, 0xfe, 0xa9, 0xbf, 0xff, 0xff,
    0xeb, 0xff, 0xff, 0xfe, 0xbf, 0xff, 0xff, 0xe0,
    0x3, 0xfc, 0x0, 0x0, 0x3f, 0xc0, 0x0, 0x3,
    0xfc, 0x0, 0x0, 0x3f, 0xc0, 0x0, 0x3, 0xfc,
    0x0, 0x0, 0x0, 0x0, 0x1, 0x55, 0x55, 0x54,
    0x7f, 0xff, 0xff, 0xd7, 0xff, 0xff, 0xfd, 0x7f,
    0xff, 0xff, 0xd0,

    /* U+00B2 "²" */
    0x2, 0xfe, 0x0, 0x7f, 0xff, 0x3, 0xf9, 0xfe,
    0xf, 0xc0, 0xfc, 0x0, 0xb, 0xe0, 0x0, 0xbf,
    0x0, 0xf, 0xf0, 0x0, 0xfe, 0x0, 0x1f, 0xe5,
    0x50, 0xff, 0xff, 0xc3, 0xff, 0xff, 0x0,

    /* U+00B3 "³" */
    0x6, 0xfe, 0x40, 0x7f, 0xff, 0x43, 0xf9, 0xbf,
    0x5, 0x41, 0xfc, 0x0, 0xff, 0x80, 0x3, 0xff,
    0x0, 0x0, 0x7f, 0xa, 0x80, 0xfc, 0x3f, 0x9b,
    0xf0, 0xbf, 0xff, 0x40, 0x6f, 0xe0, 0x0,

    /* U+00B4 "´" */
    0x1, 0xa9, 0x7, 0xfc, 0xf, 0xf0, 0x2f, 0xd0,
    0x3f, 0x40,

    /* U+00B5 "µ" */
    0xff, 0x40, 0xf, 0xf3, 0xfd, 0x0, 0x3f, 0xcf,
    0xf4, 0x0, 0xff, 0x3f, 0xd0, 0x3, 0xfc, 0xff,
    0x40, 0xf, 0xf3, 0xfd, 0x0, 0x3f, 0xcf, 0xf4,
    0x0, 0xff, 0x3f, 0xd0, 0x3, 0xfc, 0xff, 0x40,
    0xf, 0xf3, 0xfd, 0x0, 0x3f, 0xcf, 0xf4, 0x0,
    0xff, 0x3f, 0xf0, 0x7, 0xfc, 0xff, 0xf5, 0xbf,
    0xf3, 0xff, 0xff, 0xff, 0xcf, 0xff, 0xff, 0xff,
    0x3f, 0xff, 0xe7, 0xfc, 0xff, 0x40, 0x0, 0x3,
    0xfd, 0x0, 0x0, 0xf, 0xf4, 0x0, 0x0, 0x3f,
    0xd0, 0x0, 0x0, 0xff, 0x40, 0x0, 0x3, 0xfd,
    0x0, 0x0, 0x0,

    /* U+00B6 "¶" */
    0x0, 0xbf, 0xfe, 0x7, 0xff, 0xfe, 0x1f, 0xff,
    0xfe, 0x3f, 0xff, 0xfe, 0xbf, 0xff, 0xfe, 0xff,
    0xff, 0xfe, 0xff, 0xff, 0xfe, 0xff, 0xff, 0xfe,
    0xbf, 0xff, 0xfe, 0x7f, 0xff, 0xfe, 0x3f, 0xff,
    0xfe, 0xf, 0xff, 0xfe, 0x2, 0xff, 0xfe, 0x0,
    0x1a, 0xfe, 0x0, 0x0, 0x7e, 0x0, 0x0, 0x7e,
    0x0, 0x0, 0x7e, 0x0, 0x0, 0x7e, 0x0, 0x0,
    0x7e, 0x0, 0x0, 0x7e, 0x0, 0x0, 0x7e,

    /* U+00B7 "·" */
    0x14, 0x2f, 0xdf, 0xff, 0xfe, 0x3e, 0x0,

    /* U+00B8 "¸" */
    0x3f, 0x1, 0xff, 0x40, 0xff, 0x2, 0xfc, 0x2f,
    0xf0, 0xff, 0x43, 0xe0, 0x0,

    /* U+00B9 "¹" */
    0x0, 0x4, 0xb, 0xe3, 0xff, 0x8f, 0xfe, 0x11,
    0xf8, 0x7, 0xe0, 0x1f, 0x80, 0x7e, 0x1, 0xf8,
    0x7, 0xe0, 0x1f, 0x80, 0x7e,

    /* U+00BA "º" */
    0x2, 0xfe, 0x40, 0x3f, 0xff, 0x82, 0xf8, 0x7f,
    0x4f, 0x80, 0x3e, 0x3d, 0x0, 0xfd, 0xf4, 0x2,
    0xf3, 0xd0, 0xf, 0xcf, 0x80, 0x3e, 0x2f, 0x87,
    0xf4, 0x3f, 0xff, 0x80, 0x2f, 0xf4, 0x0,

    /* U+00BB "»" */
    0x68, 0x6, 0x80, 0xf, 0xc1, 0xf8, 0x1, 0xf8,
    0x2f, 0x40, 0x3f, 0x3, 0xf0, 0x7, 0xf0, 0xbe,
    0x0, 0xbe, 0xf, 0xd0, 0x1f, 0xc2, 0xf8, 0xf,
    0xd1, 0xfc, 0xb, 0xe0, 0xfd, 0x3, 0xf0, 0x7e,
    0x3, 0xf0, 0x3f, 0x1, 0xf4, 0x2f, 0x0,

    /* U+00BC "¼" */
    0x0, 0x0, 0x0, 0x0, 0x0, 0x1, 0xb0, 0x0,
    0x0, 0x0, 0x2f, 0xf0, 0x0, 0x0, 0x0, 0xbf,
    0xf0, 0x0, 0x1e, 0x0, 0x7b, 0xf0, 0x0, 0x3e,
    0x0, 0x3, 0xf0, 0x0, 0xbc, 0x0, 0x3, 0xf0,
    0x1, 0xf4, 0x0, 0x3, 0xf0, 0x3, 0xe0, 0x0,
    0x3, 0xf0, 0xb, 0xc0, 0x0, 0x3, 0xf0, 0x1f,
    0x40, 0x0, 0x3, 0xf0, 0x3f, 0x1, 0x50, 0x3,
    0xf0, 0xbc, 0xb, 0xf0, 0x0, 0x50, 0xf8, 0x1f,
    0xf0, 0x0, 0x3, 0xf0, 0x3f, 0xf0, 0x0, 0xb,
    0xc0, 0xfb, 0xf0, 0x0, 0xf, 0x82, 0xf3, 0xf0,
    0x0, 0x3f, 0x7, 0xc3, 0xf0, 0x0, 0x7d, 0xf,
    0xff, 0xfd, 0x0, 0xf8, 0xf, 0xff, 0xfd, 0x0,
    0x70, 0x5, 0x57, 0xf4, 0x0, 0x0, 0x0, 0x3,
    0xf0, 0x0, 0x0, 0x0, 0x3, 0xf0,

    /* U+00BD "½" */
    0x0, 0xb0, 0x0, 0x0, 0x0, 0xb, 0xfc, 0x0,
    0x0, 0x0, 0xf, 0xff, 0x0, 0x3, 0x80, 0x3,
    0xef, 0xc0, 0x2, 0xf0, 0x0, 0x3, 0xf0, 0x0,
    0xf8, 0x0, 0x0, 0xfc, 0x0, 0xfc, 0x0, 0x0,
    0x3f, 0x0, 0xbd, 0x0, 0x0, 0xf, 0xc0, 0x3e,
    0x0, 0x0, 0x3, 0xf0, 0x3f, 0x0, 0x0, 0x0,
    0xfc, 0x1f, 0x40, 0x50, 0x0, 0x3f, 0xf, 0x83,
    0xff, 0xc0, 0x5, 0x4b, 0xc3, 0xff, 0xfc, 0x0,
    0x7, 0xd2, 0xf8, 0x3f, 0x0, 0x3, 0xf0, 0x68,
    0xf, 0xc0, 0x2, 0xf0, 0x0, 0x7, 0xf0, 0x0,
    0xf8, 0x0, 0x7, 0xf4, 0x0, 0xfc, 0x0, 0xb,
    0xf4, 0x0, 0xbd, 0x0, 0xb, 0xf0, 0x0, 0x1e,
    0x0, 0xf, 0xf5, 0x50, 0x0, 0x0, 0x7, 0xff,
    0xfe, 0x0, 0x0, 0x1, 0xff, 0xff, 0x80,

    /* U+00BE "¾" */
    0x0, 0x50, 0x0, 0x0, 0x0, 0x0, 0xff, 0xf4,
    0x0, 0x0, 0x0, 0x3f, 0xff, 0xd0, 0x0, 0x0,
    0x7, 0xe0, 0xbe, 0x0, 0xf, 0x0, 0x0, 0xb,
    0xd0, 0x3, 0xf0, 0x0, 0x1f, 0xf8, 0x0, 0x7d,
    0x0, 0x1, 0xff, 0x80, 0xf, 0x80, 0x0, 0x0,
    0xbe, 0x2, 0xf0, 0x0, 0x0, 0x3, 0xf0, 0x7d,
    0x0, 0xb, 0xf0, 0xbe, 0xf, 0xc0, 0x0, 0x3f,
    0xff, 0xd2, 0xf0, 0x15, 0x1, 0xff, 0xf4, 0x7d,
    0x7, 0xf4, 0x0, 0x50, 0xf, 0xc0, 0xff, 0x40,
    0x0, 0x2, 0xf0, 0x3f, 0xf4, 0x0, 0x0, 0x3e,
    0xb, 0xef, 0x40, 0x0, 0xf, 0xc1, 0xf2, 0xf4,
    0x0, 0x1, 0xf4, 0x3d, 0x2f, 0x40, 0x0, 0x3e,
    0xb, 0xff, 0xfe, 0x0, 0xb, 0xc0, 0xff, 0xff,
    0xe0, 0x0, 0x24, 0x5, 0x57, 0xf9, 0x0, 0x0,
    0x0, 0x0, 0x2f, 0x40, 0x0, 0x0, 0x0, 0x2,
    0xf4,

    /* U+00BF "¿" */
    0x0, 0x2f, 0x40, 0x0, 0x7, 0xfc, 0x0, 0x0,
    0x7f, 0xc0, 0x0, 0x3, 0xfc, 0x0, 0x0, 0x5,
    0x0, 0x0, 0x0, 0x0, 0x0, 0x0, 0x15, 0x0,
    0x0, 0x3, 0xf8, 0x0, 0x0, 0x3f, 0x80, 0x0,
    0xb, 0xf4, 0x0, 0x2, 0xff, 0x0, 0x0, 0xbf,
    0xd0, 0x0, 0x2f, 0xf4, 0x0, 0x3, 0xfd, 0x0,
    0x0, 0xbf, 0xc0, 0x0, 0xf, 0xf4, 0x0, 0x0,
    0xff, 0x40, 0x3f, 0xcf, 0xf8, 0x7, 0xfc, 0xbf,
    0xe6, 0xff, 0x83, 0xff, 0xff, 0xf0, 0x1f, 0xff,
    0xfd, 0x0, 0x1f, 0xfe, 0x0,

    /* U+00C0 "À" */
    0x0, 0x3f, 0xe0, 0x0, 0x0, 0x0, 0x3, 0xfd,
    0x0, 0x0, 0x0, 0x0, 0x3f, 0xc0, 0x0, 0x0,
    0x0, 0x3, 0xf8, 0x0, 0x0, 0x0, 0x0, 0x2a,
    0x0, 0x0, 0x0, 0x0, 0x0, 0x0, 0x0, 0x0,
    0x0, 0xf, 0xf4, 0x0, 0x0, 0x0, 0xb, 0xfe,
    0x0, 0x0, 0x0, 0x3, 0xff, 0xc0, 0x0, 0x0,
    0x1, 0xff, 0xf4, 0x0, 0x0, 0x0, 0xbf, 0xff,
    0x0, 0x0, 0x0, 0x3f, 0xff, 0xc0, 0x0, 0x0,
    0x1f, 0xe7, 0xf8, 0x0, 0x0, 0xf, 0xf4, 0xff,
    0x0, 0x0, 0x3, 0xfc, 0x3f, 0xd0, 0x0, 0x2,
    0xfe, 0x7, 0xf8, 0x0, 0x0, 0xff, 0x40, 0xff,
    0x0, 0x0, 0x7f, 0xc0, 0x3f, 0xd0, 0x0, 0x2f,
    0xe0, 0x7, 0xfc, 0x0, 0xf, 0xff, 0xff, 0xff,
    0x0, 0x7, 0xff, 0xff, 0xff, 0xe0, 0x3, 0xff,
    0xff, 0xff, 0xfc, 0x0, 0xff, 0xaa, 0xaa, 0xff,
    0x40, 0xbf, 0xc0, 0x0, 0x2f, 0xf0, 0x3f, 0xe0,
    0x0, 0x7, 0xfc, 0x1f, 0xf4, 0x0, 0x0, 0xff,
    0x8b, 0xfc, 0x0, 0x0, 0x2f, 0xf0,

    /* U+00C1 "Á" */
    0x0, 0x0, 0x7, 0xfc, 0x0, 0x0, 0x0, 0x3,
    0xfd, 0x0, 0x0, 0x0, 0x2, 0xfd, 0x0, 0x0,
    0x0, 0x1, 0xfd, 0x0, 0x0, 0x0, 0x0, 0x69,
    0x0, 0x0, 0x0, 0x0, 0x0, 0x0, 0x0, 0x0,
    0x0, 0xf, 0xf4, 0x0, 0x0, 0x0, 0xb, 0xfe,
    0x0, 0x0, 0x0, 0x3, 0xff, 0xc0, 0x0, 0x0,
    0x1, 0xff, 0xf4, 0x0, 0x0, 0x0, 0xbf, 0xff,
    0x0, 0x0, 0x0, 0x3f, 0xff, 0xc0, 0x0, 0x0,
    0x1f, 0xe7, 0xf8, 0x0, 0x0, 0xf, 0xf4, 0xff,
    0x0, 0x0, 0x3, 0xfc, 0x3f, 0xd0, 0x0, 0x2,
    0xfe, 0x7, 0xf8, 0x0, 0x0, 0xff, 0x40, 0xff,
    0x0, 0x0, 0x7f, 0xc0, 0x3f, 0xd0, 0x0, 0x2f,
    0xe0, 0x7, 0xfc, 0x0, 0xf, 0xff, 0xff, 0xff,
    0x0, 0x7, 0xff, 0xff, 0xff, 0xe0, 0x3, 0xff,
    0xff, 0xff, 0xfc, 0x0, 0xff, 0xaa, 0xaa, 0xff,
    0x40, 0xbf, 0xc0, 0x0, 0x2f, 0xf0, 0x3f, 0xe0,
    0x0, 0x7, 0xfc, 0x1f, 0xf4, 0x0, 0x0, 0xff,
    0x8b, 0xfc, 0x0, 0x0, 0x2f, 0xf0,

    /* U+00C2 "Â" */
    0x0, 0x0, 0xbf, 0x0, 0x0, 0x0, 0x0, 0xbf,
    0xf0, 0x0, 0x0, 0x0, 0xbf, 0xbf, 0x0, 0x0,
    0x0, 0xbf, 0xb, 0xe0, 0x0, 0x0, 0x29, 0x0,
    0x69, 0x0, 0x0, 0x0, 0x0, 0x0, 0x0, 0x0,
    0x0, 0xf, 0xf4, 0x0, 0x0, 0x0, 0xb, 0xfe,
    0x0, 0x0, 0x0, 0x3, 0xff, 0xc0, 0x0, 0x0,
    0x1, 0xff, 0xf4, 0x0, 0x0, 0x0, 0xbf, 0xff,
    0x0, 0x0, 0x0, 0x3f, 0xff, 0xc0, 0x0, 0x0,
    0x1f, 0xe7, 0xf8, 0x0, 0x0, 0xf, 0xf4, 0xff,
    0x0, 0x0, 0x3, 0xfc, 0x3f, 0xd0, 0x0, 0x2,
    0xfe, 0x7, 0xf8, 0x0, 0x0, 0xff, 0x40, 0xff,
    0x0, 0x0, 0x7f, 0xc0, 0x3f, 0xd0, 0x0, 0x2f,
    0xe0, 0x7, 0xfc, 0x0, 0xf, 0xff, 0xff, 0xff,
    0x0, 0x7, 0xff, 0xff, 0xff, 0xe0, 0x3, 0xff,
    0xff, 0xff, 0xfc, 0x0, 0xff, 0xaa, 0xaa, 0xff,
    0x40, 0xbf, 0xc0, 0x0, 0x2f, 0xf0, 0x3f, 0xe0,
    0x0, 0x7, 0xfc, 0x1f, 0xf4, 0x0, 0x0, 0xff,
    0x8b, 0xfc, 0x0, 0x0, 0x2f, 0xf0,

    /* U+00C3 "Ã" */
    0x0, 0x6, 0x90, 0x29, 0x0, 0x0, 0x7, 0xff,
    0xbf, 0x40, 0x0, 0x3, 0xff, 0xff, 0xc0, 0x0,
    0x1, 0xf4, 0x2f, 0xc0, 0x0, 0x0, 0x0, 0x0,
    0x0, 0x0, 0x0, 0x0, 0x0, 0x0, 0x0, 0x0,
    0x0, 0xf, 0xf4, 0x0, 0x0, 0x0, 0xb, 0xfe,
    0x0, 0x0, 0x0, 0x3, 0xff, 0xc0, 0x0, 0x0,
    0x1, 0xff, 0xf4, 0x0, 0x0, 0x0, 0xbf, 0xff,
    0x0, 0x0, 0x0, 0x3f, 0xff, 0xc0, 0x0, 0x0,
    0x1f, 0xe7, 0xf8, 0x0, 0x0, 0xf, 0xf4, 0xff,
    0x0, 0x0, 0x3, 0xfc, 0x3f, 0xd0, 0x0, 0x2,
    0xfe, 0x7, 0xf8, 0x0, 0x0, 0xff, 0x40, 0xff,
    0x0, 0x0, 0x7f, 0xc0, 0x3f, 0xd0, 0x0, 0x2f,
    0xe0, 0x7, 0xfc, 0x0, 0xf, 0xff, 0xff, 0xff,
    0x0, 0x7, 0xff, 0xff, 0xff, 0xe0, 0x3, 0xff,
    0xff, 0xff, 0xfc, 0x0, 0xff, 0xaa, 0xaa, 0xff,
    0x40, 0xbf, 0xc0, 0x0, 0x2f, 0xf0, 0x3f, 0xe0,
    0x0, 0x7, 0xfc, 0x1f, 0xf4, 0x0, 0x0, 0xff,
    0x8b, 0xfc, 0x0, 0x0, 0x2f, 0xf0,

    /* U+00C4 "Ä" */
    0x0, 0x2e, 0x0, 0xbc, 0x0, 0x0, 0x1f, 0xd0,
    0x7f, 0x80, 0x0, 0x7, 0xf4, 0xf, 0xe0, 0x0,
    0x0, 0x64, 0x1, 0x90, 0x0, 0x0, 0x0, 0x0,
    0x0, 0x0, 0x0, 0x0, 0x3f, 0xd0, 0x0, 0x0,
    0x0, 0x2f, 0xf8, 0x0, 0x0, 0x0, 0xf, 0xff,
    0x0, 0x0, 0x0, 0x7, 0xff, 0xd0, 0x0, 0x0,
    0x2, 0xff, 0xfc, 0x0, 0x0, 0x0, 0xff, 0xff,
    0x0, 0x0, 0x0, 0x7f, 0x9f, 0xe0, 0x0, 0x0,
    0x3f, 0xd3, 0xfc, 0x0, 0x0, 0xf, 0xf0, 0xff,
    0x40, 0x0, 0xb, 0xf8, 0x1f, 0xe0, 0x0, 0x3,
    0xfd, 0x3, 0xfc, 0x0, 0x1, 0xff, 0x0, 0xff,
    0x40, 0x0, 0xbf, 0x80, 0x1f, 0xf0, 0x0, 0x3f,
    0xff, 0xff, 0xfc, 0x0, 0x1f, 0xff, 0xff, 0xff,
    0x80, 0xf, 0xff, 0xff, 0xff, 0xf0, 0x3, 0xfe,
    0xaa, 0xab, 0xfd, 0x2, 0xff, 0x0, 0x0, 0xbf,
    0xc0, 0xff, 0x80, 0x0, 0x1f, 0xf0, 0x7f, 0xd0,
    0x0, 0x3, 0xfe, 0x2f, 0xf0, 0x0, 0x0, 0xbf,
    0xc0,

    /* U+00C5 "Å" */
    0x0, 0x0, 0x0, 0x0, 0x0, 0x0, 0x0, 0x2f,
    0xc0, 0x0, 0x0, 0x0, 0x2d, 0x7c, 0x0, 0x0,
    0x0, 0xe, 0x7, 0x40, 0x0, 0x0, 0x3, 0x81,
    0xd0, 0x0, 0x0, 0x0, 0xb4, 0xf0, 0x0, 0x0,
    0x0, 0xf, 0xf4, 0x0, 0x0, 0x0, 0x0, 0x0,
    0x0, 0x0, 0x0, 0x0, 0xff, 0x40, 0x0, 0x0,
    0x0, 0xbf, 0xe0, 0x0, 0x0, 0x0, 0x3f, 0xfc,
    0x0, 0x0, 0x0, 0x1f, 0xff, 0x40, 0x0, 0x0,
    0xb, 0xff, 0xf0, 0x0, 0x0, 0x3, 0xff, 0xfc,
    0x0, 0x0, 0x1, 0xfe, 0x7f, 0x80, 0x0, 0x0,
    0xff, 0x4f, 0xf0, 0x0, 0x0, 0x3f, 0xc3, 0xfd,
    0x0, 0x0, 0x2f, 0xe0, 0x7f, 0x80, 0x0, 0xf,
    0xf4, 0xf, 0xf0, 0x0, 0x7, 0xfc, 0x3, 0xfd,
    0x0, 0x2, 0xfe, 0x0, 0x7f, 0xc0, 0x0, 0xff,
    0xff, 0xff, 0xf0, 0x0, 0x7f, 0xff, 0xff, 0xfe,
    0x0, 0x3f, 0xff, 0xff, 0xff, 0xc0, 0xf, 0xfa,
    0xaa, 0xaf, 0xf4, 0xb, 0xfc, 0x0, 0x2, 0xff,
    0x3, 0xfe, 0x0, 0x0, 0x7f, 0xc1, 0xff, 0x40,
    0x0, 0xf, 0xf8, 0xbf, 0xc0, 0x0, 0x2, 0xff,
    0x0,

    /* U+00C6 "Æ" */
    0x0, 0x0, 0x2, 0xff, 0xff, 0xff, 0xf4, 0x0,
    0x0, 0x7, 0xff, 0xff, 0xff, 0xf4, 0x0, 0x0,
    0xf, 0xff, 0xff, 0xff, 0xf4, 0x0, 0x0, 0x1f,
    0xff, 0xf5, 0x55, 0x50, 0x0, 0x0, 0x3f, 0xff,
    0xe0, 0x0, 0x0, 0x0, 0x0, 0x7f, 0xef, 0xf0,
    0x0, 0x0, 0x0, 0x0, 0xff, 0x5f, 0xf0, 0x0,
    0x0, 0x0, 0x2, 0xff, 0x1f, 0xf0, 0x0, 0x0,
    0x0, 0x3, 0xfd, 0x1f, 0xf5, 0x55, 0x40, 0x0,
    0xb, 0xfc, 0x1f, 0xff, 0xff, 0xc0, 0x0, 0xf,
    0xf4, 0x1f, 0xff, 0xff, 0xc0, 0x0, 0x3f, 0xe0,
    0xf, 0xff, 0xff, 0xc0, 0x0, 0x7f, 0xea, 0xaf,
    0xf0, 0x0, 0x0, 0x0, 0xff, 0xff, 0xff, 0xf0,
    0x0, 0x0, 0x1, 0xff, 0xff, 0xff, 0xf0, 0x0,
    0x0, 0x3, 0xff, 0xff, 0xff, 0xf0, 0x0, 0x0,
    0xb, 0xfc, 0x0, 0xf, 0xf0, 0x0, 0x0, 0xf,
    0xf8, 0x0, 0xf, 0xf9, 0x55, 0x54, 0x2f, 0xf0,
    0x0, 0xf, 0xff, 0xff, 0xfd, 0x3f, 0xe0, 0x0,
    0xf, 0xff, 0xff, 0xfd, 0xbf, 0xc0, 0x0, 0xf,
    0xff, 0xff, 0xfd,

    /* U+00C7 "Ç" */
    0x0, 0x1b, 0xfe, 0x40, 0x0, 0xf, 0xff, 0xff,
    0x40, 0x3, 0xff, 0xff, 0xfe, 0x0, 0xff, 0xfa,
    0xbf, 0xf4, 0x2f, 0xf4, 0x0, 0xff, 0xc3, 0xfe,
    0x0, 0x3, 0xfd, 0x7f, 0xc0, 0x0, 0x3f, 0xeb,
    0xfc, 0x0, 0x0, 0x54, 0xbf, 0xc0, 0x0, 0x0,
    0xb, 0xf8, 0x0, 0x0, 0x0, 0xbf, 0x80, 0x0,
    0x0, 0xb, 0xf8, 0x0, 0x0, 0x0, 0xbf, 0xc0,
    0x0, 0x0, 0xb, 0xfc, 0x0, 0x0, 0x0, 0x7f,
    0xc0, 0x0, 0x3f, 0xe3, 0xfe, 0x0, 0x3, 0xfd,
    0x2f, 0xf4, 0x0, 0xff, 0xc0, 0xff, 0xfa, 0xbf,
    0xf4, 0x7, 0xff, 0xff, 0xfe, 0x0, 0xf, 0xff,
    0xff, 0x80, 0x0, 0x1b, 0xfe, 0x40, 0x0, 0x0,
    0x2f, 0xc0, 0x0, 0x0, 0x2, 0xff, 0x40, 0x0,
    0x0, 0x3, 0xf8, 0x0, 0x0, 0x0, 0xbf, 0x80,
    0x0, 0x0, 0x1f, 0xf0, 0x0, 0x0, 0x1, 0xf8,
    0x0, 0x0,

    /* U+00C8 "È" */
    0x2, 0xff, 0x0, 0x0, 0x0, 0xbf, 0x40, 0x0,
    0x0, 0x3f, 0xc0, 0x0, 0x0, 0xf, 0xf0, 0x0,
    0x0, 0x2, 0xa0, 0x0, 0x0, 0x0, 0x0, 0x0,
    0x3f, 0xff, 0xff, 0xfc, 0x3f, 0xff, 0xff, 0xfc,
    0x3f, 0xff, 0xff, 0xfc, 0x3f, 0xea, 0xaa, 0xa8,
    0x3f, 0xd0, 0x0, 0x0, 0x3f, 0xd0, 0x0, 0x0,
    0x3f, 0xd0, 0x0, 0x0, 0x3f, 0xd0, 0x0, 0x0,
    0x3f, 0xe5, 0x55, 0x50, 0x3f, 0xff, 0xff, 0xe0,
    0x3f, 0xff, 0xff, 0xe0, 0x3f, 0xff, 0xff, 0xe0,
    0x3f, 0xd0, 0x0, 0x0, 0x3f, 0xd0, 0x0, 0x0,
    0x3f, 0xd0, 0x0, 0x0, 0x3f, 0xd0, 0x0, 0x0,
    0x3f, 0xd0, 0x0, 0x0, 0x3f, 0xea, 0xaa, 0xa8,
    0x3f, 0xff, 0xff, 0xfc, 0x3f, 0xff, 0xff, 0xfc,
    0x3f, 0xff, 0xff, 0xfc,

    /* U+00C9 "É" */
    0x0, 0x0, 0x3f, 0xd0, 0x0, 0x0, 0xff, 0x40,
    0x0, 0x1, 0xfe, 0x0, 0x0, 0x3, 0xf8, 0x0,
    0x0, 0x6, 0x90, 0x0, 0x0, 0x0, 0x0, 0x0,
    0x3f, 0xff, 0xff, 0xfc, 0x3f, 0xff, 0xff, 0xfc,
    0x3f, 0xff, 0xff, 0xfc, 0x3f, 0xea, 0xaa, 0xa8,
    0x3f, 0xd0, 0x0, 0x0, 0x3f, 0xd0, 0x0, 0x0,
    0x3f, 0xd0, 0x0, 0x0, 0x3f, 0xd0, 0x0, 0x0,
    0x3f, 0xe5, 0x55, 0x50, 0x3f, 0xff, 0xff, 0xe0,
    0x3f, 0xff, 0xff, 0xe0, 0x3f, 0xff, 0xff, 0xe0,
    0x3f, 0xd0, 0x0, 0x0, 0x3f, 0xd0, 0x0, 0x0,
    0x3f, 0xd0, 0x0, 0x0, 0x3f, 0xd0, 0x0, 0x0,
    0x3f, 0xd0, 0x0, 0x0, 0x3f, 0xea, 0xaa, 0xa8,
    0x3f, 0xff, 0xff, 0xfc, 0x3f, 0xff, 0xff, 0xfc,
    0x3f, 0xff, 0xff, 0xfc,

    /* U+00CA "Ê" */
    0x0, 0x7, 0xf0, 0x0, 0x0, 0x1f, 0xfc, 0x0,
    0x0, 0x7f, 0xbf, 0x0, 0x1, 0xfc, 0x1f, 0xc0,
    0x2, 0xa0, 0x6, 0x90, 0x0, 0x0, 0x0, 0x0,
    0x3f, 0xff, 0xff, 0xfc, 0x3f, 0xff, 0xff, 0xfc,
    0x3f, 0xff, 0xff, 0xfc, 0x3f, 0xea, 0xaa, 0xa8,
    0x3f, 0xd0, 0x0, 0x0, 0x3f, 0xd0, 0x0, 0x0,
    0x3f, 0xd0, 0x0, 0x0, 0x3f, 0xd0, 0x0, 0x0,
    0x3f, 0xe5, 0x55, 0x50, 0x3f, 0xff, 0xff, 0xe0,
    0x3f, 0xff, 0xff, 0xe0, 0x3f, 0xff, 0xff, 0xe0,
    0x3f, 0xd0, 0x0, 0x0, 0x3f, 0xd0, 0x0, 0x0,
    0x3f, 0xd0, 0x0, 0x0, 0x3f, 0xd0, 0x0, 0x0,
    0x3f, 0xd0, 0x0, 0x0, 0x3f, 0xea, 0xaa, 0xa8,
    0x3f, 0xff, 0xff, 0xfc, 0x3f, 0xff, 0xff, 0xfc,
    0x3f, 0xff, 0xff, 0xfc,

    /* U+00CB "Ë" */
    0x2, 0xf0, 0x7, 0xc0, 0x3, 0xf8, 0xf, 0xf0,
    0x3, 0xf8, 0xf, 0xe0, 0x1, 0x90, 0x2, 0x80,
    0x0, 0x0, 0x0, 0x0, 0x3f, 0xff, 0xff, 0xfc,
    0x3f, 0xff, 0xff, 0xfc, 0x3f, 0xff, 0xff, 0xfc,
    0x3f, 0xea, 0xaa, 0xa8, 0x3f, 0xd0, 0x0, 0x0,
    0x3f, 0xd0, 0x0, 0x0, 0x3f, 0xd0, 0x0, 0x0,
    0x3f, 0xd0, 0x0, 0x0, 0x3f, 0xe5, 0x55, 0x50,
    0x3f, 0xff, 0xff, 0xe0, 0x3f, 0xff, 0xff, 0xe0,
    0x3f, 0xff, 0xff, 0xe0, 0x3f, 0xd0, 0x0, 0x0,
    0x3f, 0xd0, 0x0, 0x0, 0x3f, 0xd0, 0x0, 0x0,
    0x3f, 0xd0, 0x0, 0x0, 0x3f, 0xd0, 0x0, 0x0,
    0x3f, 0xea, 0xaa, 0xa8, 0x3f, 0xff, 0xff, 0xfc,
    0x3f, 0xff, 0xff, 0xfc, 0x3f, 0xff, 0xff, 0xfc,

    /* U+00CC "Ì" */
    0x2f, 0xf0, 0x2, 0xfe, 0x0, 0x3f, 0xc0, 0x3,
    0xfc, 0x0, 0x1a, 0x0, 0x0, 0x0, 0xf, 0xf8,
    0x3, 0xfe, 0x0, 0xff, 0x80, 0x3f, 0xe0, 0xf,
    0xf8, 0x3, 0xfe, 0x0, 0xff, 0x80, 0x3f, 0xe0,
    0xf, 0xf8, 0x3, 0xfe, 0x0, 0xff, 0x80, 0x3f,
    0xe0, 0xf, 0xf8, 0x3, 0xfe, 0x0, 0xff, 0x80,
    0x3f, 0xe0, 0xf, 0xf8, 0x3, 0xfe, 0x0, 0xff,
    0x80, 0x3f, 0xe0, 0xf, 0xf8,

    /* U+00CD "Í" */
    0x3, 0xfd, 0xb, 0xf4, 0x1f, 0xe0, 0x3f, 0x80,
    0x69, 0x0, 0x0, 0x0, 0xff, 0x80, 0xff, 0x80,
    0xff, 0x80, 0xff, 0x80, 0xff, 0x80, 0xff, 0x80,
    0xff, 0x80, 0xff, 0x80, 0xff, 0x80, 0xff, 0x80,
    0xff, 0x80, 0xff, 0x80, 0xff, 0x80, 0xff, 0x80,
    0xff, 0x80, 0xff, 0x80, 0xff, 0x80, 0xff, 0x80,
    0xff, 0x80, 0xff, 0x80, 0xff, 0x80,

    /* U+00CE "Î" */
    0x0, 0x7f, 0x0, 0x1, 0xff, 0xc0, 0x7, 0xfb,
    0xf0, 0x1f, 0xc1, 0xfc, 0x1a, 0x0, 0x69, 0x0,
    0x0, 0x0, 0x0, 0xff, 0x80, 0x0, 0xff, 0x80,
    0x0, 0xff, 0x80, 0x0, 0xff, 0x80, 0x0, 0xff,
    0x80, 0x0, 0xff, 0x80, 0x0, 0xff, 0x80, 0x0,
    0xff, 0x80, 0x0, 0xff, 0x80, 0x0, 0xff, 0x80,
    0x0, 0xff, 0x80, 0x0, 0xff, 0x80, 0x0, 0xff,
    0x80, 0x0, 0xff, 0x80, 0x0, 0xff, 0x80, 0x0,
    0xff, 0x80, 0x0, 0xff, 0x80, 0x0, 0xff, 0x80,
    0x0, 0xff, 0x80, 0x0, 0xff, 0x80, 0x0, 0xff,
    0x80,

    /* U+00CF "Ï" */
    0x2f, 0x0, 0x7d, 0x3f, 0x80, 0xff, 0x3f, 0x80,
    0xff, 0xa, 0x0, 0x28, 0x0, 0x0, 0x0, 0x0,
    0xff, 0x80, 0x0, 0xff, 0x80, 0x0, 0xff, 0x80,
    0x0, 0xff, 0x80, 0x0, 0xff, 0x80, 0x0, 0xff,
    0x80, 0x0, 0xff, 0x80, 0x0, 0xff, 0x80, 0x0,
    0xff, 0x80, 0x0, 0xff, 0x80, 0x0, 0xff, 0x80,
    0x0, 0xff, 0x80, 0x0, 0xff, 0x80, 0x0, 0xff,
    0x80, 0x0, 0xff, 0x80, 0x0, 0xff, 0x80, 0x0,
    0xff, 0x80, 0x0, 0xff, 0x80, 0x0, 0xff, 0x80,
    0x0, 0xff, 0x80, 0x0, 0xff, 0x80,

    /* U+00D0 "Ð" */
    0x2, 0xff, 0xff, 0x90, 0x0, 0x2, 0xff, 0xff,
    0xfd, 0x0, 0x2, 0xff, 0xff, 0xff, 0x80, 0x2,
    0xff, 0xaa, 0xff, 0xe0, 0x2, 0xfe, 0x0, 0x3f,
    0xf0, 0x2, 0xfe, 0x0, 0xf, 0xf8, 0x2, 0xfe,
    0x0, 0x7, 0xfc, 0x2, 0xfe, 0x0, 0x3, 0xfd,
    0x2, 0xfe, 0x0, 0x3, 0xfe, 0x7f, 0xff, 0xfc,
    0x3, 0xfe, 0x7f, 0xff, 0xfc, 0x3, 0xfe, 0x2b,
    0xff, 0xa8, 0x3, 0xfe, 0x2, 0xfe, 0x0, 0x3,
    0xfe, 0x2, 0xfe, 0x0, 0x3, 0xfd, 0x2, 0xfe,
    0x0, 0x7, 0xfc, 0x2, 0xfe, 0x0, 0xf, 0xf8,
    0x2, 0xfe, 0x0, 0x3f, 0xf0, 0x2, 0xff, 0xaa,
    0xff, 0xe0, 0x2, 0xff, 0xff, 0xff, 0x80, 0x2,
    0xff, 0xff, 0xfd, 0x0, 0x2, 0xff, 0xff, 0x90,
    0x0,

    /* U+00D1 "Ñ" */
    0x0, 0x6, 0x40, 0x28, 0x0, 0x0, 0xff, 0xfb,
    0xf0, 0x0, 0xb, 0xff, 0xff, 0x40, 0x0, 0x3f,
    0x7, 0xf4, 0x0, 0x0, 0x0, 0x0, 0x0, 0x0,
    0x0, 0x0, 0x0, 0x0, 0x3, 0xfe, 0x0, 0x0,
    0xff, 0x4f, 0xfc, 0x0, 0x3, 0xfd, 0x3f, 0xfc,
    0x0, 0xf, 0xf4, 0xff, 0xf4, 0x0, 0x3f, 0xd3,
    0xff, 0xf0, 0x0, 0xff, 0x4f, 0xff, 0xe0, 0x3,
    0xfd, 0x3f, 0xff, 0xd0, 0xf, 0xf4, 0xff, 0xff,
    0xc0, 0x3f, 0xd3, 0xfd, 0xff, 0x80, 0xff, 0x4f,
    0xf5, 0xff, 0x3, 0xfd, 0x3f, 0xd2, 0xff, 0xf,
    0xf4, 0xff, 0x43, 0xfd, 0x3f, 0xd3, 0xfd, 0x7,
    0xfc, 0xff, 0x4f, 0xf4, 0xf, 0xff, 0xfd, 0x3f,
    0xd0, 0xf, 0xff, 0xf4, 0xff, 0x40, 0x2f, 0xff,
    0xd3, 0xfd, 0x0, 0x3f, 0xff, 0x4f, 0xf4, 0x0,
    0x7f, 0xfd, 0x3f, 0xd0, 0x0, 0xbf, 0xf4, 0xff,
    0x40, 0x0, 0xff, 0xd3, 0xfd, 0x0, 0x1, 0xff,
    0x40,

    /* U+00D2 "Ò" */
    0x0, 0xbf, 0xc0, 0x0, 0x0, 0x0, 0xbf, 0x80,
    0x0, 0x0, 0x0, 0xff, 0x0, 0x0, 0x0, 0x0,
    0xff, 0x0, 0x0, 0x0, 0x0, 0xa8, 0x0, 0x0,
    0x0, 0x0, 0x0, 0x0, 0x0, 0x0, 0xbf, 0xf4,
    0x0, 0x0, 0x2f, 0xff, 0xfd, 0x0, 0x3, 0xff,
    0xff, 0xfe, 0x0, 0x3f, 0xfe, 0xbf, 0xfe, 0x1,
    0xff, 0x80, 0xf, 0xfc, 0xf, 0xfc, 0x0, 0xf,
    0xf8, 0x7f, 0xd0, 0x0, 0x2f, 0xf1, 0xff, 0x0,
    0x0, 0x7f, 0xcb, 0xfc, 0x0, 0x0, 0xff, 0x6f,
    0xe0, 0x0, 0x3, 0xfd, 0xbf, 0x80, 0x0, 0xf,
    0xf6, 0xfe, 0x0, 0x0, 0x3f, 0xdb, 0xfc, 0x0,
    0x0, 0xff, 0x5f, 0xf0, 0x0, 0x7, 0xfc, 0x7f,
    0xd0, 0x0, 0x2f, 0xf0, 0xff, 0xc0, 0x0, 0xff,
    0x81, 0xff, 0x80, 0xf, 0xfc, 0x3, 0xff, 0xea,
    0xff, 0xe0, 0x3, 0xff, 0xff, 0xfe, 0x0, 0x2,
    0xff, 0xff, 0xe0, 0x0, 0x0, 0xbf, 0xf4, 0x0,
    0x0,

    /* U+00D3 "Ó" */
    0x0, 0x0, 0xf, 0xf4, 0x0, 0x0, 0x0, 0xff,
    0x40, 0x0, 0x0, 0x7, 0xf8, 0x0, 0x0, 0x0,
    0x3f, 0x80, 0x0, 0x0, 0x1, 0xa4, 0x0, 0x0,
    0x0, 0x0, 0x0, 0x0, 0x0, 0x0, 0xbf, 0xf4,
    0x0, 0x0, 0x2f, 0xff, 0xfd, 0x0, 0x3, 0xff,
    0xff, 0xfe, 0x0, 0x3f, 0xfe, 0xbf, 0xfe, 0x1,
    0xff, 0x80, 0xf, 0xfc, 0xf, 0xfc, 0x0, 0xf,
    0xf8, 0x7f, 0xd0, 0x0, 0x2f, 0xf1, 0xff, 0x0,
    0x0, 0x7f, 0xcb, 0xfc, 0x0, 0x0, 0xff, 0x6f,
    0xe0, 0x0, 0x3, 0xfd, 0xbf, 0x80, 0x0, 0xf,
    0xf6, 0xfe, 0x0, 0x0, 0x3f, 0xdb, 0xfc, 0x0,
    0x0, 0xff, 0x5f, 0xf0, 0x0, 0x7, 0xfc, 0x7f,
    0xd0, 0x0, 0x2f, 0xf0, 0xff, 0xc0, 0x0, 0xff,
    0x81, 0xff, 0x80, 0xf, 0xfc, 0x3, 0xff, 0xea,
    0xff, 0xe0, 0x3, 0xff, 0xff, 0xfe, 0x0, 0x2,
    0xff, 0xff, 0xe0, 0x0, 0x0, 0xbf, 0xf4, 0x0,
    0x0,

    /* U+00D4 "Ô" */
    0x0, 0x1, 0xfc, 0x0, 0x0, 0x0, 0x2f, 0xfd,
    0x0, 0x0, 0x2, 0xfd, 0xfd, 0x0, 0x0, 0x3f,
    0x80, 0xfd, 0x0, 0x0, 0x0, 0x0, 0x0, 0x0,
    0x0, 0x0, 0x0, 0x0, 0x0, 0x0, 0xbf, 0xf4,
    0x0, 0x0, 0x2f, 0xff, 0xfd, 0x0, 0x3, 0xff,
    0xff, 0xfe, 0x0, 0x3f, 0xfe, 0xbf, 0xfe, 0x1,
    0xff, 0x80, 0xf, 0xfc, 0xf, 0xfc, 0x0, 0xf,
    0xf8, 0x7f, 0xd0, 0x0, 0x2f, 0xf1, 0xff, 0x0,
    0x0, 0x7f, 0xcb, 0xfc, 0x0, 0x0, 0xff, 0x6f,
    0xe0, 0x0, 0x3, 0xfd, 0xbf, 0x80, 0x0, 0xf,
    0xf6, 0xfe, 0x0, 0x0, 0x3f, 0xdb, 0xfc, 0x0,
    0x0, 0xff, 0x5f, 0xf0, 0x0, 0x7, 0xfc, 0x7f,
    0xd0, 0x0, 0x2f, 0xf0, 0xff, 0xc0, 0x0, 0xff,
    0x81, 0xff, 0x80, 0xf, 0xfc, 0x3, 0xff, 0xea,
    0xff, 0xe0, 0x3, 0xff, 0xff, 0xfe, 0x0, 0x2,
    0xff, 0xff, 0xe0, 0x0, 0x0, 0xbf, 0xf4, 0x0,
    0x0,

    /* U+00D5 "Õ" */
    0x0, 0x1f, 0x80, 0xbc, 0x0, 0x1, 0xff, 0xfb,
    0xe0, 0x0, 0xf, 0xef, 0xff, 0x0, 0x0, 0x3d,
    0x7, 0xf0, 0x0, 0x0, 0x0, 0x0, 0x0, 0x0,
    0x0, 0x0, 0x0, 0x0, 0x0, 0x0, 0xbf, 0xf4,
    0x0, 0x0, 0x2f, 0xff, 0xfd, 0x0, 0x3, 0xff,
    0xff, 0xfe, 0x0, 0x3f, 0xfe, 0xbf, 0xfe, 0x1,
    0xff, 0x80, 0xf, 0xfc, 0xf, 0xfc, 0x0, 0xf,
    0xf8, 0x7f, 0xd0, 0x0, 0x2f, 0xf1, 0xff, 0x0,
    0x0, 0x7f, 0xcb, 0xfc, 0x0, 0x0, 0xff, 0x6f,
    0xe0, 0x0, 0x3, 0xfd, 0xbf, 0x80, 0x0, 0xf,
    0xf6, 0xfe, 0x0, 0x0, 0x3f, 0xdb, 0xfc, 0x0,
    0x0, 0xff, 0x5f, 0xf0, 0x0, 0x7, 0xfc, 0x7f,
    0xd0, 0x0, 0x2f, 0xf0, 0xff, 0xc0, 0x0, 0xff,
    0x81, 0xff, 0x80, 0xf, 0xfc, 0x3, 0xff, 0xea,
    0xff, 0xe0, 0x3, 0xff, 0xff, 0xfe, 0x0, 0x2,
    0xff, 0xff, 0xe0, 0x0, 0x0, 0xbf, 0xf4, 0x0,
    0x0,

    /* U+00D6 "Ö" */
    0x0, 0x68, 0x0, 0xa0, 0x0, 0x3, 0xf8, 0xf,
    0xe0, 0x0, 0xf, 0xe0, 0x3f, 0xc0, 0x0, 0x2f,
    0x0, 0x7d, 0x0, 0x0, 0x0, 0x0, 0x0, 0x0,
    0x0, 0x0, 0x0, 0x0, 0x0, 0x0, 0xbf, 0xf4,
    0x0, 0x0, 0x2f, 0xff, 0xfd, 0x0, 0x3, 0xff,
    0xff, 0xfe, 0x0, 0x3f, 0xfe, 0xbf, 0xfe, 0x1,
    0xff, 0x80, 0xf, 0xfc, 0xf, 0xfc, 0x0, 0xf,
    0xf8, 0x7f, 0xd0, 0x0, 0x2f, 0xf1, 0xff, 0x0,
    0x0, 0x7f, 0xcb, 0xfc, 0x0, 0x0, 0xff, 0x6f,
    0xe0, 0x0, 0x3, 0xfd, 0xbf, 0x80, 0x0, 0xf,
    0xf6, 0xfe, 0x0, 0x0, 0x3f, 0xdb, 0xfc, 0x0,
    0x0, 0xff, 0x5f, 0xf0, 0x0, 0x7, 0xfc, 0x7f,
    0xd0, 0x0, 0x2f, 0xf0, 0xff, 0xc0, 0x0, 0xff,
    0x81, 0xff, 0x80, 0xf, 0xfc, 0x3, 0xff, 0xea,
    0xff, 0xe0, 0x3, 0xff, 0xff, 0xfe, 0x0, 0x2,
    0xff, 0xff, 0xe0, 0x0, 0x0, 0xbf, 0xf4, 0x0,
    0x0,

    /* U+00D7 "×" */
    0x2, 0x0, 0x0, 0x80, 0x3f, 0x0, 0xf, 0xc3,
    0xff, 0x0, 0xff, 0x83, 0xff, 0xf, 0xfc, 0x3,
    0xff, 0xff, 0xc0, 0x3, 0xff, 0xfc, 0x0, 0x3,
    0xff, 0xc0, 0x0, 0xf, 0xff, 0x0, 0x0, 0xff,
    0xff, 0x0, 0xf, 0xff, 0xff, 0x0, 0xff, 0xc3,
    0xff, 0xf, 0xfc, 0x3, 0xfe, 0xf, 0xc0, 0x3,
    0xf0, 0xc, 0x0, 0x3, 0x0, 0x0, 0x0, 0x0,
    0x0,

    /* U+00D8 "Ø" */
    0x0, 0x0, 0x0, 0x3, 0xe0, 0x0, 0x2f, 0xfd,
    0x2f, 0x0, 0xb, 0xff, 0xff, 0xf8, 0x0, 0xff,
    0xff, 0xff, 0xc0, 0xb, 0xff, 0xaf, 0xff, 0x80,
    0x7f, 0xe0, 0x3, 0xff, 0x3, 0xff, 0x0, 0x2f,
    0xfe, 0xf, 0xf4, 0x0, 0xff, 0xfc, 0x7f, 0xc0,
    0xf, 0xdf, 0xf6, 0xff, 0x0, 0x7d, 0x3f, 0xdb,
    0xfc, 0x3, 0xe0, 0xff, 0x6f, 0xf0, 0x2f, 0x3,
    0xfe, 0xbf, 0xc1, 0xf4, 0xf, 0xfa, 0xff, 0xf,
    0xc0, 0x3f, 0xd7, 0xfc, 0xbc, 0x0, 0xff, 0x4f,
    0xfb, 0xe0, 0x7, 0xfc, 0x3f, 0xff, 0x0, 0x3f,
    0xe0, 0x7f, 0xf4, 0x3, 0xff, 0x40, 0xbf, 0xfa,
    0xbf, 0xf8, 0x0, 0xff, 0xff, 0xff, 0xc0, 0x7,
    0xff, 0xff, 0xf8, 0x0, 0x3f, 0x2f, 0xfe, 0x0,
    0x2, 0xf0, 0x0, 0x0, 0x0, 0x0,

    /* U+00D9 "Ù" */
    0x0, 0xff, 0x40, 0x0, 0x0, 0x7, 0xfc, 0x0,
    0x0, 0x0, 0x1f, 0xe0, 0x0, 0x0, 0x0, 0x7f,
    0x40, 0x0, 0x0, 0x1, 0xa4, 0x0, 0x0, 0x0,
    0x0, 0x0, 0x0, 0x7f, 0xc0, 0x0, 0x7f, 0xc7,
    0xfc, 0x0, 0x7, 0xfc, 0x7f, 0xc0, 0x0, 0x7f,
    0xc7, 0xfc, 0x0, 0x7, 0xfc, 0x7f, 0xc0, 0x0,
    0x7f, 0xc7, 0xfc, 0x0, 0x7, 0xfc, 0x7f, 0xc0,
    0x0, 0x7f, 0xc7, 0xfc, 0x0, 0x7, 0xfc, 0x7f,
    0xc0, 0x0, 0x7f, 0xc7, 0xfc, 0x0, 0x7, 0xfc,
    0x7f, 0xc0, 0x0, 0x7f, 0xc7, 0xfc, 0x0, 0x7,
    0xfc, 0x7f, 0xc0, 0x0, 0x7f, 0xc7, 0xfc, 0x0,
    0x7, 0xfc, 0x3f, 0xc0, 0x0, 0x7f, 0xc3, 0xfd,
    0x0, 0xb, 0xfc, 0x3f, 0xf0, 0x1, 0xff, 0x81,
    0xff, 0xea, 0xff, 0xf0, 0xb, 0xff, 0xff, 0xfd,
    0x0, 0x1f, 0xff, 0xff, 0x40, 0x0, 0x1b, 0xfe,
    0x40, 0x0,

    /* U+00DA "Ú" */
    0x0, 0x0, 0x2f, 0xf0, 0x0, 0x0, 0x7, 0xfc,
    0x0, 0x0, 0x0, 0xff, 0x0, 0x0, 0x0, 0x2f,
    0xc0, 0x0, 0x0, 0x2, 0xa0, 0x0, 0x0, 0x0,
    0x0, 0x0, 0x0, 0x7f, 0xc0, 0x0, 0x7f, 0xc7,
    0xfc, 0x0, 0x7, 0xfc, 0x7f, 0xc0, 0x0, 0x7f,
    0xc7, 0xfc, 0x0, 0x7, 0xfc, 0x7f, 0xc0, 0x0,
    0x7f, 0xc7, 0xfc, 0x0, 0x7, 0xfc, 0x7f, 0xc0,
    0x0, 0x7f, 0xc7, 0xfc, 0x0, 0x7, 0xfc, 0x7f,
    0xc0, 0x0, 0x7f, 0xc7, 0xfc, 0x0, 0x7, 0xfc,
    0x7f, 0xc0, 0x0, 0x7f, 0xc7, 0xfc, 0x0, 0x7,
    0xfc, 0x7f, 0xc0, 0x0, 0x7f, 0xc7, 0xfc, 0x0,
    0x7, 0xfc, 0x3f, 0xc0, 0x0, 0x7f, 0xc3, 0xfd,
    0x0, 0xb, 0xfc, 0x3f, 0xf0, 0x1, 0xff, 0x81,
    0xff, 0xea, 0xff, 0xf0, 0xb, 0xff, 0xff, 0xfd,
    0x0, 0x1f, 0xff, 0xff, 0x40, 0x0, 0x1b, 0xfe,
    0x40, 0x0,

    /* U+00DB "Û" */
    0x0, 0x3, 0xf8, 0x0, 0x0, 0x0, 0xff, 0xe0,
    0x0, 0x0, 0x7f, 0x6f, 0x80, 0x0, 0x1f, 0xc0,
    0xbf, 0x0, 0x0, 0x0, 0x0, 0x0, 0x0, 0x0,
    0x0, 0x0, 0x0, 0x7f, 0xc0, 0x0, 0x7f, 0xc7,
    0xfc, 0x0, 0x7, 0xfc, 0x7f, 0xc0, 0x0, 0x7f,
    0xc7, 0xfc, 0x0, 0x7, 0xfc, 0x7f, 0xc0, 0x0,
    0x7f, 0xc7, 0xfc, 0x0, 0x7, 0xfc, 0x7f, 0xc0,
    0x0, 0x7f, 0xc7, 0xfc, 0x0, 0x7, 0xfc, 0x7f,
    0xc0, 0x0, 0x7f, 0xc7, 0xfc, 0x0, 0x7, 0xfc,
    0x7f, 0xc0, 0x0, 0x7f, 0xc7, 0xfc, 0x0, 0x7,
    0xfc, 0x7f, 0xc0, 0x0, 0x7f, 0xc7, 0xfc, 0x0,
    0x7, 0xfc, 0x3f, 0xc0, 0x0, 0x7f, 0xc3, 0xfd,
    0x0, 0xb, 0xfc, 0x3f, 0xf0, 0x1, 0xff, 0x81,
    0xff, 0xea, 0xff, 0xf0, 0xb, 0xff, 0xff, 0xfd,
    0x0, 0x1f, 0xff, 0xff, 0x40, 0x0, 0x1b, 0xfe,
    0x40, 0x0,

    /* U+00DC "Ü" */
    0x0, 0xa0, 0x1, 0x90, 0x0, 0x2f, 0xc0, 0x7f,
    0x0, 0x2, 0xfc, 0xb, 0xf4, 0x0, 0xf, 0x80,
    0x3e, 0x0, 0x0, 0x0, 0x0, 0x0, 0x0, 0x0,
    0x0, 0x0, 0x0, 0x7f, 0xc0, 0x0, 0x7f, 0xc7,
    0xfc, 0x0, 0x7, 0xfc, 0x7f, 0xc0, 0x0, 0x7f,
    0xc7, 0xfc, 0x0, 0x7, 0xfc, 0x7f, 0xc0, 0x0,
    0x7f, 0xc7, 0xfc, 0x0, 0x7, 0xfc, 0x7f, 0xc0,
    0x0, 0x7f, 0xc7, 0xfc, 0x0, 0x7, 0xfc, 0x7f,
    0xc0, 0x0, 0x7f, 0xc7, 0xfc, 0x0, 0x7, 0xfc,
    0x7f, 0xc0, 0x0, 0x7f, 0xc7, 0xfc, 0x0, 0x7,
    0xfc, 0x7f, 0xc0, 0x0, 0x7f, 0xc7, 0xfc, 0x0,
    0x7, 0xfc, 0x3f, 0xc0, 0x0, 0x7f, 0xc3, 0xfd,
    0x0, 0xb, 0xfc, 0x3f, 0xf0, 0x1, 0xff, 0x81,
    0xff, 0xea, 0xff, 0xf0, 0xb, 0xff, 0xff, 0xfd,
    0x0, 0x1f, 0xff, 0xff, 0x40, 0x0, 0x1b, 0xfe,
    0x40, 0x0,

    /* U+00DD "Ý" */
    0x0, 0x0, 0xf, 0xf4, 0x0, 0x0, 0x0, 0xff,
    0x40, 0x0, 0x0, 0x7, 0xf8, 0x0, 0x0, 0x0,
    0x3f, 0x80, 0x0, 0x0, 0x1, 0xa4, 0x0, 0x0,
    0x0, 0x0, 0x0, 0x0, 0xb, 0xfc, 0x0, 0x2,
    0xff, 0xf, 0xf8, 0x0, 0xf, 0xf8, 0x2f, 0xf0,
    0x0, 0x7f, 0xc0, 0x3f, 0xd0, 0x3, 0xfe, 0x0,
    0xbf, 0xc0, 0x1f, 0xf0, 0x0, 0xff, 0x40, 0xff,
    0x80, 0x2, 0xff, 0x7, 0xfc, 0x0, 0x3, 0xfd,
    0x3f, 0xe0, 0x0, 0xb, 0xfd, 0xff, 0x0, 0x0,
    0xf, 0xff, 0xf8, 0x0, 0x0, 0x1f, 0xff, 0xc0,
    0x0, 0x0, 0x3f, 0xfd, 0x0, 0x0, 0x0, 0x7f,
    0xf0, 0x0, 0x0, 0x0, 0xff, 0x80, 0x0, 0x0,
    0x3, 0xfe, 0x0, 0x0, 0x0, 0xf, 0xf8, 0x0,
    0x0, 0x0, 0x3f, 0xe0, 0x0, 0x0, 0x0, 0xff,
    0x80, 0x0, 0x0, 0x3, 0xfe, 0x0, 0x0, 0x0,
    0xf, 0xf8, 0x0, 0x0, 0x0, 0x3f, 0xe0, 0x0,
    0x0,

    /* U+00DE "Þ" */
    0x3f, 0xc0, 0x0, 0x0, 0xf, 0xf0, 0x0, 0x0,
    0x3, 0xfc, 0x0, 0x0, 0x0, 0xff, 0x55, 0x40,
    0x0, 0x3f, 0xff, 0xff, 0x80, 0xf, 0xff, 0xff,
    0xfd, 0x3, 0xff, 0xff, 0xff, 0xc0, 0xff, 0x0,
    0x2f, 0xf8, 0x3f, 0xc0, 0x1, 0xff, 0xf, 0xf0,
    0x0, 0x3f, 0xc3, 0xfc, 0x0, 0xf, 0xf4, 0xff,
    0x0, 0x3, 0xfc, 0x3f, 0xc0, 0x2, 0xff, 0xf,
    0xf5, 0x57, 0xff, 0x83, 0xff, 0xff, 0xff, 0xc0,
    0xff, 0xff, 0xff, 0x80, 0x3f, 0xff, 0xfe, 0x40,
    0xf, 0xf0, 0x0, 0x0, 0x3, 0xfc, 0x0, 0x0,
    0x0, 0xff, 0x0, 0x0, 0x0, 0x3f, 0xc0, 0x0,
    0x0, 0x0,

    /* U+00DF "ß" */
    0x0, 0x6f, 0xf8, 0x0, 0x0, 0xff, 0xff, 0xd0,
    0x0, 0xff, 0xff, 0xfd, 0x0, 0x7f, 0xe6, 0xff,
    0xc0, 0x2f, 0xe0, 0x1f, 0xf0, 0xf, 0xf4, 0x3,
    0xfc, 0x3, 0xfc, 0x1, 0xff, 0x0, 0xff, 0x0,
    0xbf, 0x80, 0x3f, 0xc0, 0x3f, 0xc0, 0xf, 0xf0,
    0x1f, 0xf0, 0x3, 0xfc, 0xb, 0xf8, 0x0, 0xff,
    0x2, 0xff, 0x0, 0x3f, 0xc0, 0x7f, 0xe0, 0xf,
    0xf0, 0xb, 0xfe, 0x3, 0xfc, 0x0, 0xbf, 0xe0,
    0xff, 0x0, 0xb, 0xfd, 0x3f, 0xc0, 0x0, 0xbf,
    0xcf, 0xf0, 0x0, 0x1f, 0xf3, 0xfc, 0x0, 0xb,
    0xfc, 0xff, 0xe, 0x5b, 0xfe, 0x3f, 0xc7, 0xff,
    0xff, 0xf, 0xf1, 0xff, 0xff, 0x43, 0xfc, 0x6f,
    0xfe, 0x0,

    /* U+00E0 "à" */
    0xf, 0xf8, 0x0, 0x0, 0xf, 0xf4, 0x0, 0x0,
    0xf, 0xf0, 0x0, 0x0, 0xf, 0xe0, 0x0, 0x0,
    0x1a, 0x40, 0x0, 0x0, 0x0, 0x0, 0x0, 0x1b,
    0xfe, 0x40, 0x3, 0xff, 0xff, 0x80, 0x3f, 0xff,
    0xff, 0x81, 0xff, 0x42, 0xff, 0x7, 0xf8, 0x3,
    0xfd, 0x0, 0x0, 0xf, 0xf4, 0x1, 0xbf, 0xff,
    0xd0, 0x7f, 0xff, 0xff, 0x43, 0xff, 0x97, 0xfd,
    0x2f, 0xe0, 0xf, 0xf4, 0xff, 0x40, 0x3f, 0xd3,
    0xfd, 0x0, 0xff, 0x4f, 0xfd, 0x5f, 0xfd, 0x1f,
    0xff, 0xff, 0xf4, 0x2f, 0xff, 0xff, 0xe0, 0x1b,
    0xf8, 0x7f, 0xc0,

    /* U+00E1 "á" */
    0x0, 0x1, 0xff, 0x0, 0x0, 0xf, 0xf0, 0x0,
    0x0, 0xbf, 0x40, 0x0, 0x7, 0xf4, 0x0, 0x0,
    0x1a, 0x40, 0x0, 0x0, 0x0, 0x0, 0x0, 0x1b,
    0xfe, 0x40, 0x3, 0xff, 0xff, 0x80, 0x3f, 0xff,
    0xff, 0x81, 0xff, 0x42, 0xff, 0x7, 0xf8, 0x3,
    0xfd, 0x0, 0x0, 0xf, 0xf4, 0x1, 0xbf, 0xff,
    0xd0, 0x7f, 0xff, 0xff, 0x43, 0xff, 0x97, 0xfd,
    0x2f, 0xe0, 0xf, 0xf4, 0xff, 0x40, 0x3f, 0xd3,
    0xfd, 0x0, 0xff, 0x4f, 0xfd, 0x5f, 0xfd, 0x1f,
    0xff, 0xff, 0xf4, 0x2f, 0xff, 0xff, 0xe0, 0x1b,
    0xf8, 0x7f, 0xc0,

    /* U+00E2 "â" */
    0x0, 0x2f, 0xc0, 0x0, 0x3, 0xff, 0xc0, 0x0,
    0x3f, 0x9f, 0xc0, 0x3, 0xf4, 0x1f, 0xc0, 0x0,
    0x0, 0x0, 0x0, 0x0, 0x0, 0x0, 0x0, 0x1b,
    0xfe, 0x40, 0x3, 0xff, 0xff, 0x80, 0x3f, 0xff,
    0xff, 0x81, 0xff, 0x42, 0xff, 0x7, 0xf8, 0x3,
    0xfd, 0x0, 0x0, 0xf, 0xf4, 0x1, 0xbf, 0xff,
    0xd0, 0x7f, 0xff, 0xff, 0x43, 0xff, 0x97, 0xfd,
    0x2f, 0xe0, 0xf, 0xf4, 0xff, 0x40, 0x3f, 0xd3,
    0xfd, 0x0, 0xff, 0x4f, 0xfd, 0x5f, 0xfd, 0x1f,
    0xff, 0xff, 0xf4, 0x2f, 0xff, 0xff, 0xe0, 0x1b,
    0xf8, 0x7f, 0xc0,

    /* U+00E3 "ã" */
    0x2, 0xf9, 0xf, 0x40, 0x3f, 0xff, 0xfc, 0x0,
    0xfe, 0xff, 0xe0, 0x6, 0x80, 0x69, 0x0, 0x0,
    0x0, 0x0, 0x0, 0x0, 0x0, 0x0, 0x0, 0x1b,
    0xfe, 0x40, 0x3, 0xff, 0xff, 0x80, 0x3f, 0xff,
    0xff, 0x81, 0xff, 0x42, 0xff, 0x7, 0xf8, 0x3,
    0xfd, 0x0, 0x0, 0xf, 0xf4, 0x1, 0xbf, 0xff,
    0xd0, 0x7f, 0xff, 0xff, 0x43, 0xff, 0x97, 0xfd,
    0x2f, 0xe0, 0xf, 0xf4, 0xff, 0x40, 0x3f, 0xd3,
    0xfd, 0x0, 0xff, 0x4f, 0xfd, 0x5f, 0xfd, 0x1f,
    0xff, 0xff, 0xf4, 0x2f, 0xff, 0xff, 0xe0, 0x1b,
    0xf8, 0x7f, 0xc0,

    /* U+00E4 "ä" */
    0xb, 0x80, 0x2f, 0x0, 0x7f, 0x41, 0xfe, 0x1,
    0xfd, 0x3, 0xf4, 0x1, 0x90, 0x6, 0x40, 0x0,
    0x0, 0x0, 0x0, 0x6, 0xff, 0x90, 0x0, 0xff,
    0xff, 0xe0, 0xf, 0xff, 0xff, 0xe0, 0x7f, 0xd0,
    0xbf, 0xc1, 0xfe, 0x0, 0xff, 0x40, 0x0, 0x3,
    0xfd, 0x0, 0x6f, 0xff, 0xf4, 0x1f, 0xff, 0xff,
    0xd0, 0xff, 0xe5, 0xff, 0x4b, 0xf8, 0x3, 0xfd,
    0x3f, 0xd0, 0xf, 0xf4, 0xff, 0x40, 0x3f, 0xd3,
    0xff, 0x57, 0xff, 0x47, 0xff, 0xff, 0xfd, 0xb,
    0xff, 0xff, 0xf8, 0x6, 0xfe, 0x1f, 0xf0,

    /* U+00E5 "å" */
    0x0, 0x0, 0x0, 0x0, 0x0, 0xbe, 0x0, 0x0,
    0xb, 0x5f, 0x0, 0x0, 0x38, 0x1c, 0x0, 0x0,
    0xe0, 0x74, 0x0, 0x3, 0xc3, 0xc0, 0x0, 0x3,
    0xfd, 0x0, 0x0, 0x0, 0x0, 0x0, 0x0, 0x0,
    0x0, 0x0, 0x6, 0xff, 0x90, 0x0, 0xff, 0xff,
    0xe0, 0xf, 0xff, 0xff, 0xe0, 0x7f, 0xd0, 0xbf,
    0xc1, 0xfe, 0x0, 0xff, 0x40, 0x0, 0x3, 0xfd,
    0x0, 0x6f, 0xff, 0xf4, 0x1f, 0xff, 0xff, 0xd0,
    0xff, 0xe5, 0xff, 0x4b, 0xf8, 0x3, 0xfd, 0x3f,
    0xd0, 0xf, 0xf4, 0xff, 0x40, 0x3f, 0xd3, 0xff,
    0x57, 0xff, 0x47, 0xff, 0xff, 0xfd, 0xb, 0xff,
    0xff, 0xf8, 0x6, 0xfe, 0x1f, 0xf0,

    /* U+00E6 "æ" */
    0x0, 0x6f, 0xf9, 0x6, 0xff, 0x80, 0x0, 0xbf,
    0xff, 0xfb, 0xff, 0xfd, 0x0, 0xbf, 0xff, 0xff,
    0xff, 0xff, 0xd0, 0x7f, 0xf5, 0xbf, 0xfe, 0x5f,
    0xfc, 0x1f, 0xe0, 0xb, 0xfd, 0x0, 0xff, 0x0,
    0x0, 0x1, 0xff, 0x0, 0x2f, 0xd0, 0x6, 0xff,
    0xff, 0xff, 0xff, 0xf8, 0x1f, 0xff, 0xff, 0xff,
    0xff, 0xfe, 0x1f, 0xff, 0xff, 0xff, 0xff, 0xff,
    0x8f, 0xfd, 0x1, 0xff, 0x0, 0x0, 0x3, 0xfd,
    0x0, 0x7f, 0xc0, 0x0, 0x0, 0xff, 0x40, 0x1f,
    0xfc, 0x0, 0x10, 0x3f, 0xf4, 0x2f, 0xff, 0xe5,
    0xbd, 0x7, 0xff, 0xff, 0xff, 0xff, 0xff, 0xc0,
    0xbf, 0xff, 0xe2, 0xff, 0xff, 0xe0, 0x6, 0xff,
    0x90, 0xb, 0xff, 0x80,

    /* U+00E7 "ç" */
    0x0, 0x2f, 0xf9, 0x0, 0x7, 0xff, 0xfe, 0x0,
    0x7f, 0xff, 0xfe, 0x3, 0xff, 0x5b, 0xfd, 0x1f,
    0xf0, 0xb, 0xf8, 0xff, 0x40, 0xf, 0xf3, 0xfd,
    0x0, 0x0, 0xf, 0xf0, 0x0, 0x0, 0x3f, 0xc0,
    0x0, 0x0, 0xff, 0x40, 0x0, 0x3, 0xfd, 0x0,
    0x2a, 0x47, 0xfc, 0x1, 0xfe, 0xf, 0xfd, 0x6f,
    0xf4, 0x1f, 0xff, 0xff, 0x80, 0x1f, 0xff, 0xf8,
    0x0, 0xb, 0xfe, 0x40, 0x0, 0xb, 0xf4, 0x0,
    0x0, 0x1b, 0xf4, 0x0, 0x0, 0xf, 0xe0, 0x0,
    0x0, 0xbf, 0x80, 0x0, 0x7, 0xfc, 0x0, 0x0,
    0x1f, 0x80, 0x0,

    /* U+00E8 "è" */
    0xf, 0xf4, 0x0, 0x0, 0xf, 0xf0, 0x0, 0x0,
    0xf, 0xf0, 0x0, 0x0, 0x1f, 0xd0, 0x0, 0x0,
    0x1a, 0x40, 0x0, 0x0, 0x0, 0x0, 0x0, 0x6,
    0xfe, 0x40, 0x0, 0xff, 0xff, 0xc0, 0xf, 0xff,
    0xff, 0xc0, 0xff, 0xe6, 0xff, 0x87, 0xfc, 0x0,
    0xff, 0x2f, 0xe0, 0x3, 0xfd, 0xff, 0xff, 0xff,
    0xf7, 0xff, 0xff, 0xff, 0xdf, 0xff, 0xff, 0xff,
    0x7f, 0xd0, 0x0, 0x0, 0xbf, 0xc0, 0x0, 0x1,
    0xff, 0x80, 0xa, 0x3, 0xff, 0xe6, 0xfe, 0x3,
    0xff, 0xff, 0xfc, 0x3, 0xff, 0xff, 0x80, 0x1,
    0xbf, 0xe0, 0x0,

    /* U+00E9 "é" */
    0x0, 0x2, 0xff, 0x0, 0x0, 0xf, 0xf0, 0x0,
    0x0, 0xff, 0x0, 0x0, 0x7, 0xf4, 0x0, 0x0,
    0x1a, 0x40, 0x0, 0x0, 0x0, 0x0, 0x0, 0x6,
    0xfe, 0x40, 0x0, 0xff, 0xff, 0xc0, 0xf, 0xff,
    0xff, 0xc0, 0xff, 0xe6, 0xff, 0x87, 0xfc, 0x0,
    0xff, 0x2f, 0xe0, 0x3, 0xfd, 0xff, 0xff, 0xff,
    0xf7, 0xff, 0xff, 0xff, 0xdf, 0xff, 0xff, 0xff,
    0x7f, 0xd0, 0x0, 0x0, 0xbf, 0xc0, 0x0, 0x1,
    0xff, 0x80, 0xa, 0x3, 0xff, 0xe6, 0xfe, 0x3,
    0xff, 0xff, 0xfc, 0x3, 0xff, 0xff, 0x80, 0x1,
    0xbf, 0xe0, 0x0,

    /* U+00EA "ê" */
    0x0, 0x3f, 0x80, 0x0, 0x3, 0xff, 0xc0, 0x0,
    0x3f, 0x5f, 0xc0, 0x7, 0xf4, 0x1f, 0xc0, 0x0,
    0x0, 0x0, 0x0, 0x0, 0x0, 0x0, 0x0, 0x6,
    0xfe, 0x40, 0x0, 0xff, 0xff, 0xc0, 0xf, 0xff,
    0xff, 0xc0, 0xff, 0xe6, 0xff, 0x87, 0xfc, 0x0,
    0xff, 0x2f, 0xe0, 0x3, 0xfd, 0xff, 0xff, 0xff,
    0xf7, 0xff, 0xff, 0xff, 0xdf, 0xff, 0xff, 0xff,
    0x7f, 0xd0, 0x0, 0x0, 0xbf, 0xc0, 0x0, 0x1,
    0xff, 0x80, 0xa, 0x3, 0xff, 0xe6, 0xfe, 0x3,
    0xff, 0xff, 0xfc, 0x3, 0xff, 0xff, 0x80, 0x1,
    0xbf, 0xe0, 0x0,

    /* U+00EB "ë" */
    0xf, 0x80, 0x2e, 0x0, 0xbf, 0x41, 0xfd, 0x1,
    0xfc, 0x7, 0xf4, 0x1, 0x90, 0x6, 0x40, 0x0,
    0x0, 0x0, 0x0, 0x1, 0xbf, 0x90, 0x0, 0x3f,
    0xff, 0xf0, 0x3, 0xff, 0xff, 0xf0, 0x3f, 0xf9,
    0xbf, 0xe1, 0xff, 0x0, 0x3f, 0xcb, 0xf8, 0x0,
    0xff, 0x7f, 0xff, 0xff, 0xfd, 0xff, 0xff, 0xff,
    0xf7, 0xff, 0xff, 0xff, 0xdf, 0xf4, 0x0, 0x0,
    0x2f, 0xf0, 0x0, 0x0, 0x7f, 0xe0, 0x2, 0x80,
    0xff, 0xf9, 0xbf, 0x80, 0xff, 0xff, 0xff, 0x0,
    0xff, 0xff, 0xe0, 0x0, 0x6f, 0xf8, 0x0,

    /* U+00EC "ì" */
    0x3f, 0xe0, 0x3, 0xfd, 0x0, 0x3f, 0xc0, 0x3,
    0xf8, 0x0, 0x2a, 0x0, 0x0, 0x0, 0xf, 0xf0,
    0x3, 0xfc, 0x0, 0xff, 0x0, 0x3f, 0xc0, 0xf,
    0xf0, 0x3, 0xfc, 0x0, 0xff, 0x0, 0x3f, 0xc0,
    0xf, 0xf0, 0x3, 0xfc, 0x0, 0xff, 0x0, 0x3f,
    0xc0, 0xf, 0xf0, 0x3, 0xfc, 0x0, 0xff, 0x0,
    0x3f, 0xc0,

    /* U+00ED "í" */
    0x1, 0xff, 0x0, 0xff, 0x0, 0xbf, 0x40, 0x7f,
    0x40, 0x1a, 0x40, 0x0, 0x0, 0x3, 0xfc, 0x0,
    0xff, 0x0, 0x3f, 0xc0, 0xf, 0xf0, 0x3, 0xfc,
    0x0, 0xff, 0x0, 0x3f, 0xc0, 0xf, 0xf0, 0x3,
    0xfc, 0x0, 0xff, 0x0, 0x3f, 0xc0, 0xf, 0xf0,
    0x3, 0xfc, 0x0, 0xff, 0x0, 0x3f, 0xc0, 0xf,
    0xf0, 0x0,

    /* U+00EE "î" */
    0x0, 0xbf, 0x0, 0x3, 0xff, 0xc0, 0xf, 0xe7,
    0xf0, 0x3f, 0x40, 0xfc, 0x0, 0x0, 0x0, 0x0,
    0x0, 0x0, 0x0, 0xff, 0x0, 0x0, 0xff, 0x0,
    0x0, 0xff, 0x0, 0x0, 0xff, 0x0, 0x0, 0xff,
    0x0, 0x0, 0xff, 0x0, 0x0, 0xff, 0x0, 0x0,
    0xff, 0x0, 0x0, 0xff, 0x0, 0x0, 0xff, 0x0,
    0x0, 0xff, 0x0, 0x0, 0xff, 0x0, 0x0, 0xff,
    0x0, 0x0, 0xff, 0x0, 0x0, 0xff, 0x0, 0x0,
    0xff, 0x0,

    /* U+00EF "ï" */
    0x2e, 0x0, 0xbc, 0x7f, 0x41, 0xfe, 0x7f, 0x40,
    0xfe, 0x19, 0x0, 0x64, 0x0, 0x0, 0x0, 0x0,
    0xff, 0x0, 0x0, 0xff, 0x0, 0x0, 0xff, 0x0,
    0x0, 0xff, 0x0, 0x0, 0xff, 0x0, 0x0, 0xff,
    0x0, 0x0, 0xff, 0x0, 0x0, 0xff, 0x0, 0x0,
    0xff, 0x0, 0x0, 0xff, 0x0, 0x0, 0xff, 0x0,
    0x0, 0xff, 0x0, 0x0, 0xff, 0x0, 0x0, 0xff,
    0x0, 0x0, 0xff, 0x0, 0x0, 0xff, 0x0,

    /* U+00F0 "ð" */
    0x0, 0x0, 0x0, 0x0, 0x1, 0xe4, 0x0, 0x0,
    0x3, 0xff, 0x42, 0x80, 0x7, 0xff, 0xef, 0xc0,
    0x2, 0xff, 0xff, 0x0, 0x0, 0x1f, 0xff, 0x0,
    0x0, 0x2f, 0xff, 0x80, 0x0, 0xbd, 0xbf, 0xd0,
    0x0, 0x20, 0x3f, 0xf0, 0x0, 0x0, 0xf, 0xf4,
    0x1, 0xff, 0xef, 0xf8, 0xb, 0xff, 0xff, 0xfc,
    0x2f, 0xff, 0xff, 0xfc, 0x3f, 0xf0, 0x1f, 0xfc,
    0x7f, 0xc0, 0x3, 0xfc, 0xbf, 0x80, 0x3, 0xfc,
    0xbf, 0x80, 0x3, 0xfc, 0xbf, 0x80, 0x3, 0xfc,
    0xbf, 0xc0, 0xb, 0xf8, 0x7f, 0xd0, 0xf, 0xf4,
    0x3f, 0xf9, 0xbf, 0xf0, 0xf, 0xff, 0xff, 0xc0,
    0x3, 0xff, 0xff, 0x0, 0x0, 0x6f, 0xe4, 0x0,

    /* U+00F1 "ñ" */
    0x1, 0xfd, 0xb, 0xc0, 0x1f, 0xff, 0xfe, 0x0,
    0xfe, 0xff, 0xf0, 0x2, 0x90, 0x19, 0x0, 0x0,
    0x0, 0x0, 0x0, 0x0, 0x0, 0x0, 0x7, 0xf8,
    0x7f, 0xe0, 0x1f, 0xef, 0xff, 0xf0, 0x7f, 0xff,
    0xff, 0xe1, 0xff, 0xe6, 0xff, 0xc7, 0xfc, 0x1,
    0xff, 0x1f, 0xf0, 0x3, 0xfc, 0x7f, 0xc0, 0xf,
    0xf1, 0xff, 0x0, 0x3f, 0xc7, 0xfc, 0x0, 0xff,
    0x1f, 0xf0, 0x3, 0xfc, 0x7f, 0xc0, 0xf, 0xf1,
    0xff, 0x0, 0x3f, 0xc7, 0xfc, 0x0, 0xff, 0x1f,
    0xf0, 0x3, 0xfc, 0x7f, 0xc0, 0xf, 0xf1, 0xff,
    0x0, 0x3f, 0xc0,

    /* U+00F2 "ò" */
    0x2, 0xff, 0x0, 0x0, 0x0, 0xbf, 0x80, 0x0,
    0x0, 0x2f, 0xd0, 0x0, 0x0, 0xf, 0xf0, 0x0,
    0x0, 0x1, 0xa0, 0x0, 0x0, 0x0, 0x0, 0x0,
    0x0, 0x1f, 0xf9, 0x0, 0x1, 0xff, 0xff, 0xc0,
    0x7, 0xff, 0xff, 0xf0, 0xf, 0xfe, 0x6f, 0xfc,
    0x1f, 0xf0, 0x3, 0xfd, 0x2f, 0xe0, 0x2, 0xfe,
    0x3f, 0xd0, 0x1, 0xff, 0x3f, 0xc0, 0x1, 0xff,
    0x3f, 0xc0, 0x1, 0xff, 0x3f, 0xd0, 0x1, 0xff,
    0x2f, 0xe0, 0x2, 0xfe, 0x1f, 0xf0, 0x3, 0xfd,
    0xf, 0xfe, 0x6f, 0xfc, 0x7, 0xff, 0xff, 0xf0,
    0x1, 0xff, 0xff, 0xd0, 0x0, 0x1f, 0xfd, 0x0,

    /* U+00F3 "ó" */
    0x0, 0x0, 0x3f, 0xd0, 0x0, 0x0, 0xbf, 0x80,
    0x0, 0x1, 0xfe, 0x0, 0x0, 0x3, 0xf8, 0x0,
    0x0, 0x2, 0x90, 0x0, 0x0, 0x0, 0x0, 0x0,
    0x0, 0x1f, 0xf9, 0x0, 0x1, 0xff, 0xff, 0xc0,
    0x7, 0xff, 0xff, 0xf0, 0xf, 0xfe, 0x6f, 0xfc,
    0x1f, 0xf0, 0x3, 0xfd, 0x2f, 0xe0, 0x2, 0xfe,
    0x3f, 0xd0, 0x1, 0xff, 0x3f, 0xc0, 0x1, 0xff,
    0x3f, 0xc0, 0x1, 0xff, 0x3f, 0xd0, 0x1, 0xff,
    0x2f, 0xe0, 0x2, 0xfe, 0x1f, 0xf0, 0x3, 0xfd,
    0xf, 0xfe, 0x6f, 0xfc, 0x7, 0xff, 0xff, 0xf0,
    0x1, 0xff, 0xff, 0xd0, 0x0, 0x1f, 0xfd, 0x0,

    /* U+00F4 "ô" */
    0x0, 0x7, 0xf4, 0x0, 0x0, 0x2f, 0xfd, 0x0,
    0x0, 0xbf, 0x3f, 0x40, 0x2, 0xf8, 0xf, 0xe0,
    0x0, 0x0, 0x0, 0x0, 0x0, 0x0, 0x0, 0x0,
    0x0, 0x1f, 0xf9, 0x0, 0x1, 0xff, 0xff, 0xc0,
    0x7, 0xff, 0xff, 0xf0, 0xf, 0xfe, 0x6f, 0xfc,
    0x1f, 0xf0, 0x3, 0xfd, 0x2f, 0xe0, 0x2, 0xfe,
    0x3f, 0xd0, 0x1, 0xff, 0x3f, 0xc0, 0x1, 0xff,
    0x3f, 0xc0, 0x1, 0xff, 0x3f, 0xd0, 0x1, 0xff,
    0x2f, 0xe0, 0x2, 0xfe, 0x1f, 0xf0, 0x3, 0xfd,
    0xf, 0xfe, 0x6f, 0xfc, 0x7, 0xff, 0xff, 0xf0,
    0x1, 0xff, 0xff, 0xd0, 0x0, 0x1f, 0xfd, 0x0,

    /* U+00F5 "õ" */
    0x0, 0x7f, 0x42, 0xf0, 0x1, 0xff, 0xff, 0xe0,
    0x3, 0xfb, 0xff, 0xc0, 0x2, 0x90, 0x1a, 0x0,
    0x0, 0x0, 0x0, 0x0, 0x0, 0x0, 0x0, 0x0,
    0x0, 0x1f, 0xf9, 0x0, 0x1, 0xff, 0xff, 0xc0,
    0x7, 0xff, 0xff, 0xf0, 0xf, 0xfe, 0x6f, 0xfc,
    0x1f, 0xf0, 0x3, 0xfd, 0x2f, 0xe0, 0x2, 0xfe,
    0x3f, 0xd0, 0x1, 0xff, 0x3f, 0xc0, 0x1, 0xff,
    0x3f, 0xc0, 0x1, 0xff, 0x3f, 0xd0, 0x1, 0xff,
    0x2f, 0xe0, 0x2, 0xfe, 0x1f, 0xf0, 0x3, 0xfd,
    0xf, 0xfe, 0x6f, 0xfc, 0x7, 0xff, 0xff, 0xf0,
    0x1, 0xff, 0xff, 0xd0, 0x0, 0x1f, 0xfd, 0x0,

    /* U+00F6 "ö" */
    0x1, 0xf0, 0x7, 0xd0, 0x3, 0xfc, 0xf, 0xf0,
    0x3, 0xf8, 0xf, 0xf0, 0x0, 0xa0, 0x2, 0x80,
    0x0, 0x0, 0x0, 0x0, 0x0, 0x1f, 0xf9, 0x0,
    0x1, 0xff, 0xff, 0xc0, 0x7, 0xff, 0xff, 0xf0,
    0xf, 0xfe, 0x6f, 0xfc, 0x1f, 0xf0, 0x3, 0xfd,
    0x2f, 0xe0, 0x2, 0xfe, 0x3f, 0xd0, 0x1, 0xff,
    0x3f, 0xc0, 0x1, 0xff, 0x3f, 0xc0, 0x1, 0xff,
    0x3f, 0xd0, 0x1, 0xff, 0x2f, 0xe0, 0x2, 0xfe,
    0x1f, 0xf0, 0x3, 0xfd, 0xf, 0xfe, 0x6f, 0xfc,
    0x7, 0xff, 0xff, 0xf0, 0x1, 0xff, 0xff, 0xd0,
    0x0, 0x1f, 0xfd, 0x0,

    /* U+00F7 "÷" */
    0x0, 0x3, 0xf0, 0x0, 0x0, 0xf, 0xf8, 0x0,
    0x0, 0xf, 0xfc, 0x0, 0x0, 0x7, 0xf4, 0x0,
    0x0, 0x0, 0x40, 0x0, 0x0, 0x0, 0x0, 0x0,
    0x3f, 0xff, 0xff, 0xff, 0x3f, 0xff, 0xff, 0xff,
    0x3f, 0xff, 0xff, 0xff, 0x15, 0x55, 0x55, 0x55,
    0x0, 0x0, 0x0, 0x0, 0x0, 0x0, 0x40, 0x0,
    0x0, 0x7, 0xf4, 0x0, 0x0, 0xf, 0xfc, 0x0,
    0x0, 0xf, 0xf8, 0x0, 0x0, 0x3, 0xf0, 0x0,

    /* U+00F8 "ø" */
    0x0, 0x0, 0x0, 0xf4, 0x0, 0x0, 0x1, 0xf0,
    0x0, 0x1f, 0xfb, 0xd0, 0x1, 0xff, 0xff, 0xd0,
    0x7, 0xff, 0xff, 0xf0, 0xf, 0xfe, 0x7f, 0xfc,
    0x1f, 0xf0, 0x3f, 0xfd, 0x2f, 0xe0, 0x7e, 0xfe,
    0x3f, 0xd0, 0xf5, 0xff, 0x3f, 0xc1, 0xf1, 0xff,
    0x3f, 0xc3, 0xd1, 0xff, 0x3f, 0xd7, 0xc1, 0xff,
    0x2f, 0xef, 0x42, 0xfe, 0x1f, 0xff, 0x3, 0xfd,
    0xf, 0xff, 0x6f, 0xfc, 0x7, 0xff, 0xff, 0xf0,
    0x1, 0xff, 0xff, 0xd0, 0x1, 0xff, 0xfd, 0x0,
    0x3, 0xe0, 0x0, 0x0, 0x7, 0xc0, 0x0, 0x0,

    /* U+00F9 "ù" */
    0xb, 0xfc, 0x0, 0x0, 0xb, 0xf8, 0x0, 0x0,
    0xf, 0xf0, 0x0, 0x0, 0xf, 0xf0, 0x0, 0x0,
    0x6, 0x80, 0x0, 0x0, 0x0, 0x0, 0x7, 0xfc,
    0x0, 0xff, 0x1f, 0xf0, 0x3, 0xfc, 0x7f, 0xc0,
    0xf, 0xf1, 0xff, 0x0, 0x3f, 0xc7, 0xfc, 0x0,
    0xff, 0x1f, 0xf0, 0x3, 0xfc, 0x7f, 0xc0, 0xf,
    0xf1, 0xff, 0x0, 0x3f, 0xc7, 0xfc, 0x0, 0xff,
    0x1f, 0xf0, 0x3, 0xfc, 0x7f, 0xc0, 0xf, 0xf1,
    0xff, 0x0, 0x7f, 0xc3, 0xff, 0x5b, 0xff, 0xf,
    0xff, 0xff, 0xfc, 0xf, 0xff, 0xff, 0xf0, 0xb,
    0xfd, 0x3f, 0xc0,

    /* U+00FA "ú" */
    0x0, 0x0, 0xff, 0x40, 0x0, 0xb, 0xf4, 0x0,
    0x0, 0x7f, 0x80, 0x0, 0x3, 0xf8, 0x0, 0x0,
    0xa, 0x40, 0x0, 0x0, 0x0, 0x0, 0x7, 0xfc,
    0x0, 0xff, 0x1f, 0xf0, 0x3, 0xfc, 0x7f, 0xc0,
    0xf, 0xf1, 0xff, 0x0, 0x3f, 0xc7, 0xfc, 0x0,
    0xff, 0x1f, 0xf0, 0x3, 0xfc, 0x7f, 0xc0, 0xf,
    0xf1, 0xff, 0x0, 0x3f, 0xc7, 0xfc, 0x0, 0xff,
    0x1f, 0xf0, 0x3, 0xfc, 0x7f, 0xc0, 0xf, 0xf1,
    0xff, 0x0, 0x7f, 0xc3, 0xff, 0x5b, 0xff, 0xf,
    0xff, 0xff, 0xfc, 0xf, 0xff, 0xff, 0xf0, 0xb,
    0xfd, 0x3f, 0xc0,

    /* U+00FB "û" */
    0x0, 0x1f, 0xd0, 0x0, 0x2, 0xff, 0xd0, 0x0,
    0x3f, 0x8f, 0xe0, 0x2, 0xf4, 0xb, 0xd0, 0x0,
    0x0, 0x0, 0x0, 0x0, 0x0, 0x0, 0x7, 0xfc,
    0x0, 0xff, 0x1f, 0xf0, 0x3, 0xfc, 0x7f, 0xc0,
    0xf, 0xf1, 0xff, 0x0, 0x3f, 0xc7, 0xfc, 0x0,
    0xff, 0x1f, 0xf0, 0x3, 0xfc, 0x7f, 0xc0, 0xf,
    0xf1, 0xff, 0x0, 0x3f, 0xc7, 0xfc, 0x0, 0xff,
    0x1f, 0xf0, 0x3, 0xfc, 0x7f, 0xc0, 0xf, 0xf1,
    0xff, 0x0, 0x7f, 0xc3, 0xff, 0x5b, 0xff, 0xf,
    0xff, 0xff, 0xfc, 0xf, 0xff, 0xff, 0xf0, 0xb,
    0xfd, 0x3f, 0xc0,

    /* U+00FC "ü" */
    0xb, 0xc0, 0x1f, 0x40, 0x3f, 0x80, 0xff, 0x0,
    0xfe, 0x3, 0xfc, 0x1, 0xa0, 0x2, 0x80, 0x0,
    0x0, 0x0, 0x1, 0xff, 0x0, 0x3f, 0xc7, 0xfc,
    0x0, 0xff, 0x1f, 0xf0, 0x3, 0xfc, 0x7f, 0xc0,
    0xf, 0xf1, 0xff, 0x0, 0x3f, 0xc7, 0xfc, 0x0,
    0xff, 0x1f, 0xf0, 0x3, 0xfc, 0x7f, 0xc0, 0xf,
    0xf1, 0xff, 0x0, 0x3f, 0xc7, 0xfc, 0x0, 0xff,
    0x1f, 0xf0, 0x3, 0xfc, 0x7f, 0xc0, 0x1f, 0xf0,
    0xff, 0xd6, 0xff, 0xc3, 0xff, 0xff, 0xff, 0x3,
    0xff, 0xff, 0xfc, 0x2, 0xff, 0x4f, 0xf0,

    /* U+00FD "ý" */
    0x0, 0x0, 0xff, 0x80, 0x0, 0x1, 0xfe, 0x0,
    0x0, 0x3, 0xfc, 0x0, 0x0, 0xf, 0xf0, 0x0,
    0x0, 0xa, 0x80, 0x0, 0x0, 0x0, 0x0, 0x0,
    0xff, 0x80, 0xb, 0xfc, 0x7f, 0xc0, 0xf, 0xf4,
    0x3f, 0xd0, 0x1f, 0xf0, 0x2f, 0xe0, 0x2f, 0xf0,
    0x1f, 0xf0, 0x3f, 0xd0, 0xf, 0xf4, 0x3f, 0xc0,
    0xb, 0xf8, 0x7f, 0x80, 0x7, 0xfc, 0xff, 0x40,
    0x3, 0xfc, 0xff, 0x0, 0x2, 0xff, 0xfe, 0x0,
    0x0, 0xff, 0xfd, 0x0, 0x0, 0xff, 0xfc, 0x0,
    0x0, 0xbf, 0xf8, 0x0, 0x0, 0x3f, 0xf4, 0x0,
    0x0, 0x3f, 0xf0, 0x0, 0x0, 0x2f, 0xe0, 0x0,
    0x0, 0x2f, 0xc0, 0x0, 0x0, 0x3f, 0xc0, 0x0,
    0x6, 0xff, 0x40, 0x0, 0x1f, 0xff, 0x0, 0x0,
    0x1f, 0xfd, 0x0, 0x0, 0xf, 0xe0, 0x0, 0x0,

    /* U+00FE "þ" */
    0x7f, 0xc0, 0x0, 0x1, 0xff, 0x0, 0x0, 0x7,
    0xfc, 0x0, 0x0, 0x1f, 0xf0, 0x0, 0x0, 0x7f,
    0xc0, 0x0, 0x1, 0xff, 0x0, 0x0, 0x7, 0xfc,
    0xbf, 0x90, 0x1f, 0xff, 0xff, 0xe0, 0x7f, 0xff,
    0xff, 0xe1, 0xff, 0xe6, 0xff, 0xc7, 0xfc, 0x0,
    0xff, 0x5f, 0xf0, 0x2, 0xfe, 0x7f, 0xc0, 0x7,
    0xfd, 0xff, 0x0, 0x1f, 0xf7, 0xfc, 0x0, 0x7f,
    0xdf, 0xf0, 0x1, 0xff, 0x7f, 0xc0, 0xb, 0xf9,
    0xff, 0x0, 0x3f, 0xd7, 0xff, 0x9b, 0xff, 0x1f,
    0xff, 0xff, 0xf4, 0x7f, 0xff, 0xff, 0x81, 0xff,
    0x2f, 0xe4, 0x7, 0xfc, 0x0, 0x0, 0x1f, 0xf0,
    0x0, 0x0, 0x7f, 0xc0, 0x0, 0x1, 0xff, 0x0,
    0x0, 0x7, 0xfc, 0x0, 0x0, 0x1f, 0xf0, 0x0,
    0x0,

    /* U+00FF "ÿ" */
    0x7, 0xd0, 0xf, 0x40, 0xf, 0xf0, 0x3f, 0xc0,
    0xf, 0xf0, 0x2f, 0xc0, 0x2, 0x80, 0xa, 0x0,
    0x0, 0x0, 0x0, 0x0, 0xff, 0x80, 0xb, 0xfc,
    0x7f, 0xc0, 0xf, 0xf4, 0x3f, 0xd0, 0x1f, 0xf0,
    0x2f, 0xe0, 0x2f, 0xf0, 0x1f, 0xf0, 0x3f, 0xd0,
    0xf, 0xf4, 0x3f, 0xc0, 0xb, 0xf8, 0x7f, 0x80,
    0x7, 0xfc, 0xff, 0x40, 0x3, 0xfc, 0xff, 0x0,
    0x2, 0xff, 0xfe, 0x0, 0x0, 0xff, 0xfd, 0x0,
    0x0, 0xff, 0xfc, 0x0, 0x0, 0xbf, 0xf8, 0x0,
    0x0, 0x3f, 0xf4, 0x0, 0x0, 0x3f, 0xf0, 0x0,
    0x0, 0x2f, 0xe0, 0x0, 0x0, 0x2f, 0xc0, 0x0,
    0x0, 0x3f, 0xc0, 0x0, 0x6, 0xff, 0x40, 0x0,
    0x1f, 0xff, 0x0, 0x0, 0x1f, 0xfd, 0x0, 0x0,
    0xf, 0xe0, 0x0, 0x0,

    /* U+0152 "Œ" */
    0x0, 0x1b, 0xff, 0xff, 0xff, 0xff, 0xf4, 0x3,
    0xff, 0xff, 0xff, 0xff, 0xff, 0xd0, 0x7f, 0xff,
    0xff, 0xff, 0xff, 0xff, 0x43, 0xff, 0x95, 0x7f,
    0xfa, 0xaa, 0xa8, 0x2f, 0xf0, 0x0, 0xff, 0x80,
    0x0, 0x0, 0xff, 0x40, 0x3, 0xfe, 0x0, 0x0,
    0x7, 0xfc, 0x0, 0xf, 0xf8, 0x0, 0x0, 0x2f,
    0xe0, 0x0, 0x3f, 0xe0, 0x0, 0x0, 0xbf, 0x80,
    0x0, 0xff, 0xff, 0xff, 0xc2, 0xfe, 0x0, 0x3,
    0xff, 0xff, 0xff, 0xb, 0xf8, 0x0, 0xf, 0xff,
    0xff, 0xfc, 0x2f, 0xe0, 0x0, 0x3f, 0xf5, 0x55,
    0x50, 0xbf, 0x80, 0x0, 0xff, 0x80, 0x0, 0x2,
    0xfe, 0x0, 0x3, 0xfe, 0x0, 0x0, 0x7, 0xfc,
    0x0, 0xf, 0xf8, 0x0, 0x0, 0xf, 0xf4, 0x0,
    0x3f, 0xe0, 0x0, 0x0, 0x2f, 0xf0, 0x0, 0xff,
    0x80, 0x0, 0x0, 0x3f, 0xf9, 0x57, 0xff, 0xaa,
    0xaa, 0x80, 0x7f, 0xff, 0xff, 0xff, 0xff, 0xff,
    0x40, 0x3f, 0xff, 0xff, 0xff, 0xff, 0xfd, 0x0,
    0x1b, 0xff, 0xff, 0xff, 0xff, 0xf4,

    /* U+0153 "œ" */
    0x0, 0x6f, 0xf8, 0x1, 0xff, 0x90, 0x0, 0xff,
    0xff, 0xd3, 0xff, 0xfe, 0x0, 0xff, 0xff, 0xff,
    0xff, 0xff, 0xe0, 0xbf, 0xe6, 0xff, 0xff, 0x9b,
    0xfd, 0x3f, 0xd0, 0xf, 0xff, 0x0, 0xbf, 0x9f,
    0xf0, 0x2, 0xff, 0x80, 0x1f, 0xfb, 0xf8, 0x0,
    0x3f, 0xff, 0xff, 0xfe, 0xfd, 0x0, 0xf, 0xff,
    0xff, 0xff, 0xbf, 0x40, 0x3, 0xff, 0xff, 0xff,
    0xef, 0xe0, 0x0, 0xff, 0x40, 0x0, 0x7, 0xfc,
    0x0, 0x7f, 0xf0, 0x0, 0x0, 0xff, 0x40, 0x3f,
    0xfd, 0x0, 0x4, 0x2f, 0xf9, 0x7f, 0xff, 0xe5,
    0xaf, 0x3, 0xff, 0xff, 0xff, 0xff, 0xff, 0xd0,
    0x3f, 0xff, 0xf4, 0xff, 0xff, 0xf0, 0x1, 0xbf,
    0xe0, 0x6, 0xff, 0x90,

    /* U+2000 " " */

    /* U+2001 " " */

    /* U+2002 " " */

    /* U+2003 " " */

    /* U+2004 " " */

    /* U+2005 " " */

    /* U+2006 " " */

    /* U+2007 " " */

    /* U+2008 " " */

    /* U+2009 " " */

    /* U+200A " " */

    /* U+200B "​" */

    /* U+2010 "‐" */
    0x15, 0x55, 0x5f, 0xff, 0xf7, 0xff, 0xfd, 0xff,
    0xff,

    /* U+2011 "‑" */
    0x15, 0x55, 0x5f, 0xff, 0xf7, 0xff, 0xfd, 0xff,
    0xff,

    /* U+2013 "–" */
    0x55, 0x55, 0x55, 0x54, 0xff, 0xff, 0xff, 0xfd,
    0xff, 0xff, 0xff, 0xfd, 0xff, 0xff, 0xff, 0xfd,

    /* U+2014 "—" */
    0x15, 0x55, 0x55, 0x55, 0x55, 0x5f, 0xff, 0xff,
    0xff, 0xff, 0xf7, 0xff, 0xff, 0xff, 0xff, 0xfd,
    0xff, 0xff, 0xff, 0xff, 0xff,

    /* U+2015 "―" */
    0x15, 0x55, 0x55, 0x55, 0x55, 0x5f, 0xff, 0xff,
    0xff, 0xff, 0xf7, 0xff, 0xff, 0xff, 0xff, 0xfd,
    0xff, 0xff, 0xff, 0xff, 0xff,

    /* U+2017 "‗" */
    0xff, 0xff, 0xff, 0xdf, 0xff, 0xff, 0xfd, 0xff,
    0xff, 0xff, 0xda, 0xaa, 0xaa, 0xa8, 0xff, 0xff,
    0xff, 0xdf, 0xff, 0xff, 0xfd, 0xff, 0xff, 0xff,
    0xd0,

    /* U+2018 "‘" */
    0x1, 0x0, 0xfc, 0x1f, 0x83, 0xf4, 0x7f, 0x7,
    0xf0, 0x7f, 0x7, 0xf0,

    /* U+2019 "’" */
    0xf, 0xe0, 0xfe, 0xf, 0xd0, 0xfd, 0xf, 0xc2,
    0xf8, 0x3f, 0x0, 0x40,

    /* U+201A "‚" */
    0xf, 0xe0, 0xfe, 0xf, 0xe0, 0xfd, 0xf, 0xc1,
    0xf8, 0x3f, 0x0, 0x40,

    /* U+201B "‛" */
    0xfd, 0x3f, 0x4f, 0xd3, 0xf8, 0x7f, 0xf, 0xc1,
    0xf4, 0x10,

    /* U+201C "“" */
    0x1, 0x0, 0x40, 0x2f, 0xb, 0xc1, 0xfc, 0x7f,
    0xf, 0xd3, 0xf4, 0x3f, 0xf, 0xc1, 0xfc, 0x7f,
    0x7, 0xf1, 0xfc, 0x1f, 0xc7, 0xf0,

    /* U+201D "”" */
    0x2f, 0x8b, 0xf2, 0xf8, 0xbf, 0x2f, 0x8b, 0xf3,
    0xf8, 0xbe, 0x3f, 0xf, 0xd7, 0xe1, 0xfc, 0xbc,
    0x2f, 0x1, 0x0, 0x50,

    /* U+201E "„" */
    0xf, 0xe3, 0xf8, 0x3f, 0x8f, 0xe0, 0xfe, 0x3f,
    0x83, 0xf8, 0xfe, 0xf, 0xd3, 0xf4, 0x3f, 0x1f,
    0xc2, 0xf8, 0xbe, 0xb, 0xc2, 0xf0, 0x0, 0x1,
    0x0,

    /* U+2020 "†" */
    0x0, 0xf, 0xf0, 0x0, 0x0, 0xf, 0xf0, 0x0,
    0x0, 0xf, 0xf0, 0x0, 0x0, 0xf, 0xf0, 0x0,
    0x0, 0xf, 0xf0, 0x0, 0x3f, 0xff, 0xff, 0xfd,
    0x3f, 0xff, 0xff, 0xfd, 0x3f, 0xff, 0xff, 0xfd,
    0x2a, 0xaf, 0xfa, 0xa8, 0x0, 0xf, 0xf0, 0x0,
    0x0, 0xf, 0xf0, 0x0, 0x0, 0xf, 0xf0, 0x0,
    0x0, 0xf, 0xf0, 0x0, 0x0, 0xf, 0xf0, 0x0,
    0x0, 0xf, 0xf0, 0x0, 0x0, 0xf, 0xf0, 0x0,
    0x0, 0xf, 0xf0, 0x0, 0x0, 0xf, 0xf0, 0x0,
    0x0, 0xf, 0xf0, 0x0, 0x0, 0xf, 0xf0, 0x0,
    0x0, 0xf, 0xf0, 0x0,

    /* U+2021 "‡" */
    0x0, 0x2f, 0xf0, 0x0, 0x0, 0xbf, 0xc0, 0x0,
    0x2, 0xff, 0x0, 0x0, 0xb, 0xfc, 0x0, 0x0,
    0x2f, 0xf0, 0x2, 0xff, 0xff, 0xff, 0xfb, 0xff,
    0xff, 0xff, 0xef, 0xff, 0xff, 0xff, 0x15, 0x6f,
    0xf5, 0x54, 0x0, 0xbf, 0xc0, 0x0, 0x2, 0xff,
    0x0, 0x0, 0xb, 0xfc, 0x0, 0x0, 0x2f, 0xf0,
    0x0, 0x0, 0xbf, 0xc0, 0x0, 0x2, 0xff, 0x0,
    0x0, 0xb, 0xfc, 0x0, 0x0, 0x2f, 0xf0, 0x0,
    0x55, 0xbf, 0xd5, 0x5b, 0xff, 0xff, 0xff, 0xef,
    0xff, 0xff, 0xff, 0xbf, 0xff, 0xff, 0xfc, 0x0,
    0xbf, 0xc0, 0x0, 0x2, 0xff, 0x0, 0x0, 0xb,
    0xfc, 0x0, 0x0, 0x2f, 0xf0, 0x0, 0x0, 0xbf,
    0xc0, 0x0, 0x2, 0xff, 0x0, 0x0,

    /* U+2022 "•" */
    0x0, 0x0, 0xb, 0xf8, 0x2f, 0xfd, 0x3f, 0xff,
    0x3f, 0xff, 0x3f, 0xff, 0x1f, 0xfd, 0x7, 0xf4,

    /* U+2025 "‥" */
    0x5, 0x0, 0x14, 0xb, 0xf4, 0x2f, 0xc3, 0xfe,
    0xf, 0xf8, 0xff, 0x83, 0xfe, 0xf, 0x80, 0x7e,
    0x0,

    /* U+2026 "…" */
    0x5, 0x0, 0x14, 0x0, 0x50, 0x2f, 0xd0, 0xbf,
    0x3, 0xfc, 0x3f, 0xe0, 0xff, 0x87, 0xfd, 0x3f,
    0xe0, 0xff, 0x83, 0xfd, 0xf, 0x80, 0x7e, 0x1,
    0xf8,

    /* U+2027 "‧" */
    0x15, 0x1f, 0xd7, 0xf5, 0xfd,

    /* U+2030 "‰" */
    0xb, 0xf8, 0x0, 0x0, 0x0, 0x0, 0x0, 0xff,
    0xfd, 0x0, 0x0, 0x0, 0x0, 0x7, 0xf6, 0xfc,
    0x0, 0x80, 0x0, 0x0, 0x2f, 0x2, 0xf4, 0xb,
    0xc0, 0x0, 0x0, 0xbc, 0xb, 0xd0, 0x7d, 0x0,
    0x0, 0x2, 0xf0, 0x2f, 0x43, 0xf0, 0x0, 0x0,
    0x7, 0xf6, 0xfc, 0x2f, 0x0, 0x0, 0x0, 0xf,
    0xff, 0xd1, 0xf4, 0x0, 0x0, 0x0, 0xb, 0xf8,
    0xf, 0xc0, 0x0, 0x0, 0x0, 0x0, 0x0, 0xbc,
    0x0, 0x0, 0x0, 0x0, 0x0, 0x3, 0xe0, 0x0,
    0x0, 0x0, 0x0, 0x0, 0x3f, 0xb, 0xf8, 0x2f,
    0xd0, 0x0, 0x2, 0xf0, 0xff, 0xff, 0xff, 0xe0,
    0x0, 0xf, 0x8b, 0xf7, 0xff, 0xaf, 0xd0, 0x0,
    0xfc, 0x3f, 0x3, 0xf8, 0xf, 0x80, 0xb, 0xd0,
    0xf8, 0xb, 0xd0, 0x3f, 0x0, 0x3e, 0x3, 0xe0,
    0x2f, 0x40, 0xfc, 0x3, 0xf0, 0xf, 0xc0, 0xfe,
    0x3, 0xe0, 0x7, 0x40, 0x2f, 0xdb, 0xfe, 0x7f,
    0x40, 0x0, 0x0, 0x3f, 0xff, 0xff, 0xf8, 0x0,
    0x0, 0x0, 0x2f, 0xe0, 0xbf, 0x40,

    /* U+2032 "′" */
    0x3f, 0xf, 0xc3, 0xf0, 0xfc, 0x3f, 0xf, 0xc3,
    0xe0, 0xf8,

    /* U+2033 "″" */
    0x3f, 0x1f, 0x8f, 0xc7, 0xe3, 0xf1, 0xf8, 0xf8,
    0x7e, 0x3e, 0x1f, 0x4f, 0x87, 0xd3, 0xd1, 0xf0,
    0xf4, 0x7c,

    /* U+2039 "‹" */
    0x0, 0x68, 0x0, 0xf8, 0x3, 0xf0, 0xb, 0xe0,
    0x1f, 0xc0, 0x3f, 0x40, 0x7f, 0x0, 0x2f, 0x80,
    0xf, 0xd0, 0x3, 0xf0, 0x1, 0xf4, 0x0, 0xbc,

    /* U+203A "›" */
    0x68, 0x0, 0x3e, 0x0, 0x2f, 0x40, 0xf, 0xc0,
    0x7, 0xf0, 0x2, 0xf8, 0x2, 0xfc, 0x3, 0xf0,
    0xb, 0xd0, 0x1f, 0x80, 0x3f, 0x0, 0xbd, 0x0,

    /* U+203C "‼" */
    0x3f, 0xd0, 0x3f, 0xe3, 0xfd, 0x3, 0xfe, 0x3f,
    0xd0, 0x3f, 0xe3, 0xfd, 0x3, 0xfd, 0x3f, 0xd0,
    0x3f, 0xd3, 0xfc, 0x2, 0xfd, 0x3f, 0xc0, 0x2f,
    0xd3, 0xfc, 0x2, 0xfd, 0x3f, 0xc0, 0x2f, 0xd3,
    0xfc, 0x2, 0xfd, 0x2f, 0xc0, 0x2f, 0xc2, 0xfc,
    0x2, 0xfc, 0x2f, 0xc0, 0x1f, 0xc2, 0xfc, 0x1,
    0xfc, 0x1a, 0x80, 0x1a, 0x80, 0x0, 0x0, 0x0,
    0x5, 0x0, 0x5, 0x2, 0xfc, 0x2, 0xfd, 0x3f,
    0xd0, 0x3f, 0xe3, 0xfd, 0x3, 0xfe, 0x1f, 0x80,
    0xf, 0x80,

    /* U+2044 "⁄" */
    0x0, 0x0, 0x0, 0x0, 0x0, 0x2, 0xd0, 0x0,
    0x0, 0xf8, 0x0, 0x0, 0xfc, 0x0, 0x0, 0x7d,
    0x0, 0x0, 0x3e, 0x0, 0x0, 0x2f, 0x0, 0x0,
    0x1f, 0x40, 0x0, 0xf, 0xc0, 0x0, 0xb, 0xc0,
    0x0, 0x7, 0xd0, 0x0, 0x3, 0xf0, 0x0, 0x2,
    0xf0, 0x0, 0x0, 0xf8, 0x0, 0x0, 0xfc, 0x0,
    0x0, 0x7d, 0x0, 0x0, 0x3e, 0x0, 0x0, 0xf,
    0x0, 0x0, 0x0, 0x0, 0x0, 0x0
};


/*---------------------
 *  GLYPH DESCRIPTION
 *--------------------*/

static const lv_font_fmt_txt_glyph_dsc_t glyph_dsc[] = {
    {.bitmap_index = 0, .adv_w = 0, .box_w = 0, .box_h = 0, .ofs_x = 0, .ofs_y = 0} /* id = 0 reserved */,
    {.bitmap_index = 0, .adv_w = 120, .box_w = 0, .box_h = 0, .ofs_x = 0, .ofs_y = 0},
    {.bitmap_index = 0, .adv_w = 131, .box_w = 6, .box_h = 21, .ofs_x = 1, .ofs_y = 0},
    {.bitmap_index = 32, .adv_w = 154, .box_w = 9, .box_h = 8, .ofs_x = 0, .ofs_y = 14},
    {.bitmap_index = 50, .adv_w = 286, .box_w = 18, .box_h = 21, .ofs_x = 0, .ofs_y = 0},
    {.bitmap_index = 145, .adv_w = 275, .box_w = 15, .box_h = 28, .ofs_x = 1, .ofs_y = -3},
    {.bitmap_index = 250, .adv_w = 354, .box_w = 20, .box_h = 21, .ofs_x = 1, .ofs_y = 0},
    {.bitmap_index = 355, .adv_w = 315, .box_w = 19, .box_h = 21, .ofs_x = 1, .ofs_y = 0},
    {.bitmap_index = 455, .adv_w = 78, .box_w = 5, .box_h = 8, .ofs_x = 0, .ofs_y = 14},
    {.bitmap_index = 465, .adv_w = 169, .box_w = 9, .box_h = 31, .ofs_x = 1, .ofs_y = -7},
    {.bitmap_index = 535, .adv_w = 169, .box_w = 9, .box_h = 31, .ofs_x = 0, .ofs_y = -7},
    {.bitmap_index = 605, .adv_w = 218, .box_w = 14, .box_h = 13, .ofs_x = 0, .ofs_y = 8},
    {.bitmap_index = 651, .adv_w = 262, .box_w = 16, .box_h = 16, .ofs_x = 0, .ofs_y = 2},
    {.bitmap_index = 715, .adv_w = 117, .box_w = 6, .box_h = 9, .ofs_x = 0, .ofs_y = -5},
    {.bitmap_index = 729, .adv_w = 186, .box_w = 9, .box_h = 4, .ofs_x = 1, .ofs_y = 7},
    {.bitmap_index = 738, .adv_w = 139, .box_w = 6, .box_h = 5, .ofs_x = 1, .ofs_y = 0},
    {.bitmap_index = 746, .adv_w = 179, .box_w = 12, .box_h = 23, .ofs_x = -1, .ofs_y = -2},
    {.bitmap_index = 815, .adv_w = 275, .box_w = 15, .box_h = 21, .ofs_x = 1, .ofs_y = 0},
    {.bitmap_index = 894, .adv_w = 275, .box_w = 10, .box_h = 21, .ofs_x = 2, .ofs_y = 0},
    {.bitmap_index = 947, .adv_w = 275, .box_w = 16, .box_h = 21, .ofs_x = 1, .ofs_y = 0},
    {.bitmap_index = 1031, .adv_w = 275, .box_w = 16, .box_h = 21, .ofs_x = 0, .ofs_y = 0},
    {.bitmap_index = 1115, .adv_w = 275, .box_w = 17, .box_h = 21, .ofs_x = 0, .ofs_y = 0},
    {.bitmap_index = 1205, .adv_w = 275, .box_w = 15, .box_h = 21, .ofs_x = 1, .ofs_y = 0},
    {.bitmap_index = 1284, .adv_w = 275, .box_w = 16, .box_h = 21, .ofs_x = 1, .ofs_y = 0},
    {.bitmap_index = 1368, .adv_w = 275, .box_w = 16, .box_h = 21, .ofs_x = 0, .ofs_y = 0},
    {.bitmap_index = 1452, .adv_w = 275, .box_w = 15, .box_h = 21, .ofs_x = 1, .ofs_y = 0},
    {.bitmap_index = 1531, .adv_w = 275, .box_w = 15, .box_h = 21, .ofs_x = 1, .ofs_y = 0},
    {.bitmap_index = 1610, .adv_w = 135, .box_w = 6, .box_h = 16, .ofs_x = 1, .ofs_y = 0},
    {.bitmap_index = 1634, .adv_w = 126, .box_w = 7, .box_h = 22, .ofs_x = 0, .ofs_y = -6},
    {.bitmap_index = 1673, .adv_w = 244, .box_w = 14, .box_h = 16, .ofs_x = 0, .ofs_y = 1},
    {.bitmap_index = 1729, .adv_w = 275, .box_w = 14, .box_h = 10, .ofs_x = 2, .ofs_y = 5},
    {.bitmap_index = 1764, .adv_w = 248, .box_w = 14, .box_h = 15, .ofs_x = 1, .ofs_y = 1},
    {.bitmap_index = 1817, .adv_w = 239, .box_w = 14, .box_h = 21, .ofs_x = 0, .ofs_y = 0},
    {.bitmap_index = 1891, .adv_w = 430, .box_w = 25, .box_h = 27, .ofs_x = 1, .ofs_y = -6},
    {.bitmap_index = 2060, .adv_w = 323, .box_w = 21, .box_h = 21, .ofs_x = 0, .ofs_y = 0},
    {.bitmap_index = 2171, .adv_w = 306, .box_w = 17, .box_h = 21, .ofs_x = 1, .ofs_y = 0},
    {.bitmap_index = 2261, .adv_w = 314, .box_w = 18, .box_h = 21, .ofs_x = 1, .ofs_y = 0},
    {.bitmap_index = 2356, .adv_w = 312, .box_w = 18, .box_h = 21, .ofs_x = 1, .ofs_y = 0},
    {.bitmap_index = 2451, .adv_w = 270, .box_w = 16, .box_h = 21, .ofs_x = 1, .ofs_y = 0},
    {.bitmap_index = 2535, .adv_w = 263, .box_w = 15, .box_h = 21, .ofs_x = 1, .ofs_y = 0},
    {.bitmap_index = 2614, .adv_w = 327, .box_w = 18, .box_h = 21, .ofs_x = 1, .ofs_y = 0},
    {.bitmap_index = 2709, .adv_w = 339, .box_w = 19, .box_h = 21, .ofs_x = 1, .ofs_y = 0},
    {.bitmap_index = 2809, .adv_w = 140, .box_w = 5, .box_h = 21, .ofs_x = 2, .ofs_y = 0},
    {.bitmap_index = 2836, .adv_w = 268, .box_w = 15, .box_h = 21, .ofs_x = 0, .ofs_y = 0},
    {.bitmap_index = 2915, .adv_w = 305, .box_w = 19, .box_h = 21, .ofs_x = 1, .ofs_y = 0},
    {.bitmap_index = 3015, .adv_w = 260, .box_w = 15, .box_h = 21, .ofs_x = 1, .ofs_y = 0},
    {.bitmap_index = 3094, .adv_w = 420, .box_w = 24, .box_h = 21, .ofs_x = 1, .ofs_y = 0},
    {.bitmap_index = 3220, .adv_w = 339, .box_w = 19, .box_h = 21, .ofs_x = 1, .ofs_y = 0},
    {.bitmap_index = 3320, .adv_w = 331, .box_w = 19, .box_h = 21, .ofs_x = 1, .ofs_y = 0},
    {.bitmap_index = 3420, .adv_w = 310, .box_w = 18, .box_h = 21, .ofs_x = 1, .ofs_y = 0},
    {.bitmap_index = 3515, .adv_w = 331, .box_w = 19, .box_h = 25, .ofs_x = 1, .ofs_y = -4},
    {.bitmap_index = 3634, .adv_w = 306, .box_w = 18, .box_h = 21, .ofs_x = 1, .ofs_y = 0},
    {.bitmap_index = 3729, .adv_w = 295, .box_w = 17, .box_h = 21, .ofs_x = 1, .ofs_y = 0},
    {.bitmap_index = 3819, .adv_w = 297, .box_w = 18, .box_h = 21, .ofs_x = 0, .ofs_y = 0},
    {.bitmap_index = 3914, .adv_w = 316, .box_w = 18, .box_h = 21, .ofs_x = 1, .ofs_y = 0},
    {.bitmap_index = 4009, .adv_w = 314, .box_w = 20, .box_h = 21, .ofs_x = 0, .ofs_y = 0},
    {.bitmap_index = 4114, .adv_w = 420, .box_w = 26, .box_h = 21, .ofs_x = 0, .ofs_y = 0},
    {.bitmap_index = 4251, .adv_w = 305, .box_w = 19, .box_h = 21, .ofs_x = 0, .ofs_y = 0},
    {.bitmap_index = 4351, .adv_w = 297, .box_w = 19, .box_h = 21, .ofs_x = 0, .ofs_y = 0},
    {.bitmap_index = 4451, .adv_w = 291, .box_w = 17, .box_h = 21, .ofs_x = 1, .ofs_y = 0},
    {.bitmap_index = 4541, .adv_w = 133, .box_w = 8, .box_h = 30, .ofs_x = 1, .ofs_y = -5},
    {.bitmap_index = 4601, .adv_w = 203, .box_w = 14, .box_h = 23, .ofs_x = 0, .ofs_y = -2},
    {.bitmap_index = 4682, .adv_w = 133, .box_w = 7, .box_h = 30, .ofs_x = 0, .ofs_y = -5},
    {.bitmap_index = 4735, .adv_w = 210, .box_w = 13, .box_h = 11, .ofs_x = 0, .ofs_y = 11},
    {.bitmap_index = 4771, .adv_w = 214, .box_w = 14, .box_h = 4, .ofs_x = 0, .ofs_y = -3},
    {.bitmap_index = 4785, .adv_w = 159, .box_w = 9, .box_h = 5, .ofs_x = 0, .ofs_y = 18},
    {.bitmap_index = 4797, .adv_w = 257, .box_w = 15, .box_h = 16, .ofs_x = 1, .ofs_y = 0},
    {.bitmap_index = 4857, .adv_w = 270, .box_w = 15, .box_h = 22, .ofs_x = 1, .ofs_y = 0},
    {.bitmap_index = 4940, .adv_w = 250, .box_w = 15, .box_h = 16, .ofs_x = 0, .ofs_y = 0},
    {.bitmap_index = 5000, .adv_w = 270, .box_w = 16, .box_h = 22, .ofs_x = 0, .ofs_y = 0},
    {.bitmap_index = 5088, .adv_w = 259, .box_w = 15, .box_h = 16, .ofs_x = 1, .ofs_y = 0},
    {.bitmap_index = 5148, .adv_w = 172, .box_w = 11, .box_h = 23, .ofs_x = 0, .ofs_y = 0},
    {.bitmap_index = 5212, .adv_w = 274, .box_w = 15, .box_h = 22, .ofs_x = 1, .ofs_y = -6},
    {.bitmap_index = 5295, .adv_w = 269, .box_w = 15, .box_h = 22, .ofs_x = 1, .ofs_y = 0},
    {.bitmap_index = 5378, .adv_w = 127, .box_w = 6, .box_h = 22, .ofs_x = 1, .ofs_y = 0},
    {.bitmap_index = 5411, .adv_w = 125, .box_w = 9, .box_h = 28, .ofs_x = -2, .ofs_y = -6},
    {.bitmap_index = 5474, .adv_w = 256, .box_w = 16, .box_h = 22, .ofs_x = 1, .ofs_y = 0},
    {.bitmap_index = 5562, .adv_w = 127, .box_w = 6, .box_h = 22, .ofs_x = 1, .ofs_y = 0},
    {.bitmap_index = 5595, .adv_w = 416, .box_w = 24, .box_h = 16, .ofs_x = 1, .ofs_y = 0},
    {.bitmap_index = 5691, .adv_w = 269, .box_w = 15, .box_h = 16, .ofs_x = 1, .ofs_y = 0},
    {.bitmap_index = 5751, .adv_w = 271, .box_w = 16, .box_h = 16, .ofs_x = 0, .ofs_y = 0},
    {.bitmap_index = 5815, .adv_w = 270, .box_w = 15, .box_h = 22, .ofs_x = 1, .ofs_y = -6},
    {.bitmap_index = 5898, .adv_w = 271, .box_w = 16, .box_h = 22, .ofs_x = 0, .ofs_y = -6},
    {.bitmap_index = 5986, .adv_w = 175, .box_w = 10, .box_h = 16, .ofs_x = 1, .ofs_y = 0},
    {.bitmap_index = 6026, .adv_w = 247, .box_w = 15, .box_h = 16, .ofs_x = 0, .ofs_y = 0},
    {.bitmap_index = 6086, .adv_w = 162, .box_w = 10, .box_h = 20, .ofs_x = 0, .ofs_y = 0},
    {.bitmap_index = 6136, .adv_w = 269, .box_w = 15, .box_h = 16, .ofs_x = 1, .ofs_y = 0},
    {.bitmap_index = 6196, .adv_w = 243, .box_w = 15, .box_h = 16, .ofs_x = 0, .ofs_y = 0},
    {.bitmap_index = 6256, .adv_w = 353, .box_w = 22, .box_h = 16, .ofs_x = 0, .ofs_y = 0},
    {.bitmap_index = 6344, .adv_w = 244, .box_w = 16, .box_h = 16, .ofs_x = 0, .ofs_y = 0},
    {.bitmap_index = 6408, .adv_w = 241, .box_w = 16, .box_h = 22, .ofs_x = 0, .ofs_y = -6},
    {.bitmap_index = 6496, .adv_w = 244, .box_w = 14, .box_h = 16, .ofs_x = 1, .ofs_y = 0},
    {.bitmap_index = 6552, .adv_w = 158, .box_w = 10, .box_h = 29, .ofs_x = 0, .ofs_y = -6},
    {.bitmap_index = 6625, .adv_w = 121, .box_w = 4, .box_h = 26, .ofs_x = 2, .ofs_y = -5},
    {.bitmap_index = 6651, .adv_w = 158, .box_w = 10, .box_h = 29, .ofs_x = 0, .ofs_y = -6},
    {.bitmap_index = 6724, .adv_w = 311, .box_w = 17, .box_h = 7, .ofs_x = 1, .ofs_y = 5},
    {.bitmap_index = 6754, .adv_w = 120, .box_w = 0, .box_h = 0, .ofs_x = 0, .ofs_y = 0},
    {.bitmap_index = 6754, .adv_w = 135, .box_w = 6, .box_h = 22, .ofs_x = 1, .ofs_y = -6},
    {.bitmap_index = 6787, .adv_w = 276, .box_w = 15, .box_h = 23, .ofs_x = 1, .ofs_y = -4},
    {.bitmap_index = 6874, .adv_w = 285, .box_w = 16, .box_h = 21, .ofs_x = 1, .ofs_y = 0},
    {.bitmap_index = 6958, .adv_w = 332, .box_w = 19, .box_h = 20, .ofs_x = 1, .ofs_y = -1},
    {.bitmap_index = 7053, .adv_w = 294, .box_w = 19, .box_h = 21, .ofs_x = 0, .ofs_y = 0},
    {.bitmap_index = 7153, .adv_w = 121, .box_w = 5, .box_h = 25, .ofs_x = 1, .ofs_y = -4},
    {.bitmap_index = 7185, .adv_w = 302, .box_w = 17, .box_h = 27, .ofs_x = 1, .ofs_y = -6},
    {.bitmap_index = 7300, .adv_w = 224, .box_w = 12, .box_h = 4, .ofs_x = 1, .ofs_y = 18},
    {.bitmap_index = 7312, .adv_w = 376, .box_w = 22, .box_h = 22, .ofs_x = 1, .ofs_y = 0},
    {.bitmap_index = 7433, .adv_w = 213, .box_w = 10, .box_h = 11, .ofs_x = 2, .ofs_y = 10},
    {.bitmap_index = 7461, .adv_w = 240, .box_w = 13, .box_h = 12, .ofs_x = 1, .ofs_y = 2},
    {.bitmap_index = 7500, .adv_w = 265, .box_w = 14, .box_h = 7, .ofs_x = 1, .ofs_y = 5},
    {.bitmap_index = 7525, .adv_w = 186, .box_w = 9, .box_h = 4, .ofs_x = 1, .ofs_y = 7},
    {.bitmap_index = 7534, .adv_w = 376, .box_w = 22, .box_h = 22, .ofs_x = 1, .ofs_y = 0},
    {.bitmap_index = 7655, .adv_w = 240, .box_w = 11, .box_h = 3, .ofs_x = 2, .ofs_y = 19},
    {.bitmap_index = 7664, .adv_w = 186, .box_w = 9, .box_h = 8, .ofs_x = 1, .ofs_y = 13},
    {.bitmap_index = 7682, .adv_w = 258, .box_w = 14, .box_h = 19, .ofs_x = 1, .ofs_y = 0},
    {.bitmap_index = 7749, .adv_w = 179, .box_w = 11, .box_h = 11, .ofs_x = 0, .ofs_y = 10},
    {.bitmap_index = 7780, .adv_w = 179, .box_w = 11, .box_h = 11, .ofs_x = 0, .ofs_y = 10},
    {.bitmap_index = 7811, .adv_w = 159, .box_w = 8, .box_h = 5, .ofs_x = 1, .ofs_y = 18},
    {.bitmap_index = 7821, .adv_w = 296, .box_w = 15, .box_h = 22, .ofs_x = 2, .ofs_y = -6},
    {.bitmap_index = 7904, .adv_w = 235, .box_w = 12, .box_h = 21, .ofs_x = 1, .ofs_y = 0},
    {.bitmap_index = 7967, .adv_w = 145, .box_w = 5, .box_h = 5, .ofs_x = 2, .ofs_y = 8},
    {.bitmap_index = 7974, .adv_w = 128, .box_w = 7, .box_h = 7, .ofs_x = 1, .ofs_y = -7},
    {.bitmap_index = 7987, .adv_w = 179, .box_w = 7, .box_h = 12, .ofs_x = 1, .ofs_y = 10},
    {.bitmap_index = 8008, .adv_w = 219, .box_w = 11, .box_h = 11, .ofs_x = 1, .ofs_y = 10},
    {.bitmap_index = 8039, .adv_w = 240, .box_w = 13, .box_h = 12, .ofs_x = 1, .ofs_y = 2},
    {.bitmap_index = 8078, .adv_w = 345, .box_w = 20, .box_h = 22, .ofs_x = 1, .ofs_y = 0},
    {.bitmap_index = 8188, .adv_w = 365, .box_w = 21, .box_h = 21, .ofs_x = 1, .ofs_y = 0},
    {.bitmap_index = 8299, .adv_w = 388, .box_w = 22, .box_h = 22, .ofs_x = 1, .ofs_y = 0},
    {.bitmap_index = 8420, .adv_w = 239, .box_w = 14, .box_h = 22, .ofs_x = 1, .ofs_y = -6},
    {.bitmap_index = 8497, .adv_w = 323, .box_w = 21, .box_h = 27, .ofs_x = 0, .ofs_y = 0},
    {.bitmap_index = 8639, .adv_w = 323, .box_w = 21, .box_h = 27, .ofs_x = 0, .ofs_y = 0},
    {.bitmap_index = 8781, .adv_w = 323, .box_w = 21, .box_h = 27, .ofs_x = 0, .ofs_y = 0},
    {.bitmap_index = 8923, .adv_w = 323, .box_w = 21, .box_h = 27, .ofs_x = 0, .ofs_y = 0},
    {.bitmap_index = 9065, .adv_w = 323, .box_w = 21, .box_h = 26, .ofs_x = 0, .ofs_y = 0},
    {.bitmap_index = 9202, .adv_w = 323, .box_w = 21, .box_h = 29, .ofs_x = 0, .ofs_y = 0},
    {.bitmap_index = 9355, .adv_w = 451, .box_w = 28, .box_h = 21, .ofs_x = 0, .ofs_y = 0},
    {.bitmap_index = 9502, .adv_w = 314, .box_w = 18, .box_h = 27, .ofs_x = 1, .ofs_y = -6},
    {.bitmap_index = 9624, .adv_w = 270, .box_w = 16, .box_h = 27, .ofs_x = 1, .ofs_y = 0},
    {.bitmap_index = 9732, .adv_w = 270, .box_w = 16, .box_h = 27, .ofs_x = 1, .ofs_y = 0},
    {.bitmap_index = 9840, .adv_w = 270, .box_w = 16, .box_h = 27, .ofs_x = 1, .ofs_y = 0},
    {.bitmap_index = 9948, .adv_w = 270, .box_w = 16, .box_h = 26, .ofs_x = 1, .ofs_y = 0},
    {.bitmap_index = 10052, .adv_w = 140, .box_w = 9, .box_h = 27, .ofs_x = -2, .ofs_y = 0},
    {.bitmap_index = 10113, .adv_w = 140, .box_w = 8, .box_h = 27, .ofs_x = 2, .ofs_y = 0},
    {.bitmap_index = 10167, .adv_w = 140, .box_w = 12, .box_h = 27, .ofs_x = -2, .ofs_y = 0},
    {.bitmap_index = 10248, .adv_w = 140, .box_w = 12, .box_h = 26, .ofs_x = -2, .ofs_y = 0},
    {.bitmap_index = 10326, .adv_w = 319, .box_w = 20, .box_h = 21, .ofs_x = -1, .ofs_y = 0},
    {.bitmap_index = 10431, .adv_w = 339, .box_w = 19, .box_h = 27, .ofs_x = 1, .ofs_y = 0},
    {.bitmap_index = 10560, .adv_w = 331, .box_w = 19, .box_h = 27, .ofs_x = 1, .ofs_y = 0},
    {.bitmap_index = 10689, .adv_w = 331, .box_w = 19, .box_h = 27, .ofs_x = 1, .ofs_y = 0},
    {.bitmap_index = 10818, .adv_w = 331, .box_w = 19, .box_h = 27, .ofs_x = 1, .ofs_y = 0},
    {.bitmap_index = 10947, .adv_w = 331, .box_w = 19, .box_h = 27, .ofs_x = 1, .ofs_y = 0},
    {.bitmap_index = 11076, .adv_w = 331, .box_w = 19, .box_h = 27, .ofs_x = 1, .ofs_y = 0},
    {.bitmap_index = 11205, .adv_w = 255, .box_w = 15, .box_h = 15, .ofs_x = 0, .ofs_y = 2},
    {.bitmap_index = 11262, .adv_w = 331, .box_w = 19, .box_h = 23, .ofs_x = 1, .ofs_y = -1},
    {.bitmap_index = 11372, .adv_w = 316, .box_w = 18, .box_h = 27, .ofs_x = 1, .ofs_y = 0},
    {.bitmap_index = 11494, .adv_w = 316, .box_w = 18, .box_h = 27, .ofs_x = 1, .ofs_y = 0},
    {.bitmap_index = 11616, .adv_w = 316, .box_w = 18, .box_h = 27, .ofs_x = 1, .ofs_y = 0},
    {.bitmap_index = 11738, .adv_w = 316, .box_w = 18, .box_h = 27, .ofs_x = 1, .ofs_y = 0},
    {.bitmap_index = 11860, .adv_w = 297, .box_w = 19, .box_h = 27, .ofs_x = 0, .ofs_y = 0},
    {.bitmap_index = 11989, .adv_w = 292, .box_w = 17, .box_h = 21, .ofs_x = 1, .ofs_y = 0},
    {.bitmap_index = 12079, .adv_w = 303, .box_w = 17, .box_h = 23, .ofs_x = 1, .ofs_y = 0},
    {.bitmap_index = 12177, .adv_w = 257, .box_w = 15, .box_h = 22, .ofs_x = 1, .ofs_y = 0},
    {.bitmap_index = 12260, .adv_w = 257, .box_w = 15, .box_h = 22, .ofs_x = 1, .ofs_y = 0},
    {.bitmap_index = 12343, .adv_w = 257, .box_w = 15, .box_h = 22, .ofs_x = 1, .ofs_y = 0},
    {.bitmap_index = 12426, .adv_w = 257, .box_w = 15, .box_h = 22, .ofs_x = 1, .ofs_y = 0},
    {.bitmap_index = 12509, .adv_w = 257, .box_w = 15, .box_h = 21, .ofs_x = 1, .ofs_y = 0},
    {.bitmap_index = 12588, .adv_w = 257, .box_w = 15, .box_h = 25, .ofs_x = 1, .ofs_y = 0},
    {.bitmap_index = 12682, .adv_w = 405, .box_w = 25, .box_h = 16, .ofs_x = 0, .ofs_y = 0},
    {.bitmap_index = 12782, .adv_w = 250, .box_w = 15, .box_h = 22, .ofs_x = 0, .ofs_y = -6},
    {.bitmap_index = 12865, .adv_w = 259, .box_w = 15, .box_h = 22, .ofs_x = 1, .ofs_y = 0},
    {.bitmap_index = 12948, .adv_w = 259, .box_w = 15, .box_h = 22, .ofs_x = 1, .ofs_y = 0},
    {.bitmap_index = 13031, .adv_w = 259, .box_w = 15, .box_h = 22, .ofs_x = 1, .ofs_y = 0},
    {.bitmap_index = 13114, .adv_w = 259, .box_w = 15, .box_h = 21, .ofs_x = 1, .ofs_y = 0},
    {.bitmap_index = 13193, .adv_w = 131, .box_w = 9, .box_h = 22, .ofs_x = -2, .ofs_y = 0},
    {.bitmap_index = 13243, .adv_w = 131, .box_w = 9, .box_h = 22, .ofs_x = 1, .ofs_y = 0},
    {.bitmap_index = 13293, .adv_w = 131, .box_w = 12, .box_h = 22, .ofs_x = -2, .ofs_y = 0},
    {.bitmap_index = 13359, .adv_w = 131, .box_w = 12, .box_h = 21, .ofs_x = -2, .ofs_y = 0},
    {.bitmap_index = 13422, .adv_w = 276, .box_w = 16, .box_h = 24, .ofs_x = 1, .ofs_y = 0},
    {.bitmap_index = 13518, .adv_w = 269, .box_w = 15, .box_h = 22, .ofs_x = 1, .ofs_y = 0},
    {.bitmap_index = 13601, .adv_w = 271, .box_w = 16, .box_h = 22, .ofs_x = 0, .ofs_y = 0},
    {.bitmap_index = 13689, .adv_w = 271, .box_w = 16, .box_h = 22, .ofs_x = 0, .ofs_y = 0},
    {.bitmap_index = 13777, .adv_w = 271, .box_w = 16, .box_h = 22, .ofs_x = 0, .ofs_y = 0},
    {.bitmap_index = 13865, .adv_w = 271, .box_w = 16, .box_h = 22, .ofs_x = 0, .ofs_y = 0},
    {.bitmap_index = 13953, .adv_w = 271, .box_w = 16, .box_h = 21, .ofs_x = 0, .ofs_y = 0},
    {.bitmap_index = 14037, .adv_w = 274, .box_w = 16, .box_h = 16, .ofs_x = 0, .ofs_y = 2},
    {.bitmap_index = 14101, .adv_w = 271, .box_w = 16, .box_h = 20, .ofs_x = 0, .ofs_y = -2},
    {.bitmap_index = 14181, .adv_w = 269, .box_w = 15, .box_h = 22, .ofs_x = 1, .ofs_y = 0},
    {.bitmap_index = 14264, .adv_w = 269, .box_w = 15, .box_h = 22, .ofs_x = 1, .ofs_y = 0},
    {.bitmap_index = 14347, .adv_w = 269, .box_w = 15, .box_h = 22, .ofs_x = 1, .ofs_y = 0},
    {.bitmap_index = 14430, .adv_w = 269, .box_w = 15, .box_h = 21, .ofs_x = 1, .ofs_y = 0},
    {.bitmap_index = 14509, .adv_w = 241, .box_w = 16, .box_h = 28, .ofs_x = 0, .ofs_y = -6},
    {.bitmap_index = 14621, .adv_w = 272, .box_w = 15, .box_h = 28, .ofs_x = 1, .ofs_y = -6},
    {.bitmap_index = 14726, .adv_w = 241, .box_w = 16, .box_h = 27, .ofs_x = 0, .ofs_y = -6},
    {.bitmap_index = 14834, .adv_w = 465, .box_w = 27, .box_h = 21, .ofs_x = 1, .ofs_y = 0},
    {.bitmap_index = 14976, .adv_w = 433, .box_w = 25, .box_h = 16, .ofs_x = 1, .ofs_y = 0},
    {.bitmap_index = 15076, .adv_w = 245, .box_w = 0, .box_h = 0, .ofs_x = 0, .ofs_y = 0},
    {.bitmap_index = 15076, .adv_w = 490, .box_w = 0, .box_h = 0, .ofs_x = 0, .ofs_y = 0},
    {.bitmap_index = 15076, .adv_w = 245, .box_w = 0, .box_h = 0, .ofs_x = 0, .ofs_y = 0},
    {.bitmap_index = 15076, .adv_w = 490, .box_w = 0, .box_h = 0, .ofs_x = 0, .ofs_y = 0},
    {.bitmap_index = 15076, .adv_w = 163, .box_w = 0, .box_h = 0, .ofs_x = 0, .ofs_y = 0},
    {.bitmap_index = 15076, .adv_w = 122, .box_w = 0, .box_h = 0, .ofs_x = 0, .ofs_y = 0},
    {.bitmap_index = 15076, .adv_w = 82, .box_w = 0, .box_h = 0, .ofs_x = 0, .ofs_y = 0},
    {.bitmap_index = 15076, .adv_w = 270, .box_w = 0, .box_h = 0, .ofs_x = 0, .ofs_y = 0},
    {.bitmap_index = 15076, .adv_w = 131, .box_w = 0, .box_h = 0, .ofs_x = 0, .ofs_y = 0},
    {.bitmap_index = 15076, .adv_w = 98, .box_w = 0, .box_h = 0, .ofs_x = 0, .ofs_y = 0},
    {.bitmap_index = 15076, .adv_w = 49, .box_w = 0, .box_h = 0, .ofs_x = 0, .ofs_y = 0},
    {.bitmap_index = 15076, .adv_w = 0, .box_w = 0, .box_h = 0, .ofs_x = 0, .ofs_y = 0},
    {.bitmap_index = 15076, .adv_w = 186, .box_w = 9, .box_h = 4, .ofs_x = 1, .ofs_y = 7},
    {.bitmap_index = 15085, .adv_w = 186, .box_w = 9, .box_h = 4, .ofs_x = 1, .ofs_y = 7},
    {.bitmap_index = 15094, .adv_w = 303, .box_w = 16, .box_h = 4, .ofs_x = 2, .ofs_y = 9},
    {.bitmap_index = 15110, .adv_w = 366, .box_w = 21, .box_h = 4, .ofs_x = 1, .ofs_y = 9},
    {.bitmap_index = 15131, .adv_w = 366, .box_w = 21, .box_h = 4, .ofs_x = 1, .ofs_y = 9},
    {.bitmap_index = 15152, .adv_w = 214, .box_w = 14, .box_h = 7, .ofs_x = 0, .ofs_y = -7},
    {.bitmap_index = 15177, .adv_w = 112, .box_w = 6, .box_h = 8, .ofs_x = 1, .ofs_y = 15},
    {.bitmap_index = 15189, .adv_w = 110, .box_w = 6, .box_h = 8, .ofs_x = 0, .ofs_y = 14},
    {.bitmap_index = 15201, .adv_w = 119, .box_w = 6, .box_h = 8, .ofs_x = 0, .ofs_y = -5},
    {.bitmap_index = 15213, .adv_w = 100, .box_w = 5, .box_h = 8, .ofs_x = 1, .ofs_y = 14},
    {.bitmap_index = 15223, .adv_w = 195, .box_w = 11, .box_h = 8, .ofs_x = 1, .ofs_y = 15},
    {.bitmap_index = 15245, .adv_w = 196, .box_w = 10, .box_h = 8, .ofs_x = 1, .ofs_y = 14},
    {.bitmap_index = 15265, .adv_w = 193, .box_w = 11, .box_h = 9, .ofs_x = 0, .ofs_y = -5},
    {.bitmap_index = 15290, .adv_w = 258, .box_w = 16, .box_h = 21, .ofs_x = 0, .ofs_y = 0},
    {.bitmap_index = 15374, .adv_w = 278, .box_w = 15, .box_h = 27, .ofs_x = 1, .ofs_y = -6},
    {.bitmap_index = 15476, .adv_w = 173, .box_w = 8, .box_h = 8, .ofs_x = 1, .ofs_y = 7},
    {.bitmap_index = 15492, .adv_w = 250, .box_w = 13, .box_h = 5, .ofs_x = 1, .ofs_y = 0},
    {.bitmap_index = 15509, .adv_w = 355, .box_w = 20, .box_h = 5, .ofs_x = 1, .ofs_y = 0},
    {.bitmap_index = 15534, .adv_w = 114, .box_w = 5, .box_h = 4, .ofs_x = 1, .ofs_y = 7},
    {.bitmap_index = 15539, .adv_w = 461, .box_w = 27, .box_h = 21, .ofs_x = 1, .ofs_y = 0},
    {.bitmap_index = 15681, .adv_w = 78, .box_w = 5, .box_h = 8, .ofs_x = 0, .ofs_y = 14},
    {.bitmap_index = 15691, .adv_w = 154, .box_w = 9, .box_h = 8, .ofs_x = 0, .ofs_y = 14},
    {.bitmap_index = 15709, .adv_w = 150, .box_w = 8, .box_h = 12, .ofs_x = 1, .ofs_y = 2},
    {.bitmap_index = 15733, .adv_w = 145, .box_w = 8, .box_h = 12, .ofs_x = 1, .ofs_y = 2},
    {.bitmap_index = 15757, .adv_w = 261, .box_w = 14, .box_h = 21, .ofs_x = 1, .ofs_y = 0},
    {.bitmap_index = 15831, .adv_w = 214, .box_w = 13, .box_h = 19, .ofs_x = 0, .ofs_y = 1}
};

/*---------------------
 *  CHARACTER MAPPING
 *--------------------*/

static const uint16_t unicode_list_2[] = {
    0x0, 0x1, 0x1eae, 0x1eaf, 0x1eb0, 0x1eb1, 0x1eb2, 0x1eb3,
    0x1eb4, 0x1eb5, 0x1eb6, 0x1eb7, 0x1eb8, 0x1eb9, 0x1ebe, 0x1ebf,
    0x1ec1, 0x1ec2, 0x1ec3, 0x1ec5, 0x1ec6, 0x1ec7, 0x1ec8, 0x1ec9,
    0x1eca, 0x1ecb, 0x1ecc, 0x1ece, 0x1ecf, 0x1ed0, 0x1ed3, 0x1ed4,
    0x1ed5, 0x1ede, 0x1ee0, 0x1ee1, 0x1ee7, 0x1ee8, 0x1eea, 0x1ef2
};

/*Collect the unicode lists and glyph_id offsets*/
static const lv_font_fmt_txt_cmap_t cmaps[] =
{
    {
        .range_start = 32, .range_length = 95, .glyph_id_start = 1,
        .unicode_list = NULL, .glyph_id_ofs_list = NULL, .list_length = 0, .type = LV_FONT_FMT_TXT_CMAP_FORMAT0_TINY
    },
    {
        .range_start = 160, .range_length = 96, .glyph_id_start = 96,
        .unicode_list = NULL, .glyph_id_ofs_list = NULL, .list_length = 0, .type = LV_FONT_FMT_TXT_CMAP_FORMAT0_TINY
    },
    {
        .range_start = 338, .range_length = 7923, .glyph_id_start = 192,
        .unicode_list = unicode_list_2, .glyph_id_ofs_list = NULL, .list_length = 40, .type = LV_FONT_FMT_TXT_CMAP_SPARSE_TINY
    }
};

/*-----------------
 *    KERNING
 *----------------*/


/*Map glyph_ids to kern left classes*/
static const uint8_t kern_left_class_mapping[] =
{
    0, 1, 0, 2, 0, 0, 0, 0,
    2, 3, 0, 0, 0, 4, 0, 4,
    5, 0, 0, 0, 0, 0, 0, 0,
    0, 0, 0, 0, 0, 0, 0, 0,
    0, 0, 6, 7, 8, 9, 10, 11,
    0, 12, 12, 13, 14, 15, 12, 12,
    9, 16, 17, 18, 0, 19, 13, 20,
    21, 22, 23, 24, 25, 0, 0, 0,
    0, 0, 26, 27, 28, 0, 29, 30,
    0, 31, 0, 0, 32, 0, 33, 33,
    34, 27, 0, 35, 0, 36, 0, 37,
    38, 39, 37, 40, 41, 0, 0, 0,
    0, 0, 0, 0, 0, 0, 0, 0,
    0, 0, 0, 0, 0, 0, 0, 0,
    0, 0, 0, 0, 0, 0, 0, 0,
    0, 0, 0, 0, 0, 0, 0, 0,
    6, 6, 6, 6, 6, 6, 0, 8,
    10, 10, 10, 10, 12, 12, 12, 12,
    9, 12, 9, 9, 9, 9, 9, 0,
    0, 13, 13, 13, 13, 23, 0, 0,
    26, 26, 26, 26, 26, 26, 0, 28,
    29, 29, 29, 29, 0, 0, 0, 0,
    0, 33, 34, 34, 34, 34, 34, 0,
    0, 0, 0, 0, 0, 37, 27, 37,
    0, 0, 0, 0, 0, 0, 0, 0,
    0, 0, 0, 0, 0, 0, 0, 0,
    0, 0, 0, 0, 2, 42, 4, 2,
    2, 2, 4, 0, 0, 0, 4, 4,
    0, 0, 2, 2, 0, 0, 0, 0
};

/*Map glyph_ids to kern right classes*/
static const uint8_t kern_right_class_mapping[] =
{
    0, 1, 0, 2, 0, 0, 0, 3,
    2, 0, 4, 5, 0, 6, 7, 6,
    8, 0, 0, 0, 0, 0, 0, 0,
    0, 0, 0, 0, 0, 0, 0, 0,
    9, 0, 10, 0, 11, 0, 0, 0,
    11, 0, 0, 12, 0, 0, 0, 0,
    11, 0, 11, 0, 13, 14, 15, 16,
    17, 18, 19, 20, 0, 0, 21, 0,
    0, 0, 22, 0, 23, 23, 23, 24,
    23, 0, 0, 0, 0, 0, 25, 25,
    26, 25, 23, 27, 28, 29, 30, 31,
    32, 33, 31, 34, 0, 0, 35, 0,
    0, 0, 0, 0, 0, 0, 0, 0,
    0, 0, 0, 36, 0, 7, 0, 0,
    0, 0, 0, 0, 0, 0, 0, 0,
    0, 0, 0, 37, 0, 0, 0, 0,
    10, 10, 10, 10, 10, 10, 38, 11,
    0, 0, 0, 0, 0, 0, 0, 0,
    0, 0, 11, 11, 11, 11, 11, 0,
    11, 15, 15, 15, 15, 19, 0, 0,
    22, 22, 22, 22, 22, 22, 39, 23,
    23, 23, 23, 23, 0, 0, 0, 0,
    0, 25, 26, 26, 26, 26, 26, 0,
    40, 30, 30, 30, 30, 31, 0, 31,
    11, 23, 0, 0, 0, 0, 0, 0,
    0, 0, 0, 0, 0, 0, 0, 0,
    7, 7, 7, 0, 2, 41, 6, 2,
    2, 2, 6, 0, 0, 42, 6, 6,
    0, 0, 2, 2, 0, 0, 0, 0
};

/*Kern values between classes*/
static const int8_t kern_class_values[] =
{
    0, 0, 0, 0, 0, 0, 0, 0,
    0, 0, 0, 0, 0, -14, 0, 0,
    0, 0, 0, 0, 0, 0, 0, 0,
    0, 0, 0, 0, 0, 0, 0, 0,
    0, 0, 0, 0, 0, 0, 0, 0,
    0, 0, 0, -9, 0, 0, 0, 0,
    0, 0, 0, -28, 0, 0, 0, 0,
    0, 0, 0, 0, 0, 0, 0, -12,
    -14, 0, -5, -21, 0, -22, 0, 0,
    0, 3, 0, 0, 0, 0, 0, 0,
    0, 0, -9, 0, 0, 0, 0, 0,
    0, 0, 0, 0, 0, 0, 0, 0,
    0, 0, 0, 5, 9, 0, 5, 0,
    0, 0, 0, 0, 0, 0, 0, 0,
    0, 0, 0, 0, 0, 0, 0, 0,
    0, 0, 0, 0, 0, 0, 0, -67,
    0, 0, 0, 0, 0, 0, 0, 0,
    0, 0, 0, 0, 0, 0, 0, 0,
    0, 0, 0, 0, 0, 0, 0, 0,
    0, 0, 0, 0, 0, 0, 0, 0,
    0, 0, 0, 0, 0, 0, -67, 0,
    0, 0, 0, 0, 0, 0, 0, -58,
    0, 0, 0, 0, 0, 0, 0, 0,
    0, 0, 0, 0, 0, 0, 0, 0,
    0, 0, 0, 0, 0, 0, 0, 0,
    0, 0, 0, 0, 0, 0, 0, 0,
    0, 0, 0, -28, 0, 0, 0, 0,
    0, 0, -19, 0, -5, 0, 0, -28,
    -4, -18, -9, 0, -35, 0, 0, 0,
    0, 0, -11, -3, 0, 0, -4, -3,
    -12, -8, 0, 3, 0, 0, 0, 0,
    0, 0, -28, 0, 0, 0, 0, 0,
    0, 0, 0, 0, 0, 0, 0, 0,
    0, -6, 0, -6, 0, 0, -13, 0,
    0, 0, 0, 0, 0, 0, 0, 0,
    0, 0, 0, 0, 0, 0, 0, 0,
    0, 0, 0, 0, 0, 0, 0, 0,
    0, -6, 0, 0, 0, 0, 0, 0,
    0, 0, 0, -7, 0, 0, 0, 0,
    0, 0, -3, 0, 0, 0, 0, 0,
    0, 0, 0, 0, 0, 0, 0, 0,
    -4, 0, 0, 0, 0, 0, 0, 0,
    0, 0, 0, 0, 0, -29, 0, 0,
    0, -5, 0, 0, 0, -20, 0, -5,
    0, -5, -10, -5, 0, 0, 0, 0,
    0, 0, 0, 0, 0, 0, 0, 0,
    0, 0, 0, 0, 0, -8, 0, 0,
    0, 0, 0, 0, 0, 0, 0, 0,
    0, 0, 0, 0, 0, 0, 0, 5,
    0, 0, 0, 0, 0, 0, 0, 0,
    -4, -4, 0, -4, 0, 0, 0, -4,
    -6, -5, 0, 0, 0, 0, 0, 0,
    0, 0, 0, 0, 0, 0, 0, 0,
    0, -64, 0, 0, 0, -45, 0, -49,
    0, 5, 0, 0, 0, 0, 0, 0,
    0, -8, -5, 0, 0, -5, -6, 0,
    0, -5, -6, 0, 0, 0, 0, 0,
    0, 0, 0, 0, 0, 0, 0, 0,
    0, 0, 0, 0, 0, 0, 0, 4,
    0, 0, 0, -7, 0, 0, 0, 4,
    -7, 0, 0, 0, 0, 0, 0, 0,
    0, 0, 0, 0, 0, 0, 0, 0,
    0, 0, 0, 0, 0, 0, 0, 0,
    0, 0, 0, 0, 0, 0, 0, 0,
    0, -5, 0, 0, 0, 0, 0, 0,
    0, 0, 0, 0, 0, 0, 0, 0,
    0, 0, 0, 0, 0, 0, 0, 0,
    0, 0, 0, 0, 0, 0, 0, 0,
    0, 0, 0, 0, 0, 0, 0, 0,
    -38, 0, 0, 0, -7, 0, 0, 0,
    0, 0, 0, 0, 0, 0, 0, 0,
    -6, 0, 0, -6, 0, 0, 0, -5,
    -9, -15, 0, 0, 0, 0, 0, 0,
    0, 0, 0, 0, 0, -67, 0, 0,
    0, 0, 0, 0, 0, 4, -15, 0,
    0, -48, -6, -48, -22, 0, -65, 0,
    0, 0, 0, 0, 0, 0, 0, 0,
    0, -3, -29, -12, 0, 0, 0, 0,
    0, 0, 0, 0, -67, 0, 0, 0,
    0, 0, 0, -95, 0, 0, 0, -42,
    0, -43, 0, 0, 0, 0, 0, -12,
    0, -8, 0, -3, -3, 0, 0, -3,
    0, 0, 3, 0, 4, 0, 0, 0,
    0, 0, 0, -70, 0, 0, 0, 0,
    0, 0, 0, 0, 0, 0, 0, 0,
    0, 0, 0, 0, 0, -8, 0, -7,
    -5, 0, -8, 0, 0, 0, 0, 0,
    0, 0, 0, 0, 0, 0, 0, 0,
    0, 0, 0, 0, 0, 0, 0, 0,
    0, 0, 0, 0, 0, 0, 0, 0,
    0, 0, 0, 0, 0, 0, 0, -12,
    0, -4, 0, 0, -11, 0, 0, 0,
    0, 0, 0, 0, 0, 0, 0, 0,
    0, 0, 0, 0, 0, 0, 0, 0,
    0, 0, 0, 0, -14, 0, 0, 0,
    0, -60, -64, 0, 0, -28, -7, -51,
    -4, 4, 0, 4, 4, 0, 4, 0,
    0, -39, -21, 0, -21, -49, -15, -18,
    0, -15, -19, -11, -18, -14, 0, -35,
    -34, -44, -20, -22, 0, 0, 0, 0,
    0, 5, 0, -50, -37, 0, 0, -18,
    -3, 0, 0, 0, 0, 0, 0, 0,
    0, 0, 4, -11, -10, 0, 0, -11,
    -7, 0, 0, -7, -3, 0, 0, 0,
    4, 0, 0, 0, 0, 0, 0, 0,
    0, 0, 0, 4, 0, -34, -14, 0,
    0, -10, 0, 0, 0, 3, 0, 0,
    0, 0, 0, 0, 3, -8, -7, 0,
    0, -7, -5, 0, 0, -4, 0, 0,
    0, 0, 3, 0, 0, 0, 0, 0,
    0, 0, 0, 0, 0, 0, 0, 0,
    -37, 0, 0, 0, -6, 0, 0, 0,
    0, 3, 0, 0, 0, 0, 0, 0,
    -6, 0, 0, -5, 0, 0, 0, -5,
    -7, 0, 0, 0, 0, 0, 0, 0,
    0, 0, 0, 0, 0, 0, -7, 5,
    -11, -54, -36, 0, 0, -35, -7, -22,
    -4, 4, -22, 4, 4, 3, 4, 0,
    4, -15, -15, -5, -9, -15, -9, -14,
    -5, -9, -5, 0, -5, -7, 4, -19,
    -12, -22, -15, -15, 0, -11, 0, 0,
    0, 0, 0, 0, 0, 0, 0, 3,
    -6, 0, 0, 0, 0, 0, 0, 0,
    0, 0, 0, 0, -5, 0, 0, -5,
    0, 0, 0, -4, -6, -6, 0, 0,
    0, 0, 0, 0, 0, 0, 0, 0,
    0, 0, 0, 0, 0, 0, 0, 0,
    0, 0, 0, -4, 0, 0, -4, 0,
    0, 0, 0, 0, 0, 0, 0, 0,
    0, 0, 0, 0, 0, 0, 0, 0,
    0, 0, 0, 0, 0, 0, 0, 0,
    0, 0, 0, -4, 0, 0, 0, 0,
    0, 0, 0, 0, 0, 0, 0, 0,
    0, 0, 0, 0, 0, 0, 0, 0,
    0, 0, 0, 0, 0, 0, 0, 0,
    -4, 0, 0, 0, 0, 0, 0, 0,
    0, 0, -4, 0, 0, -7, 0, 0,
    0, 0, 0, 0, 0, 0, 0, 0,
    0, 0, 0, 0, 0, 0, 0, 0,
    0, 0, 0, 0, 0, 0, 0, 0,
    0, 0, -3, 0, -4, -4, 0, 0,
    0, 0, 0, 0, -7, 0, 0, -3,
    0, 0, 0, 0, 0, 0, 0, 0,
    0, 0, 0, 0, 0, 0, 0, 0,
    0, 0, 0, 0, 0, 0, 0, 0,
    0, 0, 0, 0, 0, 0, 0, 0,
    0, 0, 0, 0, 0, 0, -3, 0,
    0, -3, 0, 0, 0, 0, 0, 0,
    0, 0, 0, 0, 0, 0, 0, 0,
    0, 0, 0, 0, 0, 0, 0, 0,
    0, 0, 0, 0, 0, 0, -3, 0,
    0, 0, 0, 0, 0, 0, 0, 0,
    -15, 0, 0, 4, 0, 5, 0, 0,
    0, 0, 0, 0, 0, 0, 0, 0,
    0, 0, 0, 0, 0, 0, 4, 0,
    -6, 0, 0, 0, 0, 0, 0, 0,
    0, 0, 0, 0, 4, 0, 0, 0,
    0, 0, 4, 0, 0, -19, 0, 0,
    0, 0, 0, 0, 0, 0, 0, 0,
    0, 0, 0, 0, 0, 0, 0, 0,
    0, 0, 0, 0, 0, 0, 0, 0,
    0, 0, 0, 0, 0, 0, 0, 0,
    0, 0, 0, 0, -24, 0, 0, 0,
    0, 0, 0, 0, 0, 0, 0, 0,
    0, 0, 0, 0, 0, 0, 0, 0,
    0, 0, 0, 0, -5, 0, 0, 0,
    0, 0, 0, 0, 0, 0, 0, 0,
    0, 0, 0, 0, 0, 0, 0, 0,
    0, -19, 0, 0, 0, 0, 0, 0,
    0, 0, 0, 0, 0, 0, 0, 0,
    0, 0, 0, 0, 0, 0, 0, 0,
    0, 0, 0, 0, 0, 0, 0, 0,
    0, 0, 0, 0, 0, 0, 0, 0,
    -28, 0, 0, -21, 0, 0, 0, 0,
    0, 0, 0, 0, 0, 0, 0, 0,
    0, 0, 0, 0, 0, 0, 0, 0,
    0, 0, 0, 0, 0, 0, 0, 0,
    -4, 0, -5, -4, 0, 0, 0, 0,
    0, 0, -26, 0, 0, 4, 0, 0,
    0, -41, 0, 0, 0, 0, 0, 0,
    0, 0, 0, 0, 0, 0, 0, 0,
    0, -7, -4, 5, 0, -8, 0, 0,
    12, 0, 4, 4, 0, 0, 0, 0,
    0, 0, 0, 0, 4, 0, 0, 0,
    0, 0, 0, 0, 0, 0, 0, 0,
    0, 0, 0, 0, 0, 0, 0, 0,
    0, 0, 0, 0, 0, 0, 0, -7,
    0, 0, 0, 0, 0, 0, 0, 0,
    0, 0, 0, 0, 0, 0, 6, 0,
    0, 4, 0, 0, 0, -39, 0, 0,
    0, 0, 0, 0, 0, 0, 0, 0,
    0, 0, 0, 0, 0, -4, -3, 3,
    0, -4, 0, 0, 0, 0, 0, 0,
    0, 0, 0, 0, 0, 0, 0, 0,
    4, 0, 0, 0, 0, 0, 0, -29,
    0, 0, 0, 0, 0, 0, 0, 0,
    0, 0, 0, 0, 0, 0, 0, 0,
    0, 0, 0, 0, 0, 0, 0, 0,
    0, 0, 0, 0, 0, 0, 0, 0,
    0, 0, 0, 0, 0, 0, 0, 0,
    0, 0, 0, 0, 0, 0, 0, 0,
    0, 0, 0, 0, 0, 0, 0, 0,
    0, 0, -5, 0, 0, -9, 0, 0,
    0, 0, 0, 0, 0, 0, 0, 0,
    0, 0, 0, 0, 0, 0, 0, 0,
    0, 0, 0, 0, 0, 0, 0, 0,
    0, 0, 0, 0, 0, 0, 0, 0,
    0, 0, 0, 0, -4, 0, 0, -4,
    0, 0, 0, 0, 0, 0, 0, 0,
    0, 0, 0, 0, 0, 0, 0, 0,
    0, 0, 0, 0, 0, 0, 0, 0,
    0, 0, 0, -5, 0, 0, -5, 0,
    0, 0, 0, 0, 0, 0, 0, 0,
    0, 0, 0, 0, 0, 0, 0, 0,
    0, 0, 0, 0, 0, 0, 0, 0,
    0, 0, 0, -9, 0, 0, 0, 0,
    0, 0, 0, -28, 0, 0, 0, 0,
    0, 0, 0, 0, 0, 0, 0, -12,
    -24, 0, -5, -34, 0, -54, 0, 0,
    0, 3, 0, 0, 0, 0, 0, 0,
    0, 0, -9, 0
};


/*Collect the kern class' data in one place*/
static const lv_font_fmt_txt_kern_classes_t kern_classes =
{
    .class_pair_values   = kern_class_values,
    .left_class_mapping  = kern_left_class_mapping,
    .right_class_mapping = kern_right_class_mapping,
    .left_class_cnt      = 42,
    .right_class_cnt     = 42,
};

/*--------------------
 *  ALL CUSTOM DATA
 *--------------------*/

#if LVGL_VERSION_MAJOR == 8
/*Store all the custom data of the font*/
static  lv_font_fmt_txt_glyph_cache_t cache;
#endif

#if LVGL_VERSION_MAJOR >= 8
static const lv_font_fmt_txt_dsc_t font_dsc = {
#else
static lv_font_fmt_txt_dsc_t font_dsc = {
#endif
    .glyph_bitmap = glyph_bitmap,
    .glyph_dsc = glyph_dsc,
    .cmaps = cmaps,
    .kern_dsc = &kern_classes,
    .kern_scale = 16,
    .cmap_num = 3,
    .bpp = 2,
    .kern_classes = 1,
    .bitmap_format = 0,
#if LVGL_VERSION_MAJOR == 8
    .cache = &cache
#endif
};



/*-----------------
 *  PUBLIC FONT
 *----------------*/

/*Initialize a public general font descriptor*/
#if LVGL_VERSION_MAJOR >= 8
const lv_font_t aurora_font_30 = {
#else
lv_font_t aurora_font_30 = {
#endif
    .get_glyph_dsc = lv_font_get_glyph_dsc_fmt_txt,    /*Function pointer to get glyph's data*/
    .get_glyph_bitmap = lv_font_get_bitmap_fmt_txt,    /*Function pointer to get glyph's bitmap*/
    .line_height = 36,          /*The maximum line height required by the font*/
    .base_line = 7,             /*Baseline measured from the bottom of the line*/
#if !(LVGL_VERSION_MAJOR == 6 && LVGL_VERSION_MINOR == 0)
    .subpx = LV_FONT_SUBPX_NONE,
#endif
#if LV_VERSION_CHECK(7, 4, 0) || LVGL_VERSION_MAJOR >= 8
    .underline_position = -2,
    .underline_thickness = 1,
#endif
    .dsc = &font_dsc,          /*The custom font data. Will be accessed by `get_glyph_bitmap/dsc` */
#if LV_VERSION_CHECK(8, 2, 0) || LVGL_VERSION_MAJOR >= 9
    .fallback = NULL,
#endif
    .user_data = NULL,
};



#endif /*#if AURORA_FONT_30*/
